/*
SQLyog Ultimate v11.42 (64 bit)
MySQL - 5.6.21 : Database - kancolle
*********************************************************************
*/

/*!40101 SET NAMES utf8 */;

/*!40101 SET SQL_MODE=''*/;

/*!40014 SET @OLD_UNIQUE_CHECKS=@@UNIQUE_CHECKS, UNIQUE_CHECKS=0 */;
/*!40014 SET @OLD_FOREIGN_KEY_CHECKS=@@FOREIGN_KEY_CHECKS, FOREIGN_KEY_CHECKS=0 */;
/*!40101 SET @OLD_SQL_MODE=@@SQL_MODE, SQL_MODE='NO_AUTO_VALUE_ON_ZERO' */;
/*!40111 SET @OLD_SQL_NOTES=@@SQL_NOTES, SQL_NOTES=0 */;
CREATE DATABASE /*!32312 IF NOT EXISTS*/`kancolle` /*!40100 DEFAULT CHARACTER SET utf8 */;

USE `kancolle`;

/*Table structure for table `t_bgm` */

DROP TABLE IF EXISTS `t_bgm`;

CREATE TABLE `t_bgm` (
  `ID` int(10) unsigned NOT NULL,
  `NAME` varchar(63) NOT NULL,
  PRIMARY KEY (`ID`)
) ENGINE=InnoDB DEFAULT CHARSET=utf8;

/*Data for the table `t_bgm` */

insert  into `t_bgm`(`ID`,`NAME`) values (101,'母港'),(105,'秋の鎮守府'),(106,'武蔵の帰投'),(107,'冬の抜錨'),(108,'迎春の鎮守府'),(109,'第五戦隊の出撃'),(110,'節分の鎮守府'),(111,'艦娘のお菓子作り'),(112,'桃の節句と艦娘'),(205,'秋月の空'),(206,'明石の工廠'),(207,'冬の抜錨'),(208,'海上護衛戦'),(209,'索敵機、発艦始め！'),(210,'連合艦隊の出撃'),(211,'冬の艦隊'),(212,'迎春の鎮守府'),(213,'士魂の護り'),(214,'特型駆逐艦'),(215,'艦娘のお菓子作り'),(216,'桃の節句と艦娘'),(217,'武蔵の帰投');

/*Table structure for table `t_exp_member` */

DROP TABLE IF EXISTS `t_exp_member`;

CREATE TABLE `t_exp_member` (
  `LEVEL` int(10) unsigned NOT NULL,
  `EXP` bigint(20) unsigned NOT NULL,
  PRIMARY KEY (`LEVEL`,`EXP`)
) ENGINE=InnoDB DEFAULT CHARSET=utf8;

/*Data for the table `t_exp_member` */

insert  into `t_exp_member`(`LEVEL`,`EXP`) values (1,0),(2,100),(3,300),(4,600),(5,1000);

/*Table structure for table `t_exp_mission` */

DROP TABLE IF EXISTS `t_exp_mission`;

CREATE TABLE `t_exp_mission` (
  `ID` int(10) unsigned NOT NULL,
  `EXP` bigint(20) unsigned NOT NULL,
  `SHIP_EXP` bigint(20) unsigned NOT NULL,
  PRIMARY KEY (`ID`),
  CONSTRAINT `t_exp_mission_ibfk_1` FOREIGN KEY (`ID`) REFERENCES `t_mission` (`ID`) ON DELETE CASCADE ON UPDATE CASCADE
) ENGINE=InnoDB DEFAULT CHARSET=utf8;

/*Data for the table `t_exp_mission` */

insert  into `t_exp_mission`(`ID`,`EXP`,`SHIP_EXP`) values (1,10,10),(2,20,15),(3,30,30),(4,30,40),(5,40,40),(6,30,50),(7,60,120),(8,120,140),(9,60,60),(10,40,50),(11,40,40),(12,60,50),(13,70,60),(14,90,100),(15,100,160),(16,120,200),(17,30,40),(18,60,60),(19,60,70),(20,40,50),(21,45,55),(22,45,400),(23,70,420),(25,80,180),(26,150,200),(27,80,60),(28,100,140),(29,100,100),(30,100,150),(31,50,50),(32,300,0),(33,0,0),(34,0,0),(35,100,100),(36,100,100),(37,50,65),(38,50,70),(39,130,160);

/*Table structure for table `t_exp_ship` */

DROP TABLE IF EXISTS `t_exp_ship`;

CREATE TABLE `t_exp_ship` (
  `LEVEL` int(10) unsigned NOT NULL,
  `EXP` bigint(20) unsigned NOT NULL,
  PRIMARY KEY (`LEVEL`,`EXP`)
) ENGINE=InnoDB DEFAULT CHARSET=utf8;

/*Data for the table `t_exp_ship` */

/*Table structure for table `t_furniture` */

DROP TABLE IF EXISTS `t_furniture`;

CREATE TABLE `t_furniture` (
  `ID` int(10) unsigned NOT NULL,
  `TYPE` smallint(3) unsigned NOT NULL,
  `NO` smallint(3) unsigned NOT NULL,
  `TITLE` varchar(63) NOT NULL,
  `DESCRIPTION` varchar(255) NOT NULL,
  `RARITY` tinyint(3) unsigned NOT NULL,
  `PRICE` int(5) unsigned NOT NULL,
  `SALEFLG` tinyint(3) unsigned NOT NULL,
  `SEASON` tinyint(3) unsigned NOT NULL,
  PRIMARY KEY (`ID`)
) ENGINE=InnoDB DEFAULT CHARSET=utf8;

/*Data for the table `t_furniture` */

insert  into `t_furniture`(`ID`,`TYPE`,`NO`,`TITLE`,`DESCRIPTION`,`RARITY`,`PRICE`,`SALEFLG`,`SEASON`) values (1,0,0,'鎮守府の床','鎮守府の艦隊司令官室。その通常仕様の床板です。',0,0,0,0),(2,0,1,'ナチュラルな床','天然木を使用した明るい木目が特徴の床です。',1,50,0,0),(3,0,2,'桜舞う春のフローリング','高級仕上げの床に舞う桜の<br>花びら。春の季節ならでは<br>のフローリングです。艦娘<br>たちとの鎮守府庭でのお花<br>見も楽しいですね！',3,1700,1,0),(4,0,3,'新緑のフローリング','しっかりとした木板で構成<br>された、木と新緑の香り漂<br>うフローリングです。作戦<br>室にはもちろん、教室の床<br>材としても最適ですね！',3,1300,0,0),(5,0,4,'高級フローリング','高級なマホガニー仕様の重厚なフローリング。地味にセンスの光る提督の執務室にぴったり！',1,100,0,0),(6,0,5,'砂浜の床','匠の職人の技によって完成<br>した海岸の砂浜を鎮守府内<br>にダイナミックに再現した<br>砂浜の床。艦娘たちも時々<br>砂遊びに来るみたいです！',4,2000,0,0),(7,0,6,'ブルーカーペット','出撃して高揚した気分も落ち着く、青色のカーペット。艦娘たちもお気に入りです。',1,150,1,0),(8,0,7,'明るいウッドタイルの床','高級素材を惜しげもなく使用した贅沢なタイルの床。',0,0,0,0),(9,0,8,'白い石板タイル','足元から明るい気分になれる白いタイル。洗練されたデザインは、モダンなインテリアにもよく合います！',1,150,1,0),(10,0,9,'暗めのウッドタイルの床','ダークブラウンで格調高い印象の高級な床。',0,0,0,0),(11,0,10,'黒いタイルの床','シャープで重厚な印象の黒いタイルの床。',0,0,0,0),(12,0,11,'小花柄カーペット','まるで草原にいるような心和む緑のカーペット。床とのコーディネートは、優しい気持ちにさせてくれます。',2,200,0,0),(13,0,12,'青の小花柄のカーペット','白い床に青が爽やかな清潔感のある床。',0,0,0,0),(14,0,13,'桜の床','春、桜の季節。そんな桜の<br>季節を満開で味わうための<br>床です。匠の技と心意気を<br>感じる逸品です。鎮守府内<br>でのお花見もいいですね！',5,20000,1,0),(15,0,14,'紫の小花柄のカーペット','紫でシックながらも小花柄で可愛らしいカーペット。<br>和風にまとめても奥ゆかしい印象に。',0,0,0,0),(16,0,15,'モダンな床','ブロックチェックがモダンで都会的な高級感を演出。',0,0,0,0),(17,0,16,'ピンクの床','ガーリーなピンクに仕上げられた床。どこかのお店のような不思議な雰囲気を醸し出します。',1,1200,0,0),(18,0,17,'エスニックなマット','マットの柄やクッションの刺繍がエスニックで凝ったデザイン。',0,0,0,0),(19,0,18,'フェミニンなマット','装飾的なアイテムは落ち着いたピンク系統でまとめると落ち着いたフェミニンな印象に。',0,0,0,0),(20,0,19,'西欧風カーペット','大胆な柄が部屋の印象を明るく演出してくれます。お馬さんのぬいぐるみもポイント高し。',3,300,0,0),(21,0,20,'真っ赤な高級絨毯','高級な素材で仕上げられた真っ赤な絨毯。何かが三倍早くなるような気もしますが、それは気のせいです！紅茶セットも素敵デース！',2,800,1,0),(22,0,21,'真っ白なフワフワ絨毯','寝そべったら気持ちよさそ<br>う！真っ白でフワフワ仕上<br>げの高級絨毯。駆逐艦娘も<br>大喜びの逸品です。紅茶と<br>かこぼしたらダメ絶対！',3,1500,1,0),(23,0,22,'雪原の床','匠の職人の技によって完成<br>した冬の雪原を鎮守府内に<br>ダイナミックに再現した雪<br>原の床。家具職人の未知の<br>技術を結集した逸品です。',5,3300,0,0),(24,0,23,'春色の床','春色満開の床です。比較的<br>リーズナブルな価格で春色<br>気分を目一杯執務室の中に<br>導入できます。ぜひ、春の<br>鎮守府模様替えにどうぞ！',4,1500,1,0),(25,0,24,'青畳','やはり和の床は畳！そんな<br>畳派を自認する提督に贈る<br>真新しい天然い草を使った<br>青畳です。基本にして最高<br>の執務室を新しい畳で！',3,500,1,0),(26,0,25,'真っ赤な床','情熱の赤い床。',0,0,0,0),(27,0,26,'朱色の床','活動的な印象の朱色の床。',0,0,0,0),(28,0,27,'真っ青な床','シャープでスマートな青い床。',0,0,0,0),(29,0,28,'緑の床','カジュアルにも渋くも部屋を演出できる濃い緑の床。',0,0,0,0),(30,0,29,'黄緑の床','草原を思わせるような明るい黄緑の床。',0,0,0,0),(31,0,30,'飛行甲板','鎮守府で執務しながら艦載<br>機の発着艦訓練も可能かも<br>しれない特注の飛行甲板型<br>の床。エレベーターが一体<br>どこに行くのか謎です。',4,9300,1,0),(32,0,31,'合宿セット・布団','こっそり夜まで布団の上でお菓子の交換こ！<br>食べたい…けどねむい…だべたい…ねむ…zzz',0,0,0,0),(33,0,32,'コンクリート床','都会派の貴方はこれでキマリ！洗練されたアーバンな執務室を演出するコンクリート製の床！',2,200,1,0),(34,0,33,'ラクガキ床','何度描いても水で簡単にふき取りが可能な楽しい床。戦略を立てるのにも有効です。',4,400,0,0),(35,0,34,'戦艦タイルの床','天然木と白タイルを組み合わせて戦艦級の艦艇柄をあしらった斬新な床です。自負に溢れた執務室です。',4,450,0,0),(36,0,35,'鮮やかな畳','い草の爽やかな香りが漂う畳。<br>鮮やかな緑が若々しく健やかな印象。',0,0,0,0),(37,0,36,'い草の畳','熟練の職人が仕上げた逸品。心も安らぐい草の香りが爽やか。懐かしい、そして最高級の畳の床です。',5,700,0,0),(38,1,0,'普通の壁紙','前任の提督が使っていたままの壁紙です。若干汚れていますし、なんとなく新調したい気もちょっぴりしますね。',0,0,0,0),(39,1,1,'低予算な壁紙','一番安い壁紙です。いいのです。執務室で戦闘するわけではないですし！',1,50,0,0),(40,1,2,'和のシンプル壁紙','和の家具と調和する落ち着<br>いた雰囲気の壁紙が欲しい<br>…という提督達のニーズに<br>よって誕生したシンプルな<br>和壁紙です。',2,300,0,0),(41,1,3,'緑の壁紙','モスグリーンの落ち着いた地色に花柄パターンのシックでお洒落な壁。ちょっと格調高いですね！',2,250,0,0),(42,1,4,'春仕様の壁紙','春の雰囲気にマッチした明<br>るい色調で仕上げられた和<br>の壁紙。シンプルなデザイ<br>ンの中に、どんな家具とも<br>馴染む奥深い趣き。',2,1000,1,0),(43,1,5,'昭和レトロな壁紙','あずき色×若草色で昭和レトロな趣ある壁紙。',0,0,0,0),(44,1,6,'チョコレートの壁紙','チョコレートをモチーフに<br>鎮守府の艦娘たちがデザイ<br>ンした壁紙です。鎮守府内<br>にチョコレートの甘い香り<br>が漂いますネ！',2,550,0,0),(45,1,7,'ポップな壁紙','カジュアルな若い感性の壁紙。鮮やかな色彩のストライプには提督は渋い顔ですが、気にしません！',1,100,0,0),(46,1,8,'お菓子作りの壁紙','お菓子作りにぴったりの壁<br>紙を！そんな艦娘の声から<br>生まれた、ポップで優しい<br>雰囲気のガーリーな壁紙。<br>お菓子作りも捗ります！',2,700,0,15),(47,1,9,'高級和風壁紙','もっと落ち着いた和の心の<br>壁紙が欲しい…という提督<br>の要請から生まれた、高級<br>和風壁紙。違いのわかる、<br>大人の提督に人気です。',2,700,1,0),(48,1,10,'家具職人の壁紙','特注家具職人がそのもてる<br>技術とセンスを総動員して<br>作り上げた、艦娘のための<br>新作壁紙。職人は満足気な<br>表情で帰って行きました…',3,2000,1,0),(49,1,11,'秋仕様の壁紙','秋の鎮守府のために用意さ<br>れた壁紙。和のテイストで<br>落ち着いた雰囲気を醸し出<br>しています。少し大人の艦<br>娘にも好評です。',2,1000,0,0),(50,1,12,'シンプルモダン壁紙','低い位置に装飾のラインが一本だけ入った気品のある壁紙。どんな家具にもマッチします。',2,200,0,0),(51,1,13,'軍艦色の壁','執務室で仕事中も艦隊勤務<br>中と同じ雰囲気に包まれる<br>軍艦色で塗装された壁面。<br>シックかつ重厚な趣きの提<br>督執務室を構成します。',2,900,1,0),(52,1,14,'白い冬の壁紙','冬の季節を迎えた提督と艦<br>娘達に贈る白を基調とした<br>壁面。ツリーを飾るもよし<br>檜の温泉を配置するもよし<br>提督のセンスが光ります。',3,1200,0,0),(53,1,15,'青い壁紙','寒色系でまとめた清楚かつ清潔なイメージの壁紙。知的な艦娘たちに好評です！',2,200,0,0),(54,1,16,'高級赤煉瓦の壁','職人が丹精込めてしっかり<br>焼き上げた赤煉瓦を用いて<br>イギリス積みで組み上げた<br>様式美漂う鎮守府の壁。違<br>いの判る提督に人気です。',4,3000,1,0),(55,1,17,'チェック＆リーフ壁紙','春のうららかな陽気にぴったりの桃色ベースの壁紙です。',3,300,0,0),(56,1,18,'木板の壁','壁紙ではなく、壁材自身を<br>木材に換装した逸品。自然<br>の素材ならではの落ち着い<br>た雰囲気が、鎮守府を優し<br>く包み込みます。',2,1000,1,0),(57,1,19,'高級木材の壁','素材の木材自身の醸し出す<br>美しさと落ち着いた雰囲気<br>が味わえる高級木材の壁。<br>職人が山に登って厳選した<br>素材の良さが伝わります。',3,2200,0,0),(58,1,20,'折鶴の壁紙','秋の気配を感じる今日この<br>頃にぴったりの落ち着いた<br>和の雰囲気の壁紙です。畳<br>などの和の家具とも自然と<br>馴染む穏やかな仕上がり。',3,1500,0,0),(59,1,21,'緑の和壁紙','シンプルでありながら繊細<br>な仕事によって完成された<br>和の究極の壁紙のひとつ、<br>それがこの「緑の和壁紙」<br>壁紙ってわびさびよね…。',4,1900,0,0),(60,1,22,'新緑の壁紙','皐月五月、新緑の季節を表<br>現した爽やかな壁紙です。<br>緑は目に優しく、また心を<br>落ち着かせる効果もあると<br>大淀さんも云ってました！',2,900,0,0),(61,1,23,'ピンクドット壁紙','ピンクの大きなドットがポップな雰囲気を醸し出す壁紙。前衛的なキュートさは、一部の艦娘に大好評！',4,400,0,0),(62,1,24,'ブルードットな壁紙','大きなドットが子供らしいポップな壁紙。<br>淡いブルーで純粋な印象に！',0,0,0,0),(63,1,25,'冬のモダンアート壁紙','和のモダンアート壁紙の冬<br>バージョンです。冬の寒い<br>情景を演出した配色と一筋<br>の暖色がポイントな大人の<br>壁紙です。',3,750,0,0),(64,1,26,'和モダンアート壁紙','一面のブラックに赤のさし色。センスの効いた壁紙です。艦娘が選ぶ壁紙大賞の銀賞を受賞した逸品。',5,750,0,0),(65,1,27,'桃の節句の壁紙','桃の節句は女の子の季節。<br>そんな早春に相応しい甘い<br>雰囲気の壁紙です。雛祭り<br>にも優しくフィット。桃香<br>の漂う提督室作りに！',2,330,0,16),(66,1,28,'穏やかな壁紙','落ち着いた色合いが和室にぴったり！',0,0,0,0),(67,1,29,'新春の壁紙','新春の新たな鎮守府の装い<br>のために新調された壁紙。<br>控えめなデザインの中に、<br>新年を切り拓く艦娘たちの<br>闘志が込められています。',3,1800,0,0),(68,1,30,'コンクリート壁','打ちっぱなしの冷たいコンクリート壁面がクール。知的でセンスのある近代的な艦隊司令部を演出します。',2,200,1,0),(69,1,31,'ピンクコンクリ壁','一部の艦娘に絶賛されているピンクのコンクリート壁。打ちっぱなし壁面なのにキュートな独特な雰囲気。',2,250,0,0),(70,1,32,'龍の壁紙','家具箱の一斉開封機能実装<br>を記念して用意された家具<br>コイン長者に贈る逸品。龍<br>をモチーフにしたデザイン<br>の最高級和風壁紙です。',4,50000,0,0),(71,1,33,'紅葉の壁紙','壁一面に紅葉した紅葉をあ<br>しらった手間暇のかかった<br>家具コイン長者提督に贈る<br>逸品。秋の夜長の艦隊指揮<br>にぴったりの最高級壁紙。',5,20000,0,0),(72,2,0,'赤カーテンの窓','鎮守府に備え付けの基本的なデザインの赤いカーテンと窓。母港の様子が一望できます。',0,0,0,0),(73,2,1,'緑カーテンの窓','知的な貴方にぴったりのグリーンのカーテン。落ち着いて戦略を練る提督にぴったりです。',1,50,1,0),(74,2,2,'青カーテンの窓','爽やかな雰囲気になれるブルーのカーテン。生地も少し高級な素材を使っています。',1,100,0,0),(75,2,3,'鎮守府新年飾り','鎮守府や泊地の新年を祝う<br>ための新年飾り。門松はも<br>ちろん、新春を艦娘たちと<br>楽しく迎えるための大切な<br>家具です。よいお年を！',3,2000,0,0),(76,2,4,'破魔矢の窓','ある航空母艦娘が用意して<br>くれた破魔矢を配した特注<br>仕様の窓です。職人のこだ<br>わりが随所に感じられる特<br>注高級家具です。',4,2200,0,0),(77,2,5,'ちょっとゴージャスな窓','重厚感と高級感を感じさせる、シックなカーテンと窓。黒色系で統一された風格のある執務室を演出します。',2,200,0,0),(78,2,6,'晩秋の高級和窓','円形窓のデザインが美しい<br>落ち着いた雰囲気をもった<br>高級和窓。晩秋の鎮守府に<br>あうこの和窓、今だけ特注<br>家具職人なしで設置可能！',4,1980,0,0),(79,2,7,'青い上品な大窓','高級感溢れるビロードのカーテンが嬉しい、落ち着いた佇まいの大窓。',3,350,0,0),(80,2,8,'広く開いた大窓','母港のドックを見渡せるよ<br>うに大きく窓が開いた窓。<br>開放的な気分で、艦娘との<br>作戦会議も捗ります！',4,20000,1,0),(81,2,9,'白いカーテンの小窓','少し小ぶりの窓枠の両脇に<br>白いカーテンを備えた可愛<br>い小窓です。ガーリーな雰<br>囲気は優しい提督の艦娘に<br>ぴったりです！',3,330,1,0),(82,2,10,'桃の節句の窓','桃の節句の季節を艦娘たち<br>と愉しむための特注品の窓<br>です。家具職人の熱い家具<br>魂とこの季節を彩る小物や<br>味覚が配置されています。',4,3300,1,16),(83,2,11,'爽やかな窓','ミントグリーンのカーテンと窓際に置かれたグリーンが爽やかな気持ちにしてくれる小窓。',3,300,0,0),(84,2,12,'てるてる坊主の窓','艦娘お手製のてるてる坊主が吊るされた窓。梅雨の雨もこれがあれば安心です！中に何かが入っている気もしますが気にしませんっ！',3,2000,0,0),(85,2,13,'紫陽花の窓','梅雨明けの窓に咲く紫陽花<br>の花。なにやら毒が作れる<br>って話もあるんですって。<br>龍田さんが云ってました！<br>夏気分先取りの風鈴付き！<br>',3,1800,0,0),(86,2,14,'お花見窓','いよいよ桜の季節となりま<br>した！家具職人を呼んで、<br>鎮守府の窓を大きく改造…<br>眼下の桜を肴に艦娘たちと<br>お昼からお花見宴会です！',4,3000,1,0),(87,2,15,'鉄格子の窓','間諜や暴漢から執務室を守るための堅牢な鉄格子の窓。これで、防犯体制もばっちりです！',5,2500,1,0),(88,2,16,'お月見窓','艦娘たちと一緒に鎮守府か<br>ら見る秋のお月様もいいも<br>のです。お団子とススキも<br>ご用意です…某正規空母の<br>つまみ食い注意して！',2,1200,0,0),(89,2,17,'防空加工窓','いつ敵の空襲を受けてもいいように艦娘たちにガラスをテーピングしてもらいました。これで安心なのです！',4,2000,1,0),(90,2,18,'障子デラックス','究極にして最高の窓、それが障子。和のココロともいうべきデザイン。提督の熱いご要望でデラックス化！',5,3000,0,0),(91,2,19,'シンプルフレーム','シンプルなフレームの窓。機能美を追究したシンプルさが、質実剛健さを求める提督にぴったりです。',1,100,0,0),(92,2,20,'シンプルフレーム2型','機能美を追究したシンプルさが、質実剛健さを求める提督にぴったり。シンプルな白タイプ！',1,200,0,0),(93,2,21,'豪華なお月見窓','艦娘と見る中秋の名月もお<br>つなもの。どうせなら豪華<br>なお月見専用窓を執務室に<br>設営してしまいます？家具<br>職人も呼んでおきました！',4,2200,0,0),(94,2,22,'シンプルなすだれ窓','なにやら少し現代的な機能<br>を持った簾付のシンプルな<br>窓です。これなら午後の日<br>差しが差し込んできても落<br>ち着いて執務できますね。',2,350,0,0),(95,2,23,'すだれ窓','現代的な機能を持った簾のついた窓。まぶしい光が差し込んできても、スムーズに執務できちゃいますね！',2,250,0,0),(96,2,24,'昔ながらのすりガラス','すりガラスを入れた窓です。素敵にデザインされた紅葉柄が艦隊司令部に不思議な雰囲気を演出します。',4,400,1,0),(97,2,25,'艦娘による冬の窓','鎮守府のシンプルな窓枠を<br>艦娘たちが思い思いにデコ<br>レーション…手作りで飾っ<br>てくれました。冬の提督に<br>贈るハートフルな窓です。',3,1300,0,0),(98,2,26,'冬のステンドグラス','特注家具職人の手による冬<br>と雪をイメージした高級な<br>ステンドグラス。可愛らし<br>くそれでいてシックな仕上<br>りは艦娘に大人気です！',4,2220,0,0),(99,2,27,'おしゃれな格子窓','どこか懐かしくて新しいデザインのガラス格子窓です。ファンの多い優れたデザイナーによる逸品です。',5,550,0,0),(100,2,28,'障子','究極にして最高の窓、それが障子。和のココロの昇華ともいうべきシンプルにして最高のデザイン。',5,800,0,0),(101,2,29,'春の高級窓','わびさびのわかる、大人の<br>提督のための春の高級仕様<br>です。歴戦の提督が入手可<br>能なこの窓。桜を眺めると<br>少し泣けてきますね。',5,40000,1,0),(102,3,0,'なし','壁に何か飾れそうですね！',0,0,0,0),(103,3,1,'壁掛け古時計','大きなのっぽではない古時計です。優しく時を刻む音が、作戦立案で疲れた提督を癒します。',2,150,0,0),(104,3,2,'お詫び掛け軸','何者かの手による「お詫び。」と書かれた掛け軸。飾ることによって、うずしおを回避するような機能はない…気持ちの逸品。',4,0,0,0),(105,3,3,'ステンドグラス','海と艦艇をモチーフにしたデザインは、1クラス上の上質な時間を演出します。',4,500,1,0),(106,3,4,'鹿のオブジェ','リッチなロッジのような世界観を醸し出す鹿の壁掛け。だけど、剥製ではなくて、ぬいぐるみ。',2,300,0,0),(107,3,5,'「海上護衛」掛け軸','「海上護衛」の重要性を艦娘たちに訴えかけるような魂の掛け軸。大井提督の筆によるものとも軽巡や駆逐艦娘作など諸説あります。',3,2000,1,0),(108,3,6,'花の絵画','なくとなく壁がさみしい…そんな提督のココロを癒す、花の絵画。司令官室を華やかに演出。',1,100,0,0),(109,3,7,'「20万の感謝」掛け軸','提督20万人突破を記念して<br>ある軽巡が書いた掛け軸。<br>全ての提督達に沢山の感謝<br>だクマー！多摩だニャー！<br>キ、キソだキソ―！',2,0,0,0),(110,3,8,'「100万の感謝」掛け軸','ある超弩級戦艦娘が書いた<br>提督数１００万人突破記念<br>感謝の掛け軸。同戦艦娘は<br>「就役する妹も、よろしく<br>お願いしますね」と語る。',4,0,0,0),(111,3,9,'紳士な帽子掛け','優れた海の戦士は優しい紳士たれ。シルクハットと懐中時計がとっても紳士的な帽子掛け。',2,200,0,0),(112,3,10,'「夜戦」掛け軸','「夜戦」に飽くなき執念と見敵必殺の想いを込めた艦娘自身の手による一筆です。',4,2000,0,0),(113,3,11,'「50万の感謝」掛け軸','提督50万人突破を記念して<br>ある戦艦が書いた掛け軸。<br>べ、別に何か焦っていると<br>かではないぞ。純粋に感謝<br>の気持ちだ、胸が熱いな！',4,0,0,0),(114,3,12,'「謹賀新年」掛け軸','あけましておめでとうござ<br>います！本年もどうぞよろ<br>しくお願い致します。新年<br>も提督と艦娘たちが幸せで<br>ありますように！',4,3000,0,0),(115,3,13,'「80万の感謝」掛け軸','提督数80万人を突破したっ<br>ぽい？ということで、ある<br>駆逐艦が準備した掛け軸。<br>ハンモック意匠を凝らした<br>キュートなデザイン。',4,0,0,0),(116,3,14,'古い世界地図','とても古い世界地図。よく見ると謎の印が！お宝のありかかもしれません…平和な海がきたら探索ですね！',1,50,0,0),(117,3,15,'「なのです」掛け軸','提督への想いのつまった逸品です。どの艦娘の作品かはわかり…あ…裏に名前が書いてありました。',4,2400,1,0),(118,3,16,'「第六駆逐隊」掛け軸','歴戦の水雷戦隊である第六<br>駆逐隊。その栄光と武運長<br>久を祈って、ある暁型駆逐<br>艦の手によって書かれた掛<br>け軸です。',4,3000,0,0),(119,3,17,'フレーム付地図','地図をもっと大切に保管したいコレクター癖のあるあなたはこっち！',0,0,0,0),(120,3,18,'小さな観葉植物','小さくても緑の観葉植物が、戦いで疲れたココロを癒してくれます。',1,100,0,0),(121,3,19,'シンプルな観葉植物','演習で疲れた心を癒す観葉植物。<br>爽やかなホワイト。',0,0,0,0),(122,3,20,'「舞鶴鎮守府」掛け軸','日本海側唯一の鎮守府にし<br>て、数々の苦難を乗り越え<br>る漢たちの港、舞鶴。その<br>気概と肉じゃががアレンジ<br>された魂の掛け軸です。',2,0,0,0),(123,3,21,'アレンジメント','喜び、明るさ、明朗、愉快を表現するフラワーアレンジメント。司令官室を華やかに快活に演出します！',2,150,1,0),(124,3,22,'壁掛け図上演習セット','提督と秘書艦たちが戦略や<br>作戦を練るための図上演習<br>セットです。戦力駒に磁石<br>がついた、まさかの壁掛け<br>タイプで省スペースです！',4,3000,1,0),(125,3,23,'「150万の感謝」掛け軸','ある正規空母艦娘が新春<br>に書いた、提督数１５０万<br>人突破を記念した掛け軸。<br>なぜ掛け軸に妹の名を書く<br>必要があるのかは謎です。',4,0,0,0),(126,3,24,'「180万の感謝」掛け軸','二水戦の旗艦を務めた艦娘<br>の手による提督数１８０万<br>人突破を記念した掛け軸。<br>「次発装填済みです…」と<br>呟きながらの達筆です。',4,0,0,0),(127,3,25,'「一周年記念」掛け軸','提督のおかげで迎えること<br>ができた「祝一周年」を記<br>念して制作された掛け軸。<br>二年目も、どうぞよろしく<br>お願い致します！',4,0,0,0),(128,3,26,'怪獣映画ポスター','ちび大怪獣の襲来！迎え撃つ艦娘の勇姿！大ヒットした総天然色映画のポスターです。',0,0,0,0),(129,3,27,'富士山の壁画','なんとなくコーヒー牛乳が飲みたくなる…そんな風情たっぷりの富士山をあしらった壁画。',5,3000,0,0),(130,3,28,'戦艦映画ポスター','遠い国での戦艦の反乱を描いた古いサイレント映画のポスターです。とってもレアなポスターなんです！',4,400,0,0),(131,3,29,'女の子のポスター','リボンがチャームポイントの女の子とウサギのガーリーなポスター。',0,0,0,0),(132,3,30,'試作艦戦ポスター','空技廠から独自のルートで手に入れた新型艦上戦闘機の試作機ポスター。空母な艦娘垂涎の逸品です。',5,1000,1,0),(133,4,0,'なし','素敵にインテリアを置きたいですね！',0,0,0,0),(134,4,1,'昔ながらの箪笥','昔ながらの雰囲気の箪笥。<br>どんなお部屋にも馴染みます。',0,0,0,0),(135,4,2,'サイドボード','各提督御用達の落ち着いた高品質でシックなサイドボードはいかが？鎮守府の雰囲気にもぴったりです。',2,200,1,0),(136,4,3,'「霧」の桐箪笥','霧の艦艇が艦隊を去る時に<br>ナノマテリアルで作ってく<br>れた、置き土産の霧箪笥。<br>箪笥の上には、あの艦の精<br>密模型が飾られています。',5,0,0,0),(137,4,4,'節分「豆まき」セット','「鬼は外、福は内！」艦娘<br>たちと節分の豆まきを行う<br>ための準備一式です。歳の<br>分だけ豆を食べると厄除け<br>にもなるみたいです！',3,1300,0,12),(138,4,5,'暖炉','提督の執務室には暖炉が似合う！上には自慢の品を色々と飾っちゃいましょう！火事には注意してね。',2,250,0,0),(139,4,6,'チョコケーキと紅茶セット','艦娘たちが提督のために心<br>を込めて用意したバレンタ<br>インデーの贈り物。香り高<br>い紅茶と甘いチョコレート<br>ケーキを召し上がれ！',4,0,0,15),(140,4,7,'「長門」「陸奥」の雛人形','鎮守府の雛祭りをお祝する<br>古から伝わる家具。長門型<br>戦艦をイメージしたお内裏<br>様とお雛様が箪笥の上に鎮<br>座した可愛い雛人形です。',4,20000,0,16),(141,4,8,'エレガントボード','インテリジェンスを感じさせるエレガントなサイドボード。選ぶ人のセンスが光る逸品です。',3,300,0,0),(142,4,9,'鎮守府のツリー','各鎮守府や拠点に贈られた<br>白いツリー。少しずつ飾り<br>も充実させていきたいです<br>ね…。作戦行動中の全提督<br>の皆さんにお贈りします。',2,0,0,0),(143,4,10,'メルヘンシェルフ','淡いピンクなデザインの食器棚にぬいぐるみ達がとってもメルヘンな雰囲気を醸し出すインテリア家具。',4,450,1,0),(144,4,11,'やかんストーブ','冬を迎える各鎮守府に必要<br>なもの…それは充実の煖房<br>器具。その原点にして頂点<br>ともいえるこのストーブ。<br>やかんもセットでどうぞ！',3,2000,0,0),(145,4,12,'クラシックシェルフ','クラシックでシンプルな食器棚。やはり艦隊の指揮に紅茶セットは必須アイテムでしょ？',3,300,0,0),(146,4,13,'重巡模型と桐箪笥','高雄型重巡の模型が飾られ<br>た高級桐箪笥。家具コイン<br>長者に贈られるこの逸品…<br>「豪華」といって差し上げ<br>ますわ！',5,47000,0,0),(147,4,14,'「赤城」模型と桐箪笥','提督20万人突破と、家具箱<br>の一斉開封機能実装を記念<br>して用意された、最高級の<br>桐箪笥。某正規空母の精密<br>模型が鎮座してます。',5,7000,0,0),(148,4,15,'「長門」模型と桐箪笥','家具箱の一斉開封機能実装<br>を記念して用意された家具<br>コイン長者に贈る逸品。精<br>密模型は長門型。必要家具<br>コインの数もビッグ７級！',5,70000,0,0),(149,4,16,'折り畳み机','所属する艦娘の大雑把な性格が見事に表現された折り畳み机！とりあえずここにかけとこっと！',1,150,1,0),(150,4,17,'ハンガーラック','ちょっと大きめのハンガーラック。<br>どんな服をかけようかな？',0,0,0,0),(151,4,18,'ハンガーラック','何となく視線を感じる素敵なハンガーラック。ちょっと大きめで色々かけられそう！',1,100,0,0),(152,4,19,'ドレッサー','艦娘が出撃前に殺到する鏡台。身だしなみは大事です！なぜ提督の部屋にあるのか、ちょっと謎です。',5,600,0,0),(153,4,20,'照れ屋なお面','頬の紅潮が可愛いかもしれないおかめのお面。',0,0,0,0),(154,4,21,'Ｚ旗の暖炉','冬を迎える提督の執務室の<br>必需品といえる煖房器具。<br>その中でも最高級クラスに<br>位置するのが、この暖炉。<br>最高の温もりを貴方に。',5,22000,0,0),(155,4,22,'緑のプランター','お部屋も気持ちも爽やかにしてくれるグリーンのプランター。ぜひ、ときどき配置もしてみて気分転換を！',1,50,0,0),(156,4,23,'模様替えお掃除セット','春は異動や引っ越しの季節<br>です。我が鎮守府でも艦娘<br>に手伝ってもらって部屋の<br>お掃除や模様替えをしまし<br>ょう！',2,700,0,0),(157,4,24,'しょうぶ和箪笥','しょうぶの花がアレンジさ<br>れた和風家具。しょうぶの<br>葉を入れたお風呂、しょう<br>ぶ湯も健康によさそう！美<br>と武を祈る季節家具です。',3,1700,0,0),(158,4,25,'診療台セット','前線で戦う艦娘をベストな医療環境でバックアップ。一部の提督の熱い要望により実現した診療台セット。医療？診察？',4,4500,1,0),(159,4,26,'教室セット「机」','鎮守府で戦術や航海の講義<br>をする際に用いる教室セッ<br>ト。その後ろ側の学生机。<br>後ろ側なので、教科書を立<br>てて授業中の内職もОＫ！',4,30000,1,0),(160,4,27,'「武蔵」模型と桐箪笥','超弩級の家具コイン長者に<br>贈る最高級桐箪笥。上部に<br>は大和型二番艦「武蔵」の<br>精密模型が鎮座する、文字<br>通り最大最強の箪笥家具。',5,88000,1,13),(161,4,28,'泣き虫だるま','ちょっと臆病なだるまくん。<br>でも負けない！くじけない！七転八起！',0,0,0,0),(162,4,29,'だるま','必勝祈願に「だるま」はいかがですか？両方入った黒目で艦隊の武運長久をお祈りします！',2,200,0,0),(163,4,30,'新生だるま','突然変異で誕生しただるま。<br>神秘的な表情が神々しい気がしますが特にご利益はないようです。',0,0,0,0),(164,5,0,'ただの段ボール','引っ越ししたてのなかなか片付かない段ボール。<br>はやく捨てたい。',0,0,0,0),(165,5,1,'椅子','提督の執務室に似合う趣きのある椅子。ちょっと腰を落ち着けて物事をじっくり考えれそう！',1,100,0,0),(166,5,2,'執務机','色々な資料を広げられる立派な机と椅子のセットをどうぞ。艦隊の指揮がぱっちりとれそうです！',2,200,0,0),(167,5,3,'おさがりの机','おさがりでもらったばかり。<br>どんな部屋にも合うシンプルな机。',0,0,0,0),(168,5,4,'提督の机','１クラス上の提督の貴方にお奨めしたい、執務机。この机なら連戦連勝、間違いなし！',3,350,1,0),(169,5,5,'ダンディな机','真面目な印象の重厚感のある机。',0,0,0,0),(170,5,6,'大将の机','質の高い織柄のテーブルクロスがポイント！戦略資料を積み重ねて微動だにしない確かな作り。',5,500,0,0),(171,5,7,'社長の机','気高く伝統的な、憧れの社長机。',0,0,0,0),(172,5,8,'インテリア椅子','木彫で暖かみのある高いデザイン性と機能美を持った椅子。女の子達にも人気の逸品です。',2,200,1,0),(173,5,9,'ナチュラルな椅子','暖炉の前にありそうなほっこり可愛い椅子。<br>今ならニットのひざ掛けつき！',0,0,0,0),(174,5,10,'教室セット「教卓」','鎮守府で戦術や航海の講義<br>をする際に用いる教室セッ<br>ト。その教卓と前列の机。<br>教卓最前列の机なので、真<br>面目な艦娘達が座ります！',4,40000,1,0),(175,5,11,'モダンチェア','アートな輝きを放つスタイリッシュなデザイナーズチェア。これなら宇宙艦隊の指揮もとれそうです。',3,350,0,0),(176,5,12,'駆逐艦娘のツリー','小さな駆逐艦娘たちを喜ば<br>せるために提督が用意した<br>ツリーとプレゼントたち。<br>大きな艦娘たちも少し羨ま<br>しそうに見ています！',4,3000,0,0),(177,5,13,'モダンなテーブル','計算された角度や素材使いで使い心地抜群！<br>日常でアートを楽しめる一品。',0,0,0,0),(178,5,14,'ちゃぶ台セット','提督の熱い要望による、ちゃぶ台＆座布団。ちゃぶ台の上には艦娘お手製の朝食が…頂きます！（ちゃぶ台返しは厳禁です）',3,2000,0,0),(179,5,15,'大人の節分セット','「鬼は外ぉ～、福は内～っ<br>ひっく！」ちょっと大人な<br>軽空母たちと節分の厄除け<br>を行う準備です。豆はおつ<br>まみとして使用する模様。',4,2000,0,12),(180,5,16,'撮影セット','格調高いプロ仕様の写真機とレフ版、背景による艦娘撮影セット。出撃前の雄姿を撮りたいですね！（※撮影機能等はありません…）',4,3500,0,0),(181,5,17,'早く出しすぎた炬燵','ちょっと肌寒くなってきた<br>ので、例年より早く出して<br>きてしまった炬燵セット。<br>某球磨型軽巡も思わず丸く<br>なりそうな逸品です！',3,3500,0,0),(182,5,18,'羽毛布団と枕','高級な羽毛布団と二つの枕<br>による安眠セット。これで<br>夜の快眠もバッチリです。<br>特注家具職人が丹精込めて<br>作った次世代布団セット！',4,2000,0,0),(183,5,19,'煎餅布団','書類一式にサインした提督<br>のみが敷くことができる、<br>シンプルにして至高の煎餅<br>布団。読みかけの本が平和<br>なひと時を感じさせます。',5,300,0,0),(184,5,20,'床の間','提督達の熱い要望により、<br>遂に実装された特注家具。<br>それが「床の間」。各種の<br>掛け軸との親和性もばっち<br>りの提督ご用達家具です！',4,2000,1,0),(185,5,21,'艦娘専用デスク','艦娘の待機部屋から持ち出してきたガーリーなデザインの机と椅子。後で怒られますよ？',4,400,1,0),(186,5,22,'提督の麻雀卓','一部提督の熱い支持により<br>鎮守府に持ち込まれること<br>になった麻雀卓。艦隊勤務<br>中には使用せず、非番の時<br>に楽しんでいる…ハズ。',4,3000,1,0),(187,5,23,'西瓜割りセット','名産地から取り寄せた西瓜<br>です。もちろん、西瓜割り<br>用の棒とシートもご用意。<br>艦娘たちと提督の夏休みも<br>これでバッチリです！',2,1700,0,0),(188,5,24,'高級ミシン','艦娘の衣装作りに欠かせな<br>い高級ミシンセット。これ<br>で、夏〇ミ衣装もパッチリ<br>ですね！※実際に艦娘の衣<br>装製作機能はありません…<br>',4,4500,0,0),(189,5,25,'金剛の紅茶セット','提督と本格的なティーパー<br>ティをエンジョイするため<br>に金剛が遙か英国より取り<br>寄せた豪華な紅茶セット！<br>四姉妹御用達の逸品です。<br>',5,9000,0,0),(190,5,26,'おいしそうなスツール','イチゴケーキのようなキュートなスツール！<br>もふもふで座り心地も抜群！<br>お部屋に置くだけでインテリアにも。',0,0,0,0),(191,5,27,'小さなウッドベージュの椅子','ちょっとした休憩や踏み台にあると便利なサイズ。<br>素材を生かしたライトベージュ。',0,0,0,0),(192,5,28,'ご家庭用プール','提督20万人突破を記念して<br>用意された夏の風物詩。艦<br>娘たちより提督が先に童心<br>に返って水遊びしちゃ、だ<br>めですよ！',4,2000,0,0),(193,5,29,'ガラステーブル','モダンセンスあふれるガラスを天板したテープル。艦娘たちとのパーティにも重宝します。',3,350,0,0),(194,5,30,'フェミニンガラステーブル','ピンクが主張しすぎないシンプルでフェミニンなガラステーブル。',0,0,0,0),(195,5,31,'シングルベッド','執務の間にごろんと横になるための近代的な単身者用ベッド。月月火水木金金を実践される提督に人気です！',5,4000,0,0),(196,5,32,'板チョコ型の机','美味しそうな板チョコ風な<br>デザインの机と椅子です。<br>チョコレートの甘い香りが<br>執務室全体に広がる不思議<br>な雰囲気をどうぞ！',3,1200,0,0),(197,5,33,'布団と枕','至高にして究極。普通のお布団と麦わら枕。結局これが一番疲れがとれるかも…。',1,50,1,0),(198,5,34,'ウッディな執務机','森の動物達がお茶会をはじめそうな素朴で素敵な机。艦娘にも人気の逸品！',3,300,0,0),(199,5,35,'温泉檜風呂','特注家具職人が腕によりを<br>かけて設えた温泉檜風呂。<br>内風呂仕様になっており、<br>箱根要らずの提督御用達の<br>究極鎮守府設備です！',5,8000,0,0),(200,5,36,'七面鳥のご馳走','今夜は素敵なパーティしま<br>しょ！主計科さんが腕によ<br>りをかけて作ってくれた聖<br>夜のご馳走。よく焼かれた<br>七面鳥も美味しそう！',3,3000,0,0),(201,5,37,'雛人形豪華四段飾り','お内裏様とお雛様、そして<br>三人官女や五人囃子、右大<br>臣に左大臣、菱餅等も配し<br>た鎮守府雛人形豪華四段飾<br>り。職人の技が光ります。',5,3300,0,16),(202,5,38,'なし','あえて執務机などの家具を<br>置かず、シンプルな環境で<br>秘書艦と執務にあたりたい<br>という提督の意見具申から<br>生まれた「なし」です。',0,0,0,0),(203,3,31,'教室セット「黒板」','鎮守府で戦術や航海の講義<br>をする際に用いる教室セッ<br>ト。その必需品の黒板一式<br>です。チョークや黒板消し<br>も完備。落書き禁止です！',4,50000,1,0),(204,3,32,'「200万の感謝」掛け軸','ある超弩級戦艦娘による提<br>督２００万人突破記念感謝<br>の掛け軸。「大和のように<br>はいかないぜ。読みにくい<br>だと？ふっ気にするな！」',5,0,0,0),(205,3,33,'「迷彩主義」掛け軸','やはり決戦は迷彩で！流行<br>の迷彩衣装を纏う艦娘たち<br>の共作による掛け軸です。<br>ある重巡だけでなく空母艦<br>娘も制作に参加です！',3,2200,0,0),(206,3,34,'大きな古時計','大きくてのっぽでない古時<br>計です。触ると仕掛け鳩が<br>飛び出るギミック付の可動<br>家具です！<br>※可動仕様家具',4,30000,1,0),(207,5,39,'提督の書斎机','シックで落ち着いた雰囲気<br>を醸し出す大人の書斎机。<br>書斎本棚と組み合わせれば<br>提督の隠れ家的な書斎空間<br>を演出します。',3,1900,1,0),(208,5,40,'原稿机','いよいよ〆切が迫ってきた<br>提督に贈る原稿制作用机。<br>原稿執筆に必要なあれこれ<br>はもちろん修羅場のお供の<br>ドリンクも常備です！',4,25000,0,0),(209,2,30,'七夕飾りの窓','七夕の季節がやってきまし<br>た！笹の葉に短冊を飾って<br>艦娘達が七夕飾りを手作り<br>しました。全ての提督の皆<br>さんにお贈りします！',2,0,0,0),(210,2,31,'蚊取り線香の窓','今年の夏がやってきます！<br>鎮守府も窓を大きく開いて<br>夏の風を楽しみましょう。<br>蚊取り線香やラムネも重要<br>ですね！',3,1700,0,0),(211,2,32,'鎮守府風鈴','夏といえば、風鈴ですね！<br>風鈴に触れば涼やかな音を<br>奏で、ゆらゆら揺れます。<br>多摩や球磨も大喜び？<br>※可動仕様家具',5,5000,0,0),(212,4,31,'夏先取りセット','夏を楽しむための小道具を<br>艦隊の駆逐艦娘達が集めて<br>くれました！これをもって<br>海に繰り出すもよし、家庭<br>用プールで楽しむもよし！',2,800,0,0),(213,4,32,'リゾートセット','少し大人な艦娘が夏を愉し<br>むのため特製リゾートセッ<br>トです。これを広げれば、<br>提督執務室もたちまち高級<br>リゾート地に早変わり！？',4,2000,0,0),(214,4,33,'書斎本棚','書斎にぴったりの本格本棚<br>です。書斎机と同じ素材を<br>使って、落ち着いた雰囲気<br>を醸し出します。シックで<br>大人な提督の御用達です！',3,1900,1,0),(215,2,33,'花火の窓','夏の夜の風物詩といえば…<br>花火！夜のある時間になる<br>と鎮守府港外で花火が打ち<br>上げられます。その時間ま<br>では…普通の窓ですね！',3,1800,0,0),(216,5,41,'ビニールプール','気軽に楽しめる夏のプール<br>といえばコレ！サイズも小<br>さくて何人も入れませんが<br>駆逐艦娘にも大人気。時々<br>水漏れするけど…大丈夫！',3,1500,0,0),(217,5,42,'秋刀魚の食卓','秋といえば秋刀魚の美味し<br>い季節。シンプルに焼いて<br>ほかほかご飯と一緒に召し<br>あがれ！提督専用座布団も<br>嬉しい秋を感じる食卓。',4,2200,0,3),(218,5,43,'ジュークボックス','提督の皆さんの熱いリクエ<br>ストに応えて遂に実装され<br>たジュークボックス。家具<br>コインを投入することで曲<br>のリクエストが可能です。',5,8000,0,0),(219,2,34,'秋の気配な窓','いよいよ季節は秋。秋には<br>秋の愉しみがありますね。<br>艦娘たちと一緒に秋を感じ<br>るための家具コイン長者御<br>用達家具です。※職人不要',5,27000,0,3),(220,3,35,'「横須賀鎮守府」掛け軸','歴戦の提督達の集まる港、<br>それが「横鎮」。中枢であ<br>ると同時に、古い港である<br>が故の労苦も多いが、艦隊<br>の士気も極めて高い。',2,0,0,0),(221,3,36,'「ありがとう」掛け軸','これまで応援して下さった<br>提督の皆さんのおかげで、<br>望外の賞を頂いた。それを<br>記念した、感謝の掛け軸！<br>※特殊BGM家具です。',4,0,0,13),(222,4,34,'ジュークボックス改','提督の皆さんに頂いたリク<br>エストで実装された新配置<br>型ジュークボックスです。<br>家具コイン投入で、楽曲の<br>リクエストが可能です。',5,8000,1,0),(223,3,37,'冬の飾り付け','艦娘達が忙しい提督のため<br>に一生懸命手作りの飾り付<br>けをしてくれました。素敵<br>なパーティーしましょう！<br>※特殊BGM家具です。',3,1200,0,4),(224,5,44,'白と青のツリー','すこし大人の艦娘達のため<br>の白と青を基調とした大人<br>のツリーです。奮発した大<br>切なプレゼントもリボンで<br>包んでおきました！',4,5000,0,4),(225,5,45,'鎮守府初詣セット','年末年始も多忙を極める、<br>そんな提督と艦娘のために<br>特別に用意された、鎮守府<br>の中で初詣を完了できる画<br>期的な大規模家具セット！',5,30000,0,0),(226,3,38,'新春掛け軸二〇一五','新年あけましておめでとう<br>ございます！二〇一五年も<br>「艦これ」をどうぞよろし<br>くお願い致します！<br>※2015年新春特別家具',4,3000,0,11),(227,3,39,'しめ飾り','新年を迎えるために艦娘が<br>用意してくれたしめ飾り。<br>これさえ飾れば、鎮守府の<br>新年の用意はバッチリ！<br>良いお年を！',3,800,0,0),(228,5,46,'年越し蕎麦','良い年を迎えるには、なん<br>といってもこれです！艦娘<br>と提督で仲良く年越し蕎麦<br>を食べて、良いお年を！<br>天ぷらも美味しいです！',4,2200,0,11),(229,4,35,'門松','謹賀新年です！新たな年を<br>迎える鎮守府に配置される<br>大型の門松です。配置場所<br>は…もちろん鎮守府の門に<br>も配備されているのです！',4,5000,0,11),(230,2,35,'鎮守府カウンターバー','夜の鎮守府は大人の時間。<br>お酒好きの艦娘たちが、集<br>まってそれぞれお気に入り<br>のお酒を片手に、ガールズ<br>トークに花を咲かせます。',5,32000,1,0),(231,3,40,'「250万の感謝」掛け軸','振り返れば、こんなところ<br>まで…提督の皆さん、あり<br>がとうございました！記念<br>の掛け軸を書いた艦娘も今<br>から一杯やるみたいです！',4,0,0,14),(232,5,47,'チョコレートキッチン','腕に自信のある艦娘たちは<br>オフの日は手作りのお菓子<br>作りにチャレンジします！<br>春先は、ボールに溶かした<br>チョコが…楽しみかも？',3,1800,0,15),(233,5,48,'洋酒＆ワイン棚','ウイスキーやスコッチ、そ<br>してワインなどが好きな大<br>人の艦娘が酒保で入手した<br>大切なお酒をキープしてま<br>す。カウンター横にぜひ！',4,20000,1,0),(234,4,36,'日本酒＆ウィスキー棚','日本酒や和製ウイスキーな<br>どが好きな大人の艦娘たち<br>垂涎のお酒棚です。鎮守府<br>カウンターバーと一緒に配<br>置して、夜の鎮守府に！',4,20000,1,0),(235,3,41,'武蔵の掛け軸','大和型戦艦二番艦「武蔵」<br>その帰投を祝す掛け軸を、<br>提督方にお贈りします。<br>おかえりなさい。<br>※特殊BGM家具です。',5,0,1,13),(236,1,34,'春色の壁紙','春らしい色彩の和の雰囲気<br>が漂う新色の壁紙です。<br>鎮守府を春色に演出して、<br>艦娘と春を迎えましょう！',3,1700,1,0),(237,1,35,'バー仕様の壁','鎮守府カウンタバーに最適<br>なバー仕様の壁です。<br>落ち着いた雰囲気の、大人<br>の時間と空間を演出できる<br>シックな壁です。',5,30000,1,0),(238,1,36,'梅紫の壁紙','和の色である梅紫で構成さ<br>れた新色の壁紙です。少し<br>落ち着いた雰囲気の色合い<br>が、大人の艦娘にも人気み<br>たいです。',2,700,1,0),(239,4,37,'脱衣所','提督の熱いリクエストから<br>実現した、まさかの脱衣所<br>です。各種温泉風呂と絶妙<br>なマッチング！あれ、秘書<br>艦によって棚に変化が…！',4,2300,1,0),(240,5,49,'温泉岩風呂','提督の熱いリクエストから<br>実装された、ハイエンドな<br>室内風呂家具、それが温泉<br>岩風呂。季節折々の花など<br>が風流さを醸成します。',5,9500,1,0),(241,3,42,'富嶽タイル画','提督の熱いリクエストで新<br>たに実装された富嶽タイル<br>画です。温泉等との相性は<br>いうことありません。価格<br>もギリギリに抑えました！',4,1980,1,0),(242,3,43,'「二周年記念」掛け軸','提督のおかげで迎えること<br>ができた「祝二周年」を記<br>念して制作された掛け軸。<br>三年目も、頑張ってまいり<br>ましょう～！',4,0,0,0);

/*Table structure for table `t_furniture_graph` */

DROP TABLE IF EXISTS `t_furniture_graph`;

CREATE TABLE `t_furniture_graph` (
  `ID` int(10) unsigned NOT NULL,
  `TYPE` tinyint(3) unsigned NOT NULL,
  `NO` tinyint(3) unsigned NOT NULL,
  `FILENAME` varchar(63) NOT NULL,
  `VERSION` tinyint(3) unsigned NOT NULL,
  PRIMARY KEY (`ID`)
) ENGINE=InnoDB DEFAULT CHARSET=utf8;

/*Data for the table `t_furniture_graph` */

insert  into `t_furniture_graph`(`ID`,`TYPE`,`NO`,`FILENAME`,`VERSION`) values (6,0,5,'006',1),(23,0,22,'023',1),(206,3,34,'035',5),(211,2,32,'033',4),(215,2,33,'034',4),(216,5,41,'042',1),(218,5,43,'044',3),(222,4,34,'035',1),(230,2,35,'036',4),(235,3,41,'042',2),(239,4,37,'038',1);

/*Table structure for table `t_item_shop` */

DROP TABLE IF EXISTS `t_item_shop`;

CREATE TABLE `t_item_shop` (
  `NAME` varchar(255) NOT NULL,
  `ITEM_ID` varchar(255) NOT NULL,
  PRIMARY KEY (`NAME`)
) ENGINE=InnoDB DEFAULT CHARSET=utf8;

/*Data for the table `t_item_shop` */

insert  into `t_item_shop`(`NAME`,`ITEM_ID`) values ('api_cabinet_1','[1,\n2,\n3,\n4,\n15,\n5,\n7,\n6,\n11,\n14,\n10,-1]'),('api_cabinet_2','[16,17,20,19,8,9,18,22,23,-1]');

/*Table structure for table `t_map_area` */

DROP TABLE IF EXISTS `t_map_area`;

CREATE TABLE `t_map_area` (
  `ID` int(10) unsigned NOT NULL,
  `NAME` varchar(63) NOT NULL,
  `TYPE` tinyint(3) unsigned NOT NULL,
  PRIMARY KEY (`ID`)
) ENGINE=InnoDB DEFAULT CHARSET=utf8;

/*Data for the table `t_map_area` */

insert  into `t_map_area`(`ID`,`NAME`,`TYPE`) values (1,'鎮守府海域',0),(2,'南西諸島海域',0),(3,'北方海域',0),(4,'西方海域',0),(5,'南方海域',0),(6,'中部海域',0);

/*Table structure for table `t_map_bgm` */

DROP TABLE IF EXISTS `t_map_bgm`;

CREATE TABLE `t_map_bgm` (
  `ID` int(10) unsigned NOT NULL,
  `MAPAREA_ID` tinyint(3) unsigned NOT NULL,
  `NO` tinyint(3) unsigned NOT NULL,
  `MAP_BGM` varchar(63) NOT NULL,
  `BOSS_BGM` varchar(63) NOT NULL,
  PRIMARY KEY (`ID`)
) ENGINE=InnoDB DEFAULT CHARSET=utf8;

/*Data for the table `t_map_bgm` */

insert  into `t_map_bgm`(`ID`,`MAPAREA_ID`,`NO`,`MAP_BGM`,`BOSS_BGM`) values (11,1,1,'[1,2]','[2,2]'),(12,1,2,'[1,2]','[2,2]'),(13,1,3,'[1,2]','[2,2]'),(14,1,4,'[29,2]','[12,12]'),(15,1,5,'[7,2]','[13,13]'),(16,1,6,'[37,37]','[37,37]'),(21,2,1,'[1,2]','[2,2]'),(22,2,2,'[1,2]','[2,2]'),(23,2,3,'[1,2]','[2,2]'),(24,2,4,'[29,2]','[5,5]'),(25,2,5,'[11,11]','[10,10]'),(31,3,1,'[29,2]','[2,2]'),(32,3,2,'[29,2]','[11,11]'),(33,3,3,'[29,2]','[11,11]'),(34,3,4,'[29,2]','[5,5]'),(35,3,5,'[19,19]','[13,13]'),(41,4,1,'[1,2]','[8,8]'),(42,4,2,'[1,2]','[8,8]'),(43,4,3,'[1,2]','[10,10]'),(44,4,4,'[12,12]','[5,5]'),(51,5,1,'[13,2]','[3,3]'),(52,5,2,'[12,12]','[10,10]'),(53,5,3,'[13,2]','[5,5]'),(54,5,4,'[4,2]','[5,5]'),(55,5,5,'[4,5]','[6,6]'),(61,6,1,'[20,20]','[6,6]'),(62,6,2,'[29,9]','[3,3]');

/*Table structure for table `t_map_cell` */

DROP TABLE IF EXISTS `t_map_cell`;

CREATE TABLE `t_map_cell` (
  `ID` int(10) unsigned NOT NULL,
  `NO` tinyint(3) unsigned NOT NULL,
  `COLOR_NO` tinyint(3) unsigned NOT NULL,
  `MAP_NO` tinyint(3) unsigned NOT NULL,
  `MAPAREA_ID` tinyint(3) unsigned NOT NULL,
  `MAPINFO_NO` tinyint(3) unsigned NOT NULL,
  PRIMARY KEY (`ID`)
) ENGINE=InnoDB DEFAULT CHARSET=utf8;

/*Data for the table `t_map_cell` */

insert  into `t_map_cell`(`ID`,`NO`,`COLOR_NO`,`MAP_NO`,`MAPAREA_ID`,`MAPINFO_NO`) values (1,0,0,11,1,1),(2,1,4,11,1,1),(3,2,4,11,1,1),(4,3,5,11,1,1),(5,0,0,12,1,2),(6,1,4,12,1,2),(7,2,2,12,1,2),(8,3,5,12,1,2),(9,4,4,12,1,2),(10,0,0,13,1,3),(11,1,4,13,1,3),(12,2,3,13,1,3),(13,3,2,13,1,3),(14,4,2,13,1,3),(15,5,4,13,1,3),(16,6,4,13,1,3),(17,7,5,13,1,3),(18,8,2,13,1,3),(19,9,4,13,1,3),(20,0,0,14,1,4),(21,1,4,14,1,4),(22,2,4,14,1,4),(23,3,2,14,1,4),(24,4,2,14,1,4),(25,5,2,14,1,4),(26,6,2,14,1,4),(27,7,4,14,1,4),(28,8,4,14,1,4),(29,9,4,14,1,4),(30,10,5,14,1,4),(31,11,2,14,1,4),(32,12,5,14,1,4),(33,13,5,14,1,4),(34,0,0,21,2,1),(35,1,4,21,2,1),(36,2,2,21,2,1),(37,3,2,21,2,1),(38,4,4,21,2,1),(39,5,4,21,2,1),(40,6,5,21,2,1),(41,0,0,22,2,2),(42,1,4,22,2,2),(43,2,2,22,2,2),(44,3,2,22,2,2),(45,4,4,22,2,2),(46,5,2,22,2,2),(47,6,4,22,2,2),(48,7,5,22,2,2),(49,8,2,22,2,2),(50,0,0,23,2,3),(51,1,4,23,2,3),(52,2,2,23,2,3),(53,3,4,23,2,3),(54,4,2,23,2,3),(55,5,4,23,2,3),(56,6,2,23,2,3),(57,7,2,23,2,3),(58,8,2,23,2,3),(59,9,4,23,2,3),(60,10,4,23,2,3),(61,11,5,23,2,3),(62,12,2,23,2,3),(63,0,0,24,2,4),(64,1,4,24,2,4),(65,2,2,24,2,4),(66,3,4,24,2,4),(67,4,2,24,2,4),(68,5,4,24,2,4),(69,6,4,24,2,4),(70,7,2,24,2,4),(71,8,4,24,2,4),(72,9,2,24,2,4),(73,10,4,24,2,4),(74,11,4,24,2,4),(75,12,4,24,2,4),(76,13,4,24,2,4),(77,14,4,24,2,4),(78,15,4,24,2,4),(79,16,5,24,2,4),(80,17,5,24,2,4),(81,18,5,24,2,4),(82,19,4,24,2,4),(83,0,0,31,3,1),(84,1,4,31,3,1),(85,2,4,31,3,1),(86,3,4,31,3,1),(87,4,2,31,3,1),(88,5,4,31,3,1),(89,6,5,31,3,1),(90,0,0,32,3,2),(91,1,4,32,3,2),(92,2,4,32,3,2),(93,3,3,32,3,2),(94,4,4,32,3,2),(95,5,2,32,3,2),(96,6,4,32,3,2),(97,7,2,32,3,2),(98,8,5,32,3,2),(99,9,2,32,3,2),(100,10,4,32,3,2),(101,0,0,33,3,3),(102,1,4,33,3,3),(103,2,3,33,3,3),(104,3,4,33,3,3),(105,4,3,33,3,3),(106,5,4,33,3,3),(107,6,3,33,3,3),(108,7,4,33,3,3),(109,8,4,33,3,3),(110,9,2,33,3,3),(111,10,2,33,3,3),(112,11,5,33,3,3),(113,12,4,33,3,3),(114,13,5,33,3,3),(115,0,0,34,3,4),(116,1,4,34,3,4),(117,2,4,34,3,4),(118,3,3,34,3,4),(119,4,4,34,3,4),(120,5,4,34,3,4),(121,6,4,34,3,4),(122,7,2,34,3,4),(123,8,2,34,3,4),(124,9,3,34,3,4),(125,10,4,34,3,4),(126,11,4,34,3,4),(127,12,4,34,3,4),(128,13,4,34,3,4),(129,14,2,34,3,4),(130,15,5,34,3,4),(131,16,4,34,3,4),(132,17,4,34,3,4),(133,18,4,34,3,4),(134,19,4,34,3,4),(135,20,5,34,3,4),(136,0,0,41,4,1),(137,1,4,41,4,1),(138,2,4,41,4,1),(139,3,4,41,4,1),(140,4,2,41,4,1),(141,5,4,41,4,1),(142,6,4,41,4,1),(143,7,4,41,4,1),(144,8,4,41,4,1),(145,9,5,41,4,1),(146,10,4,41,4,1),(147,11,4,41,4,1),(148,12,5,41,4,1),(149,0,0,42,4,2),(150,1,4,42,4,2),(151,2,4,42,4,2),(152,3,3,42,4,2),(153,4,2,42,4,2),(154,5,2,42,4,2),(155,6,4,42,4,2),(156,7,4,42,4,2),(157,8,4,42,4,2),(158,9,5,42,4,2),(159,10,2,42,4,2),(160,11,4,42,4,2),(161,12,4,42,4,2),(162,13,5,42,4,2),(163,0,0,43,4,3),(164,1,4,43,4,3),(165,2,4,43,4,3),(166,3,2,43,4,3),(167,4,4,43,4,3),(168,5,4,43,4,3),(169,6,3,43,4,3),(170,7,4,43,4,3),(171,8,4,43,4,3),(172,9,4,43,4,3),(173,10,3,43,4,3),(174,11,2,43,4,3),(175,12,4,43,4,3),(176,13,5,43,4,3),(177,14,4,43,4,3),(178,15,4,43,4,3),(179,16,4,43,4,3),(180,17,4,43,4,3),(181,18,4,43,4,3),(182,19,4,43,4,3),(183,20,4,43,4,3),(184,21,3,43,4,3),(185,0,0,44,4,4),(186,1,4,44,4,4),(187,2,3,44,4,4),(188,3,4,44,4,4),(189,4,4,44,4,4),(190,5,4,44,4,4),(191,6,2,44,4,4),(192,7,4,44,4,4),(193,8,4,44,4,4),(194,9,2,44,4,4),(195,10,5,44,4,4),(196,11,4,44,4,4),(197,12,4,44,4,4),(198,13,4,44,4,4),(199,14,4,44,4,4),(200,0,0,51,5,1),(201,1,3,51,5,1),(202,2,4,51,5,1),(203,3,4,51,5,1),(204,4,2,51,5,1),(205,5,4,51,5,1),(206,6,4,51,5,1),(207,7,4,51,5,1),(208,8,2,51,5,1),(209,9,5,51,5,1),(210,10,4,51,5,1),(211,11,4,51,5,1),(212,12,4,51,5,1),(213,0,0,52,5,2),(214,1,4,52,5,2),(215,2,4,52,5,2),(216,3,4,52,5,2),(217,4,4,52,5,2),(218,5,2,52,5,2),(219,6,4,52,5,2),(220,7,4,52,5,2),(221,8,2,52,5,2),(222,9,4,52,5,2),(223,10,5,52,5,2),(224,11,4,52,5,2),(225,12,2,52,5,2),(226,13,4,52,5,2),(227,14,5,52,5,2),(228,0,0,53,5,3),(229,1,4,53,5,3),(230,2,4,53,5,3),(231,3,4,53,5,3),(232,4,4,53,5,3),(233,5,4,53,5,3),(234,6,4,53,5,3),(235,7,2,53,5,3),(236,8,2,53,5,3),(237,9,4,53,5,3),(238,10,4,53,5,3),(239,11,5,53,5,3),(240,12,4,53,5,3),(241,13,4,53,5,3),(242,14,4,53,5,3),(243,0,0,54,5,4),(244,1,4,54,5,4),(245,2,4,54,5,4),(246,3,4,54,5,4),(247,4,4,54,5,4),(248,5,4,54,5,4),(249,6,4,54,5,4),(250,7,4,54,5,4),(251,8,3,54,5,4),(252,9,4,54,5,4),(253,10,4,54,5,4),(254,11,2,54,5,4),(255,12,4,54,5,4),(256,13,4,54,5,4),(257,14,4,54,5,4),(258,15,5,54,5,4),(259,16,4,54,5,4),(260,17,4,54,5,4),(261,18,2,54,5,4),(262,19,5,54,5,4),(263,20,5,54,5,4),(264,0,0,55,5,5),(265,1,4,55,5,5),(266,2,4,55,5,5),(267,3,4,55,5,5),(268,4,4,55,5,5),(269,5,4,55,5,5),(270,6,4,55,5,5),(271,7,4,55,5,5),(272,8,2,55,5,5),(273,9,4,55,5,5),(274,10,4,55,5,5),(275,11,4,55,5,5),(276,12,4,55,5,5),(277,13,4,55,5,5),(278,14,5,55,5,5),(279,15,4,55,5,5),(280,16,4,55,5,5),(281,17,4,55,5,5),(282,18,5,55,5,5),(283,0,0,15,1,5),(284,1,4,15,1,5),(285,2,4,15,1,5),(286,3,4,15,1,5),(287,4,4,15,1,5),(288,5,4,15,1,5),(289,6,4,15,1,5),(290,7,4,15,1,5),(291,8,4,15,1,5),(292,9,5,15,1,5),(293,10,5,15,1,5),(294,0,0,25,2,5),(295,1,4,25,2,5),(296,2,4,25,2,5),(297,3,4,25,2,5),(298,4,4,25,2,5),(299,5,4,25,2,5),(300,6,4,25,2,5),(301,7,2,25,2,5),(302,8,4,25,2,5),(303,9,4,25,2,5),(304,10,4,25,2,5),(305,11,2,25,2,5),(306,12,5,25,2,5),(307,13,4,25,2,5),(308,14,4,25,2,5),(309,15,5,25,2,5),(310,0,0,35,3,5),(311,1,4,35,3,5),(312,2,4,35,3,5),(313,3,4,35,3,5),(314,4,4,35,3,5),(315,5,4,35,3,5),(316,6,4,35,3,5),(317,7,4,35,3,5),(318,8,4,35,3,5),(319,9,2,35,3,5),(320,10,4,35,3,5),(321,11,5,35,3,5),(322,12,4,35,3,5),(323,13,4,35,3,5),(324,14,4,35,3,5),(325,15,5,35,3,5),(326,0,0,61,6,1),(327,1,4,61,6,1),(328,2,4,61,6,1),(329,3,4,61,6,1),(330,4,4,61,6,1),(331,5,4,61,6,1),(332,6,4,61,6,1),(333,7,4,61,6,1),(334,8,4,61,6,1),(335,9,4,61,6,1),(336,10,4,61,6,1),(337,11,5,61,6,1),(338,12,4,61,6,1),(339,13,4,61,6,1),(340,0,0,62,6,2),(341,1,4,62,6,2),(342,2,4,62,6,2),(343,3,4,62,6,2),(344,4,3,62,6,2),(345,5,4,62,6,2),(346,6,4,62,6,2),(347,7,4,62,6,2),(348,8,4,62,6,2),(349,9,4,62,6,2),(350,10,4,62,6,2),(351,11,5,62,6,2),(352,12,4,62,6,2),(353,13,3,62,6,2),(354,14,4,62,6,2),(355,15,4,62,6,2),(356,16,4,62,6,2),(357,17,5,62,6,2),(358,18,5,62,6,2),(359,0,0,16,1,6),(360,1,4,16,1,6),(361,2,4,16,1,6),(362,3,4,16,1,6),(363,4,2,16,1,6),(364,5,4,16,1,6),(365,6,4,16,1,6),(366,7,2,16,1,6),(367,8,7,16,1,6),(368,9,4,16,1,6),(369,10,4,16,1,6),(370,11,7,16,1,6),(371,12,7,16,1,6),(372,13,4,16,1,6),(373,14,8,16,1,6),(374,15,4,16,1,6),(375,16,7,16,1,6),(376,17,8,16,1,6);

/*Table structure for table `t_map_info` */

DROP TABLE IF EXISTS `t_map_info`;

CREATE TABLE `t_map_info` (
  `ID` int(10) unsigned NOT NULL,
  `INFOTEXT` varchar(255) NOT NULL,
  `ITEM` varchar(63) NOT NULL,
  `MAX_MAPHP` tinyint(3) unsigned NOT NULL,
  `REQUIRED_DEFEAT_COUNT` tinyint(3) unsigned NOT NULL,
  `LEVEL` tinyint(3) unsigned NOT NULL,
  `MAPAREA_ID` tinyint(3) unsigned NOT NULL,
  `NAME` varchar(63) NOT NULL,
  `NO` tinyint(3) unsigned NOT NULL,
  `OPETEXT` varchar(63) NOT NULL,
  `SALLY_FALG` varchar(63) NOT NULL,
  PRIMARY KEY (`ID`)
) ENGINE=InnoDB DEFAULT CHARSET=utf8;

/*Data for the table `t_map_info` */

insert  into `t_map_info`(`ID`,`INFOTEXT`,`ITEM`,`MAX_MAPHP`,`REQUIRED_DEFEAT_COUNT`,`LEVEL`,`MAPAREA_ID`,`NAME`,`NO`,`OPETEXT`,`SALLY_FALG`) values (11,'鎮守府正面近海の<br>警備に出動せよ！','[0,0,0,0]',0,0,1,1,'鎮守府正面海域',1,'近海警備','[1,0]'),(12,'南西諸島沖に接近する<br>敵前衛艦隊を捕捉、迎撃せよ！','[32,0,0,0]',0,0,1,1,'南西諸島沖',2,'南西諸島沖警備','[1,0]'),(13,'製油所地帯沿岸部の<br>海上輸送ラインを防衛せよ！','[31,0,0,0]',0,0,2,1,'製油所地帯沿岸',3,'海上護衛作戦','[1,0]'),(14,'南西諸島の防衛ライン上の<br>敵侵攻艦隊を捕捉、<br>全力出撃でこれを撃滅せよ！','[33,34,32,0]',0,0,3,1,'南西諸島防衛線',4,'南1号作戦','[1,0]'),(15,'なるべく小編成の対潜哨戒部隊<br>を編成し、鎮守府近海に出没す<br>る敵潜水艦を発見・制圧せよ！','[0,0,0,0]',0,4,5,1,'鎮守府近海',5,'鎮守府近海対潜哨戒','[1,0]'),(16,'対潜及び防空能力に優れた艦艇<br>を基幹戦力とした艦隊を編成、<br>輸送船団航路の護衛にあたれ！','[31,32,33,34]',0,7,5,1,'鎮守府近海航路',6,'輸送船団護衛作戦','[1,0]'),(21,'カムラン半島付近に<br>遊弋する敵艦隊を捕捉、<br>これを迎撃せよ！','[33,2,0,0]',0,0,3,2,'カムラン半島',1,'カ号迎撃戦','[1,0]'),(22,'敵艦隊を排除し、<br>バシー島に集積された<br>ボーキサイト資材を輸送せよ！','[34,2,0,0]',0,0,4,2,'バシー島沖',2,'柳輸送作戦','[1,0]'),(23,'オリョール海に進出し、<br>敵通商破壊艦隊を排除して、<br>海上輸送ラインを防衛せよ！','[31,32,0,0]',0,0,5,2,'東部オリョール海',3,'O1号作戦','[1,0]'),(24,'沖ノ島海域に襲来した、<br>有力な敵機動部隊を迎撃、<br>全力出撃で、これを撃滅せよ！','[32,31,1,3]',0,0,6,2,'沖ノ島海域',4,'あ号艦隊決戦','[1,0]'),(25,'同方面に敵反攻の兆候が報告さ<br>れた。巡洋艦を中心に哨戒部隊<br>を編成、敵艦隊の動向を探れ！','[31,33,0,0]',0,4,8,2,'沖ノ島沖',5,'沖ノ島沖戦闘哨戒','[1,0]'),(31,'北方海域に艦隊を進出させ、<br>モーレイ海を哨戒せよ！','[33,0,0,0]',0,0,4,3,'モーレイ海',1,'モーレイ海哨戒','[1,0]'),(32,'駆逐艦のみの高速艦隊で、敵艦隊に包囲された北方海域キス島に突入！島の守備隊を無事収容せよ！','[33,10,0,0]',0,0,5,3,'キス島沖',2,'キス島撤退作戦','[1,0]'),(33,'空母２隻以上を擁する空母機動<br>部隊をもって北方海域へ進出。<br>敵情の強行偵察を敢行せよ！','[11,12,0,0]',0,0,7,3,'アルフォンシーノ方面',3,'アルフォンシーノ方面進出','[1,0]'),(34,'北方海域奥地に敵艦隊の大規模<br>泊地を発見！我が艦隊の総力を<br>挙げてこれを撃滅せよ！','[34,11,12,0]',0,0,9,3,'北方海域全域',4,'北方海域艦隊決戦','[1,0]'),(35,'北方海域に敵増援の動きがある。<br>中規模の水上打撃部隊を派遣し、<br>敵増援を捕捉、これを撃滅せよ！','[32,0,0,0]',0,4,9,3,'北方AL海域',5,'北方海域戦闘哨戒','[1,0]'),(41,'西方作戦の第一段階として、ジャム島攻略作戦を展開せよ！(対潜警戒を厳とせよ)','[31,0,0,0]',0,0,5,4,'ジャム島攻略作戦',1,'ジャム島攻略作戦','[1,0]'),(42,'カレー洋の制圧作戦を行う。採掘地域を確保しつつ、カレー半島水域の敵艦隊を無力化せよ！','[33,0,0,0]',0,0,6,4,'カレー洋制圧戦',2,'カレー洋制圧戦','[1,0]'),(43,'空母を伴った艦隊を編成し、リランカ島の敵母港に展開する敵艦隊を叩け！','[31,34,0,0]',0,0,7,4,'リランカ島空襲',3,'リランカ島空襲','[1,0]'),(44,'カレー洋西方の敵哨戒線を突破、カスガダマ島沖へ侵攻し、敵東方艦隊の中枢部隊を撃滅せよ！','[31,33,0,0]',0,4,8,4,'カスガダマ沖海戦',4,'カスガダマ沖海戦','[1,0]'),(51,'練度の高い水上打撃部隊を編成し、南方海域への進出を図れ！','[33,31,0,0]',0,0,8,5,'南方海域前面',1,'南方海域進出作戦','[1,0]'),(52,'MO作戦を実施する。空母機動部隊を展開し、南方海域に出没する敵機動部隊を叩け！','[34,0,0,0]',0,4,9,5,'珊瑚諸島沖',2,'珊瑚諸島沖海戦','[1,0]'),(53,'敵泊地に対して水上打撃部隊による夜戦突撃を敢行し、艦隊後方の敵輸送艦を叩け！','[31,32,0,0]',0,5,9,5,'サブ島沖海域',3,'第一次サーモン沖海戦','[1,0]'),(54,'南方海域に有力な艦隊を投入し<br>鼠輸送作戦を敢行、可能であれ<br>ば同方面の敵艦隊も撃滅せよ！','[31,0,0,0]',0,5,9,5,'サーモン海域',4,'東京急行','[1,0]'),(55,'南方海域に敵の有力な機動部隊<br>の接近が確認された。空母機動<br>部隊を以て、これを迎撃せよ！','[32,0,0,0]',0,5,9,5,'サーモン海域北方',5,'第二次サーモン海戦','[1,0]'),(61,'有力な潜水艦隊を編成し、中部<br>海域哨戒線に進出せよ。敵艦隊<br>を発見、これを漸減撃滅せよ！','[0,0,0,0]',0,0,8,6,'中部海域哨戒線',1,'潜水艦作戦','[1,0]'),(62,'MS諸島沖前面に展開し、同諸島<br>方面に接近しつつある敵攻略部<br>隊を捕捉、全力で撃滅せよ！','[0,0,0,0]',0,3,9,6,'MS諸島沖',2,'MS諸島防衛戦','[1,0]');

/*Table structure for table `t_member` */

DROP TABLE IF EXISTS `t_member`;

CREATE TABLE `t_member` (
  `member_id` bigint(20) unsigned NOT NULL AUTO_INCREMENT,
  `api_token` char(36) DEFAULT NULL,
  `nickname` varchar(63) NOT NULL COMMENT '提督名',
  `nickname_id` varbinary(63) NOT NULL,
  `active_flag` tinyint(3) unsigned NOT NULL DEFAULT '1',
  `starttime` bigint(20) unsigned DEFAULT NULL,
  `level` tinyint(3) unsigned NOT NULL DEFAULT '0' COMMENT '舰队司令部Level',
  `rank` tinyint(3) unsigned NOT NULL DEFAULT '0' COMMENT '称号',
  `experience` bigint(20) unsigned DEFAULT NULL,
  `fleetname` varchar(255) DEFAULT NULL,
  `comment` varchar(255) NOT NULL DEFAULT '',
  `comment_id` varchar(255) NOT NULL DEFAULT '',
  `max_chara` smallint(5) unsigned NOT NULL DEFAULT '100' COMMENT '最大保有可能舰娘数',
  `max_slotitem` mediumint(8) unsigned NOT NULL DEFAULT '497' COMMENT '最大保有可能装备数',
  `max_kagu` int(11) unsigned NOT NULL DEFAULT '0',
  `playtime` bigint(20) unsigned NOT NULL DEFAULT '0',
  `tutorial` int(4) unsigned NOT NULL DEFAULT '0',
  `furniture` varchar(255) NOT NULL DEFAULT '[1,72,102,133,164,221,242]',
  `count_deck` tinyint(3) unsigned NOT NULL DEFAULT '2' COMMENT '最大保有可能舰队数',
  `count_kdock` tinyint(3) unsigned NOT NULL DEFAULT '2' COMMENT '工厂数',
  `count_ndock` tinyint(3) unsigned NOT NULL DEFAULT '2' COMMENT '入渠数',
  `fcoin` int(11) unsigned NOT NULL DEFAULT '0' COMMENT '家具币',
  `st_win` int(10) unsigned NOT NULL DEFAULT '0' COMMENT '出击胜数',
  `st_lose` int(10) unsigned NOT NULL DEFAULT '0' COMMENT '出击败数',
  `ms_count` int(10) unsigned NOT NULL DEFAULT '0' COMMENT '远征回数',
  `ms_success` int(10) unsigned NOT NULL DEFAULT '0' COMMENT '远征成功数',
  `pt_win` int(10) unsigned NOT NULL DEFAULT '0' COMMENT '演戏胜数',
  `pt_lose` int(10) unsigned NOT NULL DEFAULT '0' COMMENT '演戏败数',
  `pt_challenged` int(10) unsigned NOT NULL DEFAULT '0',
  `pt_challenged_win` int(10) unsigned NOT NULL DEFAULT '0',
  `firstflag` int(10) unsigned NOT NULL DEFAULT '1',
  `tutorial_progress` int(10) unsigned NOT NULL DEFAULT '100',
  `pvp` varchar(255) NOT NULL DEFAULT '[0,0]',
  `medals` int(10) unsigned NOT NULL DEFAULT '0' COMMENT '甲徽章',
  `p_bgm_id` int(10) unsigned NOT NULL DEFAULT '100' COMMENT '母港职务室BGM',
  `parallel_quest_count` tinyint(3) unsigned NOT NULL DEFAULT '5' COMMENT '最大可能收付任务数',
  PRIMARY KEY (`member_id`)
) ENGINE=InnoDB AUTO_INCREMENT=9007384 DEFAULT CHARSET=utf8;

/*Data for the table `t_member` */

insert  into `t_member`(`member_id`,`api_token`,`nickname`,`nickname_id`,`active_flag`,`starttime`,`level`,`rank`,`experience`,`fleetname`,`comment`,`comment_id`,`max_chara`,`max_slotitem`,`max_kagu`,`playtime`,`tutorial`,`furniture`,`count_deck`,`count_kdock`,`count_ndock`,`fcoin`,`st_win`,`st_lose`,`ms_count`,`ms_success`,`pt_win`,`pt_lose`,`pt_challenged`,`pt_challenged_win`,`firstflag`,`tutorial_progress`,`pvp`,`medals`,`p_bgm_id`,`parallel_quest_count`) values (9007383,'test_api_token','NightWish','130069178',1,1430917636154,99,4,1282555,NULL,'','',230,1017,0,0,0,'[1,72,102,133,164,221,242]',4,2,4,16630,0,0,0,0,0,0,0,0,1,100,'[0,0]',0,100,5);

/*Table structure for table `t_member_deckport` */

DROP TABLE IF EXISTS `t_member_deckport`;

CREATE TABLE `t_member_deckport` (
  `index` bigint(20) NOT NULL AUTO_INCREMENT,
  `member_id` bigint(20) unsigned NOT NULL,
  `ID` tinyint(3) unsigned NOT NULL COMMENT '舰队ID',
  `NAME` varchar(255) NOT NULL COMMENT '舰队名',
  `NAME_ID` varchar(255) NOT NULL DEFAULT '',
  `MISSION_STATUS` tinyint(4) unsigned NOT NULL DEFAULT '0',
  `MISSION_ID` int(11) unsigned NOT NULL DEFAULT '0',
  `MISSION_COMPLETE_TIME` bigint(20) unsigned NOT NULL DEFAULT '0',
  `MISSION_FLAG` tinyint(4) unsigned NOT NULL DEFAULT '0',
  `FLAGSHIP` varchar(255) NOT NULL DEFAULT '0',
  `SHIP` varchar(255) NOT NULL DEFAULT '[-1,-1,-1,-1,-1,-1]' COMMENT '舰队信息',
  `locked` tinyint(3) unsigned NOT NULL DEFAULT '1' COMMENT '是否可用',
  PRIMARY KEY (`index`),
  UNIQUE KEY `member_id` (`member_id`,`ID`),
  KEY `MISSION_ID` (`MISSION_ID`),
  CONSTRAINT `t_member_deckport_ibfk_1` FOREIGN KEY (`member_id`) REFERENCES `t_member` (`member_id`) ON DELETE CASCADE ON UPDATE CASCADE,
  CONSTRAINT `t_member_deckport_ibfk_2` FOREIGN KEY (`MISSION_ID`) REFERENCES `t_mission` (`ID`) ON DELETE CASCADE ON UPDATE CASCADE
) ENGINE=InnoDB DEFAULT CHARSET=utf8;

/*Data for the table `t_member_deckport` */

/*Table structure for table `t_member_furniture` */

DROP TABLE IF EXISTS `t_member_furniture`;

CREATE TABLE `t_member_furniture` (
  `index` bigint(20) unsigned NOT NULL AUTO_INCREMENT,
  `member_id` bigint(20) unsigned NOT NULL,
  `furniture_id` int(10) unsigned NOT NULL,
  PRIMARY KEY (`index`),
  KEY `member_id` (`member_id`),
  KEY `furniture_id` (`furniture_id`),
  CONSTRAINT `t_member_furniture_ibfk_1` FOREIGN KEY (`member_id`) REFERENCES `t_member` (`member_id`) ON DELETE CASCADE ON UPDATE CASCADE,
  CONSTRAINT `t_member_furniture_ibfk_2` FOREIGN KEY (`furniture_id`) REFERENCES `t_furniture` (`ID`) ON DELETE CASCADE ON UPDATE CASCADE
) ENGINE=InnoDB AUTO_INCREMENT=26 DEFAULT CHARSET=utf8;

/*Data for the table `t_member_furniture` */

insert  into `t_member_furniture`(`index`,`member_id`,`furniture_id`) values (1,9007383,1),(2,9007383,3),(3,9007383,7),(4,9007383,9),(5,9007383,12),(6,9007383,14),(7,9007383,17),(8,9007383,21),(9,9007383,22),(10,9007383,24),(11,9007383,25),(12,9007383,33),(13,9007383,34),(14,9007383,37),(15,9007383,38),(16,9007383,40),(17,9007383,42),(18,9007383,44),(19,9007383,46),(20,9007383,47),(21,9007383,51),(22,9007383,52),(23,9007383,56),(24,9007383,61),(25,9007383,63);

/*Table structure for table `t_member_kdock` */

DROP TABLE IF EXISTS `t_member_kdock`;

CREATE TABLE `t_member_kdock` (
  `index` bigint(20) unsigned NOT NULL AUTO_INCREMENT,
  `member_id` bigint(20) unsigned NOT NULL,
  `ID` tinyint(3) unsigned NOT NULL,
  `STATE` tinyint(3) NOT NULL DEFAULT '-1',
  `CREATED_SHIP_ID` int(10) unsigned NOT NULL DEFAULT '0',
  `COMPLETE_TIME` bigint(20) unsigned NOT NULL DEFAULT '0',
  `COMPLETE_TIME_STR` varchar(255) NOT NULL DEFAULT '0',
  `ITEM1` mediumint(8) unsigned NOT NULL DEFAULT '0',
  `ITEM2` mediumint(8) unsigned NOT NULL DEFAULT '0',
  `ITEM3` mediumint(8) unsigned NOT NULL DEFAULT '0',
  `ITEM4` mediumint(8) unsigned NOT NULL DEFAULT '0',
  `ITEM5` tinyint(3) unsigned NOT NULL DEFAULT '0',
  PRIMARY KEY (`index`),
  UNIQUE KEY `member_id` (`member_id`,`ID`),
  CONSTRAINT `t_member_kdock_ibfk_1` FOREIGN KEY (`member_id`) REFERENCES `t_member` (`member_id`) ON DELETE CASCADE ON UPDATE CASCADE
) ENGINE=InnoDB AUTO_INCREMENT=5 DEFAULT CHARSET=utf8;

/*Data for the table `t_member_kdock` */

insert  into `t_member_kdock`(`index`,`member_id`,`ID`,`STATE`,`CREATED_SHIP_ID`,`COMPLETE_TIME`,`COMPLETE_TIME_STR`,`ITEM1`,`ITEM2`,`ITEM3`,`ITEM4`,`ITEM5`) values (1,9007383,1,0,0,0,'0',0,0,0,0,0),(2,9007383,2,0,0,0,'0',0,0,0,0,0),(3,9007383,3,-1,0,0,'0',0,0,0,0,0),(4,9007383,4,-1,0,0,'0',0,0,0,0,0);

/*Table structure for table `t_member_log` */

DROP TABLE IF EXISTS `t_member_log`;

CREATE TABLE `t_member_log` (
  `index` bigint(20) NOT NULL AUTO_INCREMENT,
  `member_id` bigint(20) unsigned NOT NULL,
  `NO` tinyint(4) NOT NULL,
  `TYPE` varchar(255) NOT NULL,
  `STATE` varchar(255) NOT NULL,
  `MESSAGE` varchar(255) NOT NULL,
  PRIMARY KEY (`index`),
  KEY `member_id` (`member_id`),
  CONSTRAINT `t_member_log_ibfk_1` FOREIGN KEY (`member_id`) REFERENCES `t_member` (`member_id`) ON DELETE CASCADE ON UPDATE CASCADE
) ENGINE=InnoDB DEFAULT CHARSET=utf8;

/*Data for the table `t_member_log` */

/*Table structure for table `t_member_material` */

DROP TABLE IF EXISTS `t_member_material`;

CREATE TABLE `t_member_material` (
  `index` bigint(20) unsigned NOT NULL AUTO_INCREMENT,
  `member_id` bigint(20) unsigned NOT NULL,
  `FUEL` mediumint(8) unsigned NOT NULL,
  `BULL` mediumint(8) unsigned NOT NULL,
  `STEAL` mediumint(8) unsigned NOT NULL,
  `BAUXITE` mediumint(8) unsigned NOT NULL,
  `FAST_REC` mediumint(8) unsigned NOT NULL,
  `FAST_BUILD` mediumint(8) unsigned NOT NULL,
  `DEV_ITEM` mediumint(8) unsigned NOT NULL,
  `ENH_ITEM` mediumint(8) unsigned NOT NULL,
  PRIMARY KEY (`index`),
  KEY `member_id` (`member_id`),
  CONSTRAINT `t_member_material_ibfk_1` FOREIGN KEY (`member_id`) REFERENCES `t_member` (`member_id`) ON DELETE CASCADE ON UPDATE CASCADE
) ENGINE=InnoDB AUTO_INCREMENT=2 DEFAULT CHARSET=utf8;

/*Data for the table `t_member_material` */

insert  into `t_member_material`(`index`,`member_id`,`FUEL`,`BULL`,`STEAL`,`BAUXITE`,`FAST_REC`,`FAST_BUILD`,`DEV_ITEM`,`ENH_ITEM`) values (1,9007383,1,2,3,4,5,6,7,8);

/*Table structure for table `t_member_mission` */

DROP TABLE IF EXISTS `t_member_mission`;

CREATE TABLE `t_member_mission` (
  `index` bigint(20) unsigned NOT NULL AUTO_INCREMENT,
  `member_id` bigint(20) unsigned NOT NULL,
  `mission_id` int(10) unsigned NOT NULL,
  `state` tinyint(4) NOT NULL,
  PRIMARY KEY (`index`),
  UNIQUE KEY `member_id` (`member_id`,`mission_id`),
  KEY `mission_id` (`mission_id`),
  CONSTRAINT `t_member_mission_ibfk_1` FOREIGN KEY (`member_id`) REFERENCES `t_member` (`member_id`) ON DELETE CASCADE ON UPDATE CASCADE,
  CONSTRAINT `t_member_mission_ibfk_2` FOREIGN KEY (`mission_id`) REFERENCES `t_mission` (`ID`) ON DELETE CASCADE ON UPDATE CASCADE
) ENGINE=InnoDB AUTO_INCREMENT=6 DEFAULT CHARSET=utf8;

/*Data for the table `t_member_mission` */

insert  into `t_member_mission`(`index`,`member_id`,`mission_id`,`state`) values (1,9007383,1,2),(2,9007383,2,2),(4,9007383,3,2),(5,9007383,4,2);

/*Table structure for table `t_member_ndock` */

DROP TABLE IF EXISTS `t_member_ndock`;

CREATE TABLE `t_member_ndock` (
  `index` bigint(20) unsigned NOT NULL AUTO_INCREMENT,
  `member_id` bigint(20) unsigned NOT NULL,
  `ID` tinyint(3) unsigned NOT NULL,
  `STATE` tinyint(3) NOT NULL DEFAULT '-1',
  `SHIP_ID` int(11) unsigned NOT NULL DEFAULT '0',
  `COMPLETE_TIME` bigint(20) unsigned NOT NULL DEFAULT '0',
  `COMPLETE_TIME_STR` varchar(255) NOT NULL DEFAULT '0',
  `ITEM1` mediumint(9) unsigned NOT NULL DEFAULT '0',
  `ITEM2` mediumint(9) unsigned NOT NULL DEFAULT '0',
  `ITEM3` mediumint(9) unsigned NOT NULL DEFAULT '0',
  `ITEM4` mediumint(9) unsigned NOT NULL DEFAULT '0',
  PRIMARY KEY (`index`),
  UNIQUE KEY `member_id` (`member_id`,`ID`),
  CONSTRAINT `t_member_ndock_ibfk_1` FOREIGN KEY (`member_id`) REFERENCES `t_member` (`member_id`) ON DELETE CASCADE ON UPDATE CASCADE
) ENGINE=InnoDB DEFAULT CHARSET=utf8;

/*Data for the table `t_member_ndock` */

/*Table structure for table `t_member_ship` */

DROP TABLE IF EXISTS `t_member_ship`;

CREATE TABLE `t_member_ship` (
  `index` bigint(20) unsigned NOT NULL AUTO_INCREMENT,
  `member_id` bigint(20) unsigned NOT NULL,
  `ID` int(11) unsigned DEFAULT NULL,
  `BACKS` int(11) NOT NULL,
  `BULL` int(11) NOT NULL,
  `COND` int(11) NOT NULL,
  `EXP` longtext NOT NULL,
  `FUEL` int(11) NOT NULL,
  `KAIHI` longtext NOT NULL,
  `KARYOKU` longtext NOT NULL,
  `KYOUKA` longtext NOT NULL,
  `LENG` int(11) NOT NULL,
  `LOCKED` int(11) NOT NULL,
  `LOCKED_EQUIP` tinyint(3) unsigned NOT NULL DEFAULT '0',
  `LUCKY` longtext NOT NULL,
  `LV` int(11) NOT NULL,
  `MAXHP` int(11) NOT NULL,
  `NDOCK_ITEM` longtext NOT NULL,
  `NDOCK_TIME` int(11) NOT NULL,
  `NOWHP` int(11) NOT NULL,
  `ONSLOT` longtext NOT NULL,
  `RAISOU` longtext NOT NULL,
  `SAKUTEKI` longtext NOT NULL,
  `SHIP_ID` int(11) unsigned NOT NULL,
  `SLOT` longtext NOT NULL,
  `SLOTNUM` int(11) NOT NULL,
  `SORTNO` int(11) NOT NULL,
  `SOUKOU` longtext NOT NULL,
  `SRATE` int(11) NOT NULL,
  `TAIKU` longtext NOT NULL,
  `TAISEN` longtext NOT NULL,
  `DELETED` tinyint(4) NOT NULL DEFAULT '0',
  `DELETED_TIME` datetime DEFAULT NULL,
  PRIMARY KEY (`index`),
  UNIQUE KEY `member_id` (`member_id`,`ID`),
  KEY `SHIP_ID` (`SHIP_ID`),
  CONSTRAINT `t_member_ship_ibfk_1` FOREIGN KEY (`member_id`) REFERENCES `t_member` (`member_id`) ON DELETE CASCADE ON UPDATE CASCADE,
  CONSTRAINT `t_member_ship_ibfk_2` FOREIGN KEY (`SHIP_ID`) REFERENCES `t_ship` (`ID`) ON DELETE CASCADE ON UPDATE CASCADE
) ENGINE=InnoDB AUTO_INCREMENT=127 DEFAULT CHARSET=utf8;

/*Data for the table `t_member_ship` */

insert  into `t_member_ship`(`index`,`member_id`,`ID`,`BACKS`,`BULL`,`COND`,`EXP`,`FUEL`,`KAIHI`,`KARYOKU`,`KYOUKA`,`LENG`,`LOCKED`,`LOCKED_EQUIP`,`LUCKY`,`LV`,`MAXHP`,`NDOCK_ITEM`,`NDOCK_TIME`,`NOWHP`,`ONSLOT`,`RAISOU`,`SAKUTEKI`,`SHIP_ID`,`SLOT`,`SLOTNUM`,`SORTNO`,`SOUKOU`,`SRATE`,`TAIKU`,`TAISEN`,`DELETED`,`DELETED_TIME`) values (1,9007383,1,2,20,49,'[1932,168,72]',15,'[45,79]','[12,29]','[0,4,2,4,0]',1,1,1,'[10,49]',6,16,'[0,0]',0,16,'[0,0,0,0,0]','[28,69]','[5,19]',46,'[3,-1,-1,-1,-1]',2,83,'[10,19]',0,'[13,39]','[22,49]',0,NULL),(2,9007383,2,3,20,49,'[4974,526,47]',15,'[46,89]','[15,29]','[3,11,10,7,0]',1,1,1,'[12,49]',10,15,'[0,0]',0,15,'[0,0,0,0,0]','[43,79]','[6,19]',34,'[5,6,-1,-1,-1]',2,71,'[13,19]',1,'[24,39]','[22,49]',0,NULL),(3,9007383,3,2,20,49,'[4449,51,94]',15,'[43,79]','[17,29]','[5,10,7,4,0]',1,1,1,'[10,49]',9,15,'[0,0]',0,15,'[0,0,0,0,0]','[37,69]','[6,19]',10,'[7,-1,-1,-1,-1]',2,12,'[9,19]',1,'[19,39]','[22,49]',0,NULL),(4,9007383,4,2,15,49,'[680,320,20]',15,'[38,69]','[10,29]','[2,3,4,2,0]',1,1,1,'[10,49]',4,13,'[0,0]',0,13,'[0,0,0,0,0]','[21,49]','[4,17]',28,'[42,-1,-1,-1,-1]',2,33,'[7,18]',1,'[13,29]','[16,39]',0,NULL),(5,9007383,5,4,20,49,'[27158,442,80]',15,'[55,89]','[21,49]','[7,11,6,5,0]',1,1,1,'[12,59]',23,30,'[0,0]',0,30,'[0,0,0,0,0]','[39,79]','[14,39]',243,'[447,78,9,-1,-1]',3,343,'[19,49]',1,'[23,49]','[43,59]',0,NULL),(6,9007383,6,2,20,49,'[266,34,83]',15,'[43,79]','[12,29]','[0,0,0,0,0]',1,1,1,'[10,49]',2,16,'[0,0]',0,16,'[0,0,0,0,0]','[27,69]','[5,19]',40,'[10,-1,-1,-1,-1]',2,77,'[6,19]',0,'[11,39]','[21,49]',0,NULL),(7,9007383,7,3,20,49,'[1252,248,50]',15,'[44,79]','[12,29]','[0,2,3,4,0]',1,1,1,'[12,49]',5,16,'[0,0]',0,16,'[0,0,0,0,0]','[33,79]','[5,19]',47,'[11,12,-1,-1,-1]',2,84,'[10,19]',0,'[14,39]','[22,49]',0,NULL),(8,9007383,8,1,50,49,'[0,100,0]',35,'[33,59]','[30,49]','[0,0,0,0,0]',2,1,1,'[10,49]',1,36,'[0,0]',0,36,'[2,2,2,0,0]','[12,49]','[10,39]',60,'[-1,-1,-1,-1,-1]',3,53,'[25,34]',0,'[16,49]','[0,0]',0,NULL),(9,9007383,9,4,36,49,'[38212,2388,14]',27,'[45,69]','[75,59]','[27,21,30,20,0]',2,1,1,'[10,49]',28,44,'[0,0]',0,44,'[3,3,3,0,0]','[45,59]','[36,59]',72,'[14,54,15,-1,-1]',3,64,'[56,59]',3,'[57,67]','[2,0]',0,NULL),(10,9007383,10,2,20,49,'[3684,816,9]',8,'[44,79]','[17,29]','[5,9,9,5,0]',1,1,1,'[10,49]',9,15,'[0,0]',0,15,'[0,0,0,0,0]','[36,69]','[6,19]',94,'[16,-1,-1,-1,-1]',2,69,'[10,19]',1,'[23,39]','[22,49]',0,NULL),(11,9007383,11,1,20,49,'[0,100,0]',15,'[43,79]','[12,29]','[0,0,0,0,0]',1,1,1,'[10,49]',1,16,'[0,0]',0,16,'[0,0,0,0,0]','[24,69]','[5,19]',98,'[17,-1,-1,-1,-1]',2,88,'[6,19]',0,'[11,39]','[21,49]',0,NULL),(12,9007383,12,2,20,49,'[2797,3,99]',15,'[42,79]','[15,29]','[3,9,6,3,0]',1,1,1,'[10,49]',7,15,'[0,0]',0,15,'[0,0,0,0,0]','[36,69]','[5,19]',11,'[18,-1,-1,-1,-1]',2,14,'[8,19]',1,'[18,39]','[22,49]',0,NULL),(13,9007383,13,1,25,49,'[0,100,0]',25,'[36,69]','[16,39]','[0,0,0,0,0]',2,1,1,'[10,49]',1,25,'[0,0]',0,25,'[1,1,0,0,0]','[24,79]','[8,39]',101,'[19,-1,-1,-1,-1]',2,41,'[10,29]',0,'[13,49]','[19,59]',0,NULL),(14,9007383,14,1,20,49,'[3206,394,50]',8,'[44,79]','[15,29]','[3,8,9,3,0]',1,1,1,'[20,79]',8,15,'[0,0]',0,15,'[0,0,0,0,0]','[35,69]','[6,19]',16,'[20,-1,-1,-1,-1]',2,70,'[8,19]',1,'[23,39]','[22,49]',0,NULL),(15,9007383,15,5,35,49,'[19216,1784,10]',25,'[50,79]','[29,59]','[7,9,4,5,0]',2,1,1,'[12,59]',20,41,'[0,0]',0,41,'[1,1,1,0,0]','[33,79]','[21,49]',289,'[158,159,160,-1,-1]',3,389,'[34,59]',1,'[32,59]','[54,79]',0,NULL),(16,9007383,16,2,15,49,'[488,112,62]',15,'[37,69]','[10,29]','[2,1,1,1,0]',1,1,1,'[10,49]',3,13,'[0,0]',0,13,'[0,0,0,0,0]','[19,49]','[4,17]',29,'[117,-1,-1,-1,-1]',2,34,'[6,18]',0,'[10,29]','[16,39]',0,NULL),(17,9007383,17,3,20,49,'[4102,398,55]',25,'[39,69]','[24,39]','[11,10,10,6,0]',2,1,1,'[17,49]',9,23,'[0,0]',0,23,'[0,0,0,0,0]','[28,59]','[8,19]',52,'[23,24,-1,-1,-1]',2,29,'[13,29]',1,'[20,39]','[21,59]',0,NULL),(18,9007383,18,1,20,49,'[0,100,0]',15,'[43,79]','[12,29]','[0,0,0,0,0]',1,1,1,'[10,49]',1,16,'[0,0]',0,16,'[0,0,0,0,0]','[24,69]','[5,19]',97,'[25,-1,-1,-1,-1]',2,87,'[6,19]',0,'[11,39]','[21,49]',0,NULL),(19,9007383,19,4,20,51,'[20360,640,68]',10,'[17,36]','[9,9]','[7,39,0,15,0]',1,1,1,'[40,79]',20,14,'[0,0]',0,14,'[0,0,0,0,0]','[79,69]','[15,39]',127,'[306,-1,-1,-1,-1]',1,127,'[19,19]',4,'[0,0]','[0,0]',0,NULL),(20,9007383,20,3,20,49,'[432,168,44]',15,'[44,79]','[13,29]','[1,2,3,1,0]',1,1,1,'[12,49]',3,16,'[0,0]',0,16,'[0,0,0,0,0]','[33,79]','[5,19]',42,'[26,27,-1,-1,-1]',2,79,'[7,19]',0,'[17,39]','[21,49]',0,NULL),(21,9007383,23,3,20,49,'[290,10,95]',15,'[44,79]','[13,29]','[1,0,2,1,0]',1,1,1,'[12,49]',2,16,'[0,0]',0,16,'[0,0,0,0,0]','[31,79]','[6,19]',17,'[37,38,-1,-1,-1]',2,91,'[7,19]',0,'[16,39]','[24,49]',0,NULL),(22,9007383,25,2,20,49,'[0,100,0]',15,'[43,79]','[10,29]','[0,0,0,0,0]',1,1,1,'[15,59]',1,16,'[0,0]',0,16,'[0,0,0,0,0]','[24,69]','[5,19]',49,'[-1,-1,-1,-1,-1]',2,90,'[6,19]',0,'[9,39]','[21,49]',0,NULL),(23,9007383,26,1,25,49,'[836,164,59]',25,'[38,69]','[19,39]','[3,5,2,3,0]',2,1,1,'[10,49]',4,26,'[0,0]',0,26,'[1,1,0,0,0]','[29,79]','[9,39]',23,'[99,-1,-1,-1,-1]',2,45,'[13,29]',0,'[17,49]','[41,79]',0,NULL),(24,9007383,27,2,20,49,'[552,48,84]',15,'[42,79]','[14,29]','[2,0,3,1,0]',1,1,1,'[10,49]',3,15,'[0,0]',0,15,'[0,0,0,0,0]','[27,69]','[5,19]',14,'[44,-1,-1,-1,-1]',2,18,'[6,19]',0,'[17,39]','[20,49]',0,NULL),(25,9007383,28,4,12,49,'[67595,2705,26]',15,'[54,79]','[46,59]','[18,25,14,17,0]',2,1,1,'[12,59]',37,44,'[0,0]',0,44,'[1,1,1,0,0]','[49,79]','[24,49]',224,'[330,81,77,-1,-1]',3,324,'[46,59]',2,'[32,59]','[60,79]',0,NULL),(26,9007383,29,1,15,49,'[472,128,57]',15,'[37,69]','[10,29]','[2,2,1,1,0]',1,1,1,'[10,49]',3,13,'[0,0]',0,13,'[0,0,0,0,0]','[20,49]','[4,17]',30,'[144,-1,-1,-1,-1]',2,36,'[6,18]',0,'[10,29]','[16,39]',0,NULL),(27,9007383,33,4,20,49,'[32274,226,90]',15,'[56,89]','[23,49]','[9,20,7,16,0]',1,1,1,'[12,59]',25,30,'[0,0]',0,30,'[0,0,0,0,0]','[48,79]','[15,39]',245,'[51,375,173,-1,-1]',3,345,'[30,49]',1,'[24,49]','[43,59]',0,NULL),(28,9007383,35,1,20,49,'[3015,585,26]',15,'[43,79]','[13,29]','[1,7,6,1,0]',1,1,1,'[10,49]',8,15,'[0,0]',0,15,'[0,0,0,0,0]','[34,69]','[6,19]',32,'[53,-1,-1,-1,-1]',2,13,'[6,19]',1,'[18,39]','[22,49]',0,NULL),(29,9007383,38,4,16,49,'[51365,1435,55]',24,'[46,67]','[11,19]','[9,0,13,9,0]',1,1,1,'[10,59]',32,47,'[7,14]',2280000,41,'[20,9,6,0,0]','[10,0]','[48,69]',109,'[176,189,94,-1,-1]',3,105,'[34,39]',2,'[37,49]','[8,0]',0,NULL),(30,9007383,39,4,12,49,'[91428,3172,26]',15,'[56,79]','[55,59]','[29,37,16,28,0]',2,1,1,'[12,59]',43,37,'[0,0]',0,37,'[1,1,1,0,0]','[61,79]','[26,49]',219,'[220,171,258,-1,-1]',3,319,'[57,59]',3,'[59,59]','[72,79]',0,NULL),(31,9007383,40,2,20,49,'[0,100,0]',15,'[43,79]','[12,29]','[0,0,0,0,0]',1,1,1,'[10,49]',1,16,'[0,0]',0,16,'[0,0,0,0,0]','[27,69]','[5,19]',41,'[61,-1,-1,-1,-1]',2,78,'[6,19]',0,'[11,39]','[21,49]',0,NULL),(32,9007383,42,4,70,49,'[20960,40,98]',40,'[47,79]','[67,78]','[8,4,18,30,0]',2,1,1,'[10,59]',20,55,'[0,0]',0,55,'[2,2,2,2,0]','[28,69]','[30,49]',271,'[79,229,438,384,-1]',4,371,'[75,75]',2,'[84,89]','[2,0]',0,NULL),(33,9007383,46,4,20,49,'[24913,387,82]',15,'[54,89]','[18,49]','[6,7,6,9,0]',1,1,1,'[12,49]',22,30,'[0,0]',0,30,'[0,0,0,0,0]','[35,79]','[14,39]',207,'[-1,-1,-1,-1,-1]',3,307,'[22,49]',1,'[21,49]','[31,59]',0,NULL),(34,9007383,47,2,15,49,'[0,100,0]',15,'[37,69]','[7,29]','[0,0,0,0,0]',1,1,1,'[10,49]',1,13,'[0,0]',0,13,'[0,0,0,0,0]','[18,49]','[4,17]',2,'[70,-1,-1,-1,-1]',2,32,'[5,18]',0,'[8,29]','[16,39]',0,NULL),(35,9007383,48,4,20,49,'[23074,26,98]',15,'[54,89]','[21,49]','[7,5,3,4,0]',1,1,1,'[12,59]',21,30,'[0,0]',0,30,'[0,0,0,0,0]','[38,79]','[13,39]',235,'[440,441,-1,-1,-1]',3,335,'[17,49]',1,'[25,49]','[31,59]',0,NULL),(36,9007383,50,1,65,49,'[8800,300,76]',40,'[37,59]','[63,54]','[7,11,14,6,0]',2,1,1,'[10,49]',13,44,'[0,0]',0,44,'[2,2,2,0,0]','[35,49]','[20,39]',63,'[267,206,191,-1,-1]',3,56,'[38,49]',2,'[37,54]','[2,0]',0,NULL),(37,9007383,53,2,20,49,'[0,100,0]',15,'[43,79]','[12,29]','[0,0,0,0,0]',1,1,1,'[10,49]',1,16,'[0,0]',0,16,'[0,0,0,0,0]','[24,69]','[5,19]',44,'[85,-1,-1,-1,-1]',2,81,'[6,19]',0,'[11,39]','[21,49]',0,NULL),(38,9007383,54,2,20,49,'[0,100,0]',15,'[44,79]','[10,29]','[0,0,0,0,0]',1,1,1,'[10,49]',1,16,'[0,0]',0,16,'[0,0,0,0,0]','[24,69]','[6,19]',18,'[-1,-1,-1,-1,-1]',2,92,'[6,19]',0,'[9,39]','[24,49]',0,NULL),(39,9007383,58,2,65,49,'[0,100,0]',40,'[34,59]','[40,54]','[0,0,0,0,0]',2,1,1,'[10,49]',1,44,'[0,0]',0,44,'[2,2,2,0,0]','[24,49]','[12,39]',64,'[-1,-1,-1,-1,-1]',3,57,'[32,49]',0,'[16,54]','[0,0]',0,NULL),(40,9007383,59,2,20,49,'[0,100,0]',15,'[40,79]','[12,29]','[0,0,0,0,0]',1,1,1,'[10,49]',1,15,'[0,0]',0,15,'[0,0,0,0,0]','[27,69]','[5,19]',33,'[91,-1,-1,-1,-1]',2,15,'[5,19]',0,'[12,39]','[20,49]',0,NULL),(41,9007383,64,1,20,49,'[0,100,0]',15,'[44,79]','[12,29]','[0,0,0,0,0]',1,1,1,'[10,49]',1,16,'[0,0]',0,16,'[0,0,0,0,0]','[24,69]','[6,19]',19,'[68,-1,-1,-1,-1]',2,93,'[6,19]',0,'[11,39]','[24,49]',0,NULL),(42,9007383,65,3,6,49,'[22599,501,76]',4,'[20,39]','[7,7]','[5,35,0,14,0]',1,1,1,'[10,49]',21,10,'[0,0]',0,10,'[0,0,0,0,0]','[69,59]','[13,29]',126,'[307,-1,-1,-1,-1]',1,126,'[17,17]',4,'[0,0]','[0,0]',0,NULL),(43,9007383,67,4,25,70,'[10458,42,97]',25,'[42,79]','[25,49]','[11,11,11,7,0]',2,1,1,'[12,49]',14,25,'[0,0]',0,25,'[1,1,0,0,0]','[35,89]','[12,39]',99,'[-1,-1,-1,-1,-1]',2,39,'[17,29]',1,'[24,59]','[24,59]',0,NULL),(44,9007383,75,1,20,49,'[0,100,0]',15,'[43,79]','[12,29]','[0,0,0,0,0]',1,1,1,'[10,49]',1,16,'[0,0]',0,16,'[0,0,0,0,0]','[24,69]','[5,19]',96,'[110,-1,-1,-1,-1]',2,86,'[6,19]',0,'[11,39]','[21,49]',0,NULL),(45,9007383,78,1,20,49,'[0,100,0]',15,'[41,79]','[12,29]','[0,0,0,0,0]',1,1,1,'[10,49]',1,15,'[0,0]',0,15,'[0,0,0,0,0]','[27,69]','[5,19]',15,'[114,-1,-1,-1,-1]',2,68,'[5,19]',0,'[14,39]','[20,49]',0,NULL),(46,9007383,82,1,20,49,'[3560,40,95]',8,'[44,79]','[11,29]','[1,7,6,4,0]',1,1,1,'[10,49]',8,15,'[0,0]',0,15,'[0,0,0,0,0]','[34,69]','[6,19]',36,'[-1,-1,-1,-1,-1]',2,73,'[10,19]',1,'[18,39]','[22,49]',0,NULL),(47,9007383,89,4,40,49,'[42766,734,74]',40,'[45,67]','[9,19]','[9,0,15,7,0]',1,1,1,'[10,59]',29,47,'[0,0]',0,47,'[21,9,6,0,0]','[10,0]','[51,69]',108,'[361,401,95,-1,-1]',3,104,'[32,39]',2,'[39,49]','[8,0]',0,NULL),(48,9007383,91,2,25,49,'[0,100,0]',25,'[36,69]','[16,39]','[0,0,0,0,0]',2,1,1,'[10,49]',1,25,'[0,0]',0,25,'[1,1,0,0,0]','[24,79]','[8,39]',100,'[131,-1,-1,-1,-1]',2,40,'[10,29]',0,'[13,49]','[19,59]',0,NULL),(49,9007383,102,2,25,49,'[0,100,0]',25,'[37,69]','[16,39]','[0,0,0,0,0]',2,1,1,'[10,49]',1,26,'[0,0]',0,26,'[1,1,0,0,0]','[24,79]','[8,39]',53,'[143,-1,-1,-1,-1]',2,44,'[10,29]',0,'[13,49]','[20,59]',0,NULL),(50,9007383,103,1,20,49,'[0,100,0]',15,'[43,79]','[10,29]','[0,0,0,0,0]',1,1,1,'[10,49]',1,16,'[0,0]',0,16,'[0,0,0,0,0]','[24,69]','[5,19]',48,'[-1,-1,-1,-1,-1]',2,89,'[6,19]',0,'[9,39]','[21,49]',0,NULL),(51,9007383,107,1,20,49,'[3560,40,95]',8,'[44,79]','[15,29]','[3,8,3,3,0]',1,1,1,'[10,49]',8,15,'[0,0]',0,15,'[0,0,0,0,0]','[35,69]','[6,19]',37,'[151,-1,-1,-1,-1]',2,74,'[9,19]',1,'[17,39]','[22,49]',0,NULL),(52,9007383,109,1,20,49,'[0,100,0]',15,'[43,79]','[12,29]','[0,0,0,0,0]',1,1,1,'[10,49]',1,16,'[0,0]',0,16,'[0,0,0,0,0]','[27,69]','[5,19]',39,'[153,-1,-1,-1,-1]',2,76,'[6,19]',0,'[11,39]','[21,49]',0,NULL),(53,9007383,123,5,50,49,'[37803,2797,0]',50,'[40,59]','[19,29]','[19,0,27,16,0]',1,1,1,'[10,49]',28,50,'[0,0]',0,50,'[12,27,18,7,0]','[0,0]','[49,69]',90,'[-1,-1,-1,-1,-1]',4,8,'[43,49]',3,'[53,69]','[0,0]',0,NULL),(54,9007383,132,5,30,49,'[26908,692,69]',25,'[49,79]','[39,59]','[11,8,14,10,0]',2,1,1,'[12,59]',23,44,'[0,0]',0,44,'[1,1,1,0,0]','[32,79]','[19,49]',222,'[435,40,73,-1,-1]',3,322,'[39,69]',1,'[32,69]','[47,79]',0,NULL),(55,9007383,139,2,15,49,'[0,100,0]',15,'[37,69]','[7,29]','[0,0,0,0,0]',1,1,1,'[15,69]',1,13,'[0,0]',0,13,'[0,0,0,0,0]','[18,49]','[4,17]',6,'[201,-1,-1,-1,-1]',2,35,'[5,18]',0,'[8,29]','[16,39]',0,NULL),(56,9007383,143,1,20,49,'[0,100,0]',15,'[40,79]','[12,29]','[0,0,0,0,0]',1,1,1,'[10,49]',1,15,'[0,0]',0,15,'[0,0,0,0,0]','[27,69]','[5,19]',12,'[205,-1,-1,-1,-1]',2,16,'[5,19]',0,'[12,39]','[20,49]',0,NULL),(57,9007383,145,4,25,49,'[0,100,0]',25,'[37,79]','[16,49]','[0,0,0,0,0]',2,1,1,'[12,49]',1,26,'[0,0]',0,26,'[1,1,0,0,0]','[31,89]','[8,39]',21,'[207,208,-1,-1,-1]',2,42,'[10,29]',0,'[13,59]','[20,59]',0,NULL),(58,9007383,150,6,20,49,'[49296,304,90]',15,'[49,77]','[24,39]','[16,19,15,20,0]',2,1,1,'[15,69]',31,32,'[5,10]',1745000,25,'[0,0,0,0,0]','[111,99]','[17,39]',58,'[371,172,-1,-1,-1]',2,98,'[32,39]',3,'[28,39]','[41,59]',0,NULL),(59,9007383,155,3,8,49,'[13772,1528,10]',6,'[19,39]','[7,7]','[5,21,0,14,0]',1,1,1,'[10,49]',17,10,'[0,1]',185000,8,'[0,0,0,0,0]','[55,59]','[12,29]',126,'[439,-1,-1,-1,-1]',1,126,'[17,17]',3,'[0,0]','[0,0]',0,NULL),(60,9007383,158,4,65,49,'[8184,916,29]',40,'[39,69]','[64,59]','[8,11,9,9,0]',2,1,1,'[10,49]',13,45,'[0,0]',0,45,'[2,2,2,0,0]','[35,59]','[21,39]',66,'[335,90,115,-1,-1]',3,59,'[44,49]',1,'[34,66]','[2,0]',0,NULL),(61,9007383,161,4,40,49,'[0,100,0]',40,'[28,54]','[0,19]','[0,0,0,0,0]',1,1,1,'[10,49]',1,40,'[0,0]',0,40,'[12,18,18,10,0]','[5,0]','[39,59]',75,'[226,227,228,-1,-1]',4,65,'[21,39]',0,'[23,59]','[7,0]',0,NULL),(62,9007383,162,3,50,49,'[0,100,0]',35,'[33,69]','[30,54]','[0,0,0,0,0]',2,1,1,'[10,49]',1,36,'[0,0]',0,36,'[2,2,2,0,0]','[12,59]','[10,39]',59,'[-1,-1,-1,-1,-1]',3,52,'[25,34]',0,'[16,59]','[0,0]',0,NULL),(63,9007383,163,4,60,49,'[29518,482,79]',45,'[44,69]','[60,59]','[12,19,22,14,0]',2,1,1,'[10,49]',24,44,'[0,0]',0,44,'[3,3,3,0,0]','[43,59]','[34,59]',71,'[231,13,112,-1,-1]',3,63,'[50,59]',2,'[49,67]','[2,0]',0,NULL),(64,9007383,170,3,25,49,'[0,100,0]',25,'[24,39]','[0,19]','[0,0,0,0,0]',1,1,1,'[20,69]',1,30,'[0,0]',0,30,'[8,11,0,0,0]','[0,0]','[32,69]',89,'[241,-1,-1,-1,-1]',2,25,'[15,39]',0,'[10,29]','[3,0]',0,NULL),(65,9007383,171,3,20,49,'[0,100,0]',15,'[43,89]','[12,29]','[0,0,0,0,0]',1,1,1,'[12,49]',1,16,'[0,0]',0,16,'[0,0,0,0,0]','[32,79]','[5,19]',38,'[242,243,-1,-1,-1]',2,75,'[6,19]',0,'[14,39]','[21,49]',0,NULL),(66,9007383,177,6,55,49,'[0,100,0]',60,'[28,49]','[0,39]','[0,0,0,0,0]',1,1,1,'[12,49]',1,69,'[0,0]',0,69,'[18,18,27,10,0]','[5,0]','[45,69]',83,'[249,250,251,-1,-1]',4,6,'[28,54]',0,'[37,69]','[7,0]',0,NULL),(67,9007383,178,1,20,49,'[0,100,0]',15,'[41,79]','[12,29]','[0,0,0,0,0]',1,1,1,'[10,49]',1,15,'[0,0]',0,15,'[0,0,0,0,0]','[27,69]','[5,19]',93,'[252,-1,-1,-1,-1]',2,67,'[5,19]',0,'[14,39]','[20,49]',0,NULL),(68,9007383,183,4,30,49,'[19740,1260,37]',25,'[47,79]','[32,59]','[4,5,8,3,0]',2,1,1,'[12,59]',20,44,'[0,0]',0,44,'[1,1,1,0,0]','[39,79]','[22,49]',223,'[222,388,389,-1,-1]',3,323,'[32,59]',1,'[27,59]','[37,79]',0,NULL),(69,9007383,238,1,65,49,'[0,100,0]',40,'[35,59]','[40,54]','[0,0,0,0,0]',2,1,1,'[10,49]',1,45,'[0,0]',0,45,'[2,2,2,0,0]','[24,49]','[13,39]',69,'[-1,-1,-1,-1,-1]',3,62,'[35,49]',0,'[18,56]','[0,0]',0,NULL),(70,9007383,239,5,110,60,'[29017,983,59]',80,'[37,59]','[95,89]','[15,0,24,12,0]',3,1,1,'[10,49]',24,63,'[0,0]',0,63,'[3,3,3,0,0]','[0,0]','[24,39]',85,'[332,333,129,-1,-1]',3,24,'[64,69]',2,'[53,69]','[2,0]',0,NULL),(71,9007383,241,1,65,49,'[15864,1236,31]',40,'[38,59]','[63,54]','[7,8,17,11,0]',2,1,1,'[10,49]',18,44,'[0,0]',0,44,'[2,2,2,0,0]','[32,49]','[21,39]',65,'[336,63,59,-1,-1]',3,58,'[43,49]',2,'[40,54]','[2,0]',0,NULL),(72,9007383,254,4,65,49,'[768,232,42]',40,'[35,59]','[57,54]','[1,1,3,3,0]',2,1,1,'[10,49]',4,45,'[0,0]',0,45,'[2,2,2,0,0]','[25,59]','[19,39]',67,'[353,56,150,-1,-1]',3,60,'[38,49]',0,'[28,56]','[2,0]',0,NULL),(73,9007383,259,4,40,49,'[2304,496,29]',40,'[29,54]','[2,19]','[2,0,4,1,0]',1,1,1,'[20,79]',7,40,'[0,0]',0,40,'[12,18,18,10,0]','[0,0]','[39,59]',92,'[-1,-1,-1,-1,-1]',4,66,'[22,39]',0,'[25,59]','[0,0]',0,NULL),(74,9007383,269,4,50,49,'[0,100,0]',35,'[33,69]','[46,54]','[0,0,0,0,0]',2,1,1,'[20,69]',1,37,'[0,0]',0,37,'[2,2,2,0,0]','[12,59]','[16,39]',123,'[377,261,102,-1,-1]',3,120,'[26,37]',0,'[23,59]','[2,0]',0,NULL),(75,9007383,275,4,35,49,'[1536,564,6]',35,'[28,44]','[4,19]','[2,0,2,3,0]',2,1,1,'[10,49]',6,31,'[0,0]',0,31,'[9,24,5,0,0]','[5,0]','[37,69]',76,'[391,392,431,-1,-1]',3,30,'[20,39]',1,'[20,29]','[4,0]',0,NULL),(76,9007383,294,4,65,49,'[2664,136,80]',40,'[37,69]','[61,59]','[5,7,5,3,0]',2,1,1,'[10,49]',7,41,'[0,0]',0,41,'[2,2,2,0,0]','[25,69]','[20,39]',70,'[317,423,354,-1,-1]',3,51,'[34,59]',1,'[32,59]','[2,0]',0,NULL),(77,9007383,296,4,40,49,'[0,100,0]',40,'[28,54]','[0,19]','[0,0,0,0,0]',1,0,0,'[10,49]',1,40,'[0,0]',0,40,'[12,18,18,10,0]','[5,0]','[39,59]',75,'[417,418,419,-1,-1]',4,65,'[21,39]',0,'[23,59]','[7,0]',0,NULL),(78,9007383,297,4,40,49,'[0,100,0]',40,'[28,54]','[0,19]','[0,0,0,0,0]',1,0,0,'[20,79]',1,40,'[0,0]',0,40,'[12,18,18,10,0]','[5,0]','[39,59]',92,'[420,421,422,-1,-1]',4,66,'[21,39]',0,'[23,59]','[7,0]',0,NULL),(79,9007383,298,3,20,49,'[11350,650,56]',10,'[18,39]','[7,7]','[5,21,0,14,0]',1,1,1,'[10,49]',15,10,'[0,0]',0,10,'[0,0,0,0,0]','[57,59]','[12,29]',126,'[184,-1,-1,-1,-1]',1,126,'[17,17]',3,'[0,0]','[0,0]',0,NULL),(80,9007383,303,5,110,84,'[56750,2750,19]',80,'[39,59]','[110,89]','[17,0,30,13,0]',3,1,1,'[15,69]',34,63,'[0,0]',0,63,'[3,3,3,0,0]','[0,0]','[26,39]',79,'[430,496,193,-1,-1]',3,23,'[65,69]',3,'[63,69]','[2,0]',0,NULL),(81,9007383,308,5,110,49,'[1941,159,73]',80,'[32,59]','[85,89]','[5,0,5,3,0]',3,1,1,'[10,49]',6,63,'[0,0]',0,63,'[3,3,3,0,0]','[0,0]','[14,39]',86,'[444,445,446,-1,-1]',3,22,'[55,69]',1,'[35,69]','[0,0]',0,NULL),(82,9007383,310,5,44,58,'[10047,453,67]',48,'[34,59]','[103,89]','[10,0,13,5,0]',3,1,1,'[12,49]',14,63,'[0,0]',0,63,'[3,3,3,0,0]','[0,0]','[21,39]',78,'[450,476,369,-1,-1]',3,21,'[57,69]',1,'[46,69]','[2,0]',0,NULL),(83,9007383,311,1,65,49,'[0,100,0]',40,'[35,59]','[40,54]','[0,0,0,0,0]',2,0,0,'[10,49]',1,45,'[0,0]',0,45,'[2,2,2,0,0]','[24,49]','[13,39]',68,'[-1,-1,-1,-1,-1]',3,61,'[35,49]',0,'[18,56]','[0,0]',0,NULL),(84,9007383,317,4,25,49,'[0,100,0]',25,'[36,69]','[16,39]','[0,0,0,0,0]',2,0,0,'[15,69]',1,25,'[0,0]',0,25,'[0,0,0,0,0]','[31,79]','[8,39]',25,'[460,461,-1,-1,-1]',2,20,'[10,29]',0,'[13,49]','[19,59]',0,NULL),(85,9007383,319,1,25,49,'[0,100,0]',25,'[37,69]','[16,39]','[0,0,0,0,0]',2,0,0,'[10,49]',1,26,'[0,0]',0,26,'[1,1,0,0,0]','[24,79]','[8,39]',23,'[465,-1,-1,-1,-1]',2,45,'[10,29]',0,'[13,49]','[40,79]',0,NULL),(86,9007383,320,1,65,49,'[0,100,0]',40,'[34,59]','[40,54]','[0,0,0,0,0]',2,0,0,'[10,49]',1,44,'[0,0]',0,44,'[2,2,2,0,0]','[24,49]','[12,39]',65,'[-1,-1,-1,-1,-1]',3,58,'[32,49]',0,'[16,54]','[0,0]',0,NULL),(87,9007383,321,2,65,49,'[0,100,0]',40,'[34,59]','[40,54]','[0,0,0,0,0]',2,0,0,'[10,49]',1,44,'[0,0]',0,44,'[2,2,2,0,0]','[24,49]','[12,39]',64,'[-1,-1,-1,-1,-1]',3,57,'[32,49]',0,'[16,54]','[0,0]',0,NULL),(88,9007383,322,1,65,49,'[0,100,0]',40,'[34,59]','[40,54]','[0,0,0,0,0]',2,0,0,'[10,49]',1,44,'[0,0]',0,44,'[2,2,2,0,0]','[24,49]','[12,39]',63,'[-1,-1,-1,-1,-1]',3,56,'[32,49]',0,'[16,54]','[0,0]',0,NULL),(89,9007383,323,4,40,49,'[0,100,0]',40,'[28,54]','[0,19]','[0,0,0,0,0]',1,0,0,'[10,49]',1,40,'[0,0]',0,40,'[12,18,18,10,0]','[5,0]','[39,59]',75,'[469,470,471,-1,-1]',4,65,'[21,39]',0,'[23,59]','[7,0]',0,NULL),(90,9007383,326,5,110,49,'[0,100,0]',80,'[31,59]','[65,89]','[0,0,0,0,0]',3,0,0,'[10,49]',1,63,'[0,0]',0,63,'[3,3,3,0,0]','[0,0]','[13,39]',85,'[477,478,-1,-1,-1]',3,24,'[52,69]',0,'[26,69]','[0,0]',0,NULL),(91,9007383,328,1,65,49,'[0,100,0]',40,'[35,59]','[40,54]','[0,0,0,0,0]',2,0,0,'[10,49]',1,45,'[0,0]',0,45,'[2,2,2,0,0]','[24,49]','[13,39]',68,'[-1,-1,-1,-1,-1]',3,61,'[35,49]',0,'[18,56]','[0,0]',0,NULL),(92,9007383,329,3,20,49,'[250,50,75]',15,'[40,89]','[12,29]','[0,2,2,1,0]',1,1,1,'[17,49]',2,15,'[0,0]',0,15,'[0,0,0,0,0]','[34,79]','[5,19]',9,'[482,483,-1,-1,-1]',2,11,'[6,19]',0,'[14,39]','[20,49]',0,NULL),(93,9007383,333,4,65,49,'[0,100,0]',40,'[34,69]','[48,59]','[0,0,0,0,0]',2,1,1,'[10,49]',1,44,'[0,0]',0,44,'[2,2,2,0,0]','[24,59]','[17,39]',62,'[489,490,-1,-1,-1]',3,55,'[32,49]',0,'[20,64]','[2,0]',0,NULL),(94,9007383,334,3,50,49,'[0,100,0]',35,'[34,69]','[38,54]','[0,0,0,0,0]',2,1,1,'[20,69]',1,37,'[0,0]',0,37,'[2,2,2,0,0]','[12,59]','[11,39]',61,'[491,492,-1,-1,-1]',3,54,'[26,37]',0,'[21,59]','[0,0]',0,NULL),(95,9007383,335,2,20,49,'[0,100,0]',15,'[44,79]','[10,29]','[0,0,0,0,0]',1,0,0,'[10,49]',1,16,'[0,0]',0,16,'[0,0,0,0,0]','[24,69]','[6,19]',18,'[-1,-1,-1,-1,-1]',2,92,'[6,19]',0,'[9,39]','[24,49]',0,NULL),(96,9007383,336,1,50,49,'[0,100,0]',35,'[33,59]','[38,49]','[0,0,0,0,0]',2,0,0,'[10,49]',1,36,'[0,0]',0,36,'[2,2,2,0,0]','[12,49]','[10,39]',60,'[494,-1,-1,-1,-1]',3,53,'[25,34]',0,'[19,49]','[0,0]',0,NULL),(97,9007383,337,2,25,49,'[0,100,0]',25,'[38,69]','[16,39]','[0,0,0,0,0]',2,0,0,'[10,49]',1,26,'[0,0]',0,26,'[1,1,0,0,0]','[24,79]','[8,39]',56,'[495,-1,-1,-1,-1]',2,48,'[11,29]',0,'[13,49]','[24,69]',0,NULL),(98,9007383,338,5,110,49,'[0,100,0]',80,'[31,59]','[65,89]','[0,0,0,0,0]',3,0,0,'[10,49]',1,63,'[0,0]',0,63,'[3,3,3,0,0]','[0,0]','[13,39]',86,'[497,498,-1,-1,-1]',3,22,'[52,69]',0,'[26,69]','[0,0]',0,NULL),(99,9007383,339,4,40,49,'[0,100,0]',40,'[28,54]','[0,19]','[0,0,0,0,0]',1,0,0,'[20,79]',1,40,'[0,0]',0,40,'[12,18,18,10,0]','[5,0]','[39,59]',92,'[499,500,501,-1,-1]',4,66,'[21,39]',0,'[23,59]','[7,0]',0,NULL),(100,9007383,340,1,20,49,'[0,100,0]',15,'[44,79]','[12,29]','[0,0,0,0,0]',1,0,0,'[10,49]',1,16,'[0,0]',0,16,'[0,0,0,0,0]','[24,69]','[6,19]',19,'[121,-1,-1,-1,-1]',2,93,'[6,19]',0,'[11,39]','[24,49]',0,NULL),(101,9007383,341,4,65,49,'[0,100,0]',40,'[35,69]','[47,59]','[0,0,0,0,0]',2,0,0,'[10,49]',1,41,'[0,0]',0,41,'[2,2,2,0,0]','[18,69]','[19,39]',70,'[503,504,-1,-1,-1]',3,51,'[31,59]',0,'[25,59]','[2,0]',0,NULL),(102,9007383,342,5,50,49,'[0,100,0]',50,'[33,59]','[0,29]','[0,0,0,0,0]',1,0,0,'[10,49]',1,50,'[0,0]',0,50,'[12,27,18,7,0]','[5,0]','[43,69]',90,'[505,506,507,-1,-1]',4,8,'[27,49]',0,'[31,69]','[7,0]',0,NULL),(103,9007383,343,4,25,49,'[0,100,0]',25,'[38,79]','[16,49]','[0,0,0,0,0]',2,0,0,'[12,49]',1,26,'[0,0]',0,26,'[1,1,0,0,0]','[24,89]','[13,39]',54,'[508,509,-1,-1,-1]',2,46,'[11,29]',0,'[14,59]','[22,69]',0,NULL),(104,9007383,344,4,65,49,'[0,100,0]',40,'[35,59]','[48,54]','[0,0,0,0,0]',2,0,0,'[10,49]',1,45,'[0,0]',0,45,'[2,2,2,0,0]','[24,59]','[18,39]',67,'[510,511,-1,-1,-1]',3,60,'[35,49]',0,'[22,56]','[2,0]',0,NULL),(105,9007383,345,4,40,49,'[0,100,0]',40,'[28,54]','[0,19]','[0,0,0,0,0]',1,0,0,'[10,49]',1,40,'[0,0]',0,40,'[12,18,18,10,0]','[5,0]','[39,59]',75,'[512,513,514,-1,-1]',4,65,'[21,39]',0,'[23,59]','[7,0]',0,NULL),(106,9007383,346,1,25,49,'[0,100,0]',25,'[36,69]','[16,39]','[0,0,0,0,0]',2,0,0,'[10,49]',1,25,'[0,0]',0,25,'[1,1,0,0,0]','[24,79]','[8,39]',101,'[515,-1,-1,-1,-1]',2,41,'[10,29]',0,'[13,49]','[19,59]',0,NULL),(107,9007383,347,1,25,49,'[0,100,0]',25,'[38,69]','[16,39]','[0,0,0,0,0]',2,0,0,'[10,49]',1,26,'[0,0]',0,26,'[1,1,0,0,0]','[24,79]','[8,39]',55,'[516,-1,-1,-1,-1]',2,47,'[11,29]',0,'[13,49]','[20,69]',0,NULL),(108,9007383,352,1,65,49,'[0,100,0]',40,'[35,59]','[40,54]','[0,0,0,0,0]',2,0,0,'[10,49]',1,45,'[0,0]',0,45,'[2,2,2,0,0]','[24,49]','[13,39]',69,'[-1,-1,-1,-1,-1]',3,62,'[35,49]',0,'[18,56]','[0,0]',0,NULL),(109,9007383,353,2,35,49,'[0,100,0]',35,'[20,39]','[11,29]','[0,0,0,0,0]',1,0,0,'[10,49]',1,40,'[0,0]',0,40,'[12,12,0,0,0]','[0,0]','[39,69]',102,'[525,526,-1,-1,-1]',2,49,'[18,39]',0,'[19,29]','[2,0]',0,NULL),(110,9007383,354,1,20,49,'[0,100,0]',15,'[40,79]','[12,29]','[0,0,0,0,0]',1,0,0,'[10,49]',1,15,'[0,0]',0,15,'[0,0,0,0,0]','[27,69]','[5,19]',32,'[527,-1,-1,-1,-1]',2,13,'[5,19]',0,'[12,39]','[20,49]',0,NULL),(111,9007383,355,3,20,49,'[0,100,0]',25,'[36,69]','[13,39]','[0,0,0,0,0]',2,0,0,'[17,49]',1,23,'[0,0]',0,23,'[0,0,0,0,0]','[18,59]','[7,19]',52,'[528,529,-1,-1,-1]',2,29,'[7,29]',0,'[10,39]','[18,59]',0,NULL),(112,9007383,356,3,20,49,'[0,100,0]',25,'[36,69]','[13,39]','[0,0,0,0,0]',2,1,1,'[17,49]',1,23,'[0,0]',0,23,'[0,0,0,0,0]','[18,59]','[7,19]',51,'[530,531,-1,-1,-1]',2,28,'[7,29]',0,'[10,39]','[18,59]',0,NULL),(113,9007383,357,2,25,49,'[0,100,0]',25,'[36,69]','[16,39]','[0,0,0,0,0]',2,0,0,'[10,49]',1,25,'[0,0]',0,25,'[1,1,0,0,0]','[24,79]','[8,39]',100,'[532,-1,-1,-1,-1]',2,40,'[10,29]',0,'[13,49]','[19,59]',0,NULL),(114,9007383,358,4,60,49,'[0,100,0]',45,'[36,69]','[40,59]','[0,0,0,0,0]',2,0,0,'[10,49]',1,44,'[0,0]',0,44,'[3,3,3,0,0]','[24,59]','[25,59]',71,'[533,534,-1,-1,-1]',3,63,'[36,59]',0,'[24,67]','[2,0]',0,NULL),(115,9007383,359,2,25,49,'[0,100,0]',25,'[37,69]','[16,39]','[0,0,0,0,0]',2,0,0,'[10,49]',1,26,'[0,0]',0,26,'[1,1,0,0,0]','[24,79]','[8,39]',53,'[535,-1,-1,-1,-1]',2,44,'[10,29]',0,'[13,49]','[20,59]',0,NULL),(116,9007383,360,2,20,49,'[0,100,0]',15,'[43,79]','[12,29]','[0,0,0,0,0]',1,0,0,'[10,49]',1,16,'[0,0]',0,16,'[0,0,0,0,0]','[24,69]','[5,19]',43,'[542,-1,-1,-1,-1]',2,80,'[6,19]',0,'[11,39]','[21,49]',0,NULL),(117,9007383,361,2,20,49,'[0,100,0]',15,'[43,79]','[12,29]','[0,0,0,0,0]',1,0,0,'[10,49]',1,16,'[0,0]',0,16,'[0,0,0,0,0]','[27,69]','[5,19]',40,'[543,-1,-1,-1,-1]',2,77,'[6,19]',0,'[11,39]','[21,49]',0,NULL),(118,9007383,362,1,50,49,'[0,100,0]',35,'[33,59]','[38,49]','[0,0,0,0,0]',2,0,0,'[10,49]',1,36,'[0,0]',0,36,'[2,2,2,0,0]','[12,49]','[10,39]',60,'[544,-1,-1,-1,-1]',3,53,'[25,34]',0,'[19,49]','[0,0]',0,NULL),(119,9007383,363,1,25,49,'[0,100,0]',25,'[36,69]','[16,39]','[0,0,0,0,0]',2,0,0,'[10,49]',1,25,'[0,0]',0,25,'[1,1,0,0,0]','[24,79]','[8,39]',101,'[545,-1,-1,-1,-1]',2,41,'[10,29]',0,'[13,49]','[19,59]',0,NULL),(120,9007383,364,2,25,49,'[0,100,0]',25,'[38,69]','[16,39]','[0,0,0,0,0]',2,0,0,'[10,49]',1,26,'[0,0]',0,26,'[1,1,0,0,0]','[24,79]','[8,39]',56,'[546,-1,-1,-1,-1]',2,48,'[11,29]',0,'[13,49]','[24,69]',0,NULL),(124,9007383,365,2,25,49,'[0,100,0]',25,'[38,69]','[16,39]','[0,0,0,0,0]',2,0,0,'[10,49]',1,26,'[0,0]',0,26,'[1,1,0,0,0]','[24,79]','[8,39]',56,'[546,-1,-1,-1,-1]',2,48,'[11,29]',0,'[13,49]','[24,69]',0,NULL),(125,9007383,366,2,25,49,'[0,100,0]',25,'[38,69]','[16,39]','[0,0,0,0,0]',2,0,0,'[10,49]',1,26,'[0,0]',0,26,'[1,1,0,0,0]','[24,79]','[8,39]',56,'[546,-1,-1,-1,-1]',2,48,'[11,29]',0,'[13,49]','[24,69]',0,NULL),(126,9007383,367,2,25,49,'[0,100,0]',25,'[38,69]','[16,39]','[0,0,0,0,0]',2,0,0,'[10,49]',1,26,'[0,0]',0,26,'[1,1,0,0,0]','[24,79]','[8,39]',56,'[546,-1,-1,-1,-1]',2,48,'[11,29]',0,'[13,49]','[24,69]',0,NULL);

/*Table structure for table `t_member_slotitem` */

DROP TABLE IF EXISTS `t_member_slotitem`;

CREATE TABLE `t_member_slotitem` (
  `index` bigint(20) unsigned NOT NULL AUTO_INCREMENT,
  `member_id` bigint(20) unsigned NOT NULL,
  `ID` bigint(20) unsigned DEFAULT NULL,
  `LEVEL` tinyint(3) unsigned NOT NULL,
  `LOCKED` tinyint(3) unsigned NOT NULL,
  `SLOTITEM_ID` int(11) unsigned NOT NULL,
  `DELETED` tinyint(3) unsigned NOT NULL DEFAULT '0',
  `DELETED_TIME` datetime DEFAULT NULL,
  PRIMARY KEY (`index`),
  KEY `SLOTITEM_ID` (`SLOTITEM_ID`),
  KEY `member_id` (`member_id`),
  CONSTRAINT `t_member_slotitem_ibfk_1` FOREIGN KEY (`SLOTITEM_ID`) REFERENCES `t_slotitem` (`ID`) ON DELETE CASCADE ON UPDATE CASCADE,
  CONSTRAINT `t_member_slotitem_ibfk_2` FOREIGN KEY (`member_id`) REFERENCES `t_member` (`member_id`) ON DELETE CASCADE ON UPDATE CASCADE
) ENGINE=InnoDB DEFAULT CHARSET=utf8;

/*Data for the table `t_member_slotitem` */

/*Table structure for table `t_member_useitem` */

DROP TABLE IF EXISTS `t_member_useitem`;

CREATE TABLE `t_member_useitem` (
  `index` bigint(20) unsigned NOT NULL AUTO_INCREMENT,
  `member_id` bigint(20) unsigned NOT NULL,
  `ID` int(10) unsigned NOT NULL,
  `COUNT` int(10) NOT NULL,
  PRIMARY KEY (`index`),
  UNIQUE KEY `member_id` (`member_id`,`ID`),
  KEY `ID` (`ID`),
  CONSTRAINT `t_member_useitem_ibfk_1` FOREIGN KEY (`member_id`) REFERENCES `t_member` (`member_id`) ON DELETE CASCADE ON UPDATE CASCADE,
  CONSTRAINT `t_member_useitem_ibfk_2` FOREIGN KEY (`ID`) REFERENCES `t_useitem` (`ID`) ON DELETE CASCADE ON UPDATE CASCADE
) ENGINE=InnoDB AUTO_INCREMENT=2 DEFAULT CHARSET=utf8;

/*Data for the table `t_member_useitem` */

insert  into `t_member_useitem`(`index`,`member_id`,`ID`,`COUNT`) values (1,9007383,10,1);

/*Table structure for table `t_mission` */

DROP TABLE IF EXISTS `t_mission`;

CREATE TABLE `t_mission` (
  `ID` int(10) unsigned NOT NULL,
  `NAME` varchar(255) NOT NULL,
  `DIFFICULTY` tinyint(4) unsigned NOT NULL,
  `MAPAREA_ID` tinyint(4) unsigned NOT NULL,
  `TIME` smallint(4) unsigned NOT NULL,
  `USE_FUEL` float unsigned NOT NULL,
  `USE_BULL` float unsigned NOT NULL,
  `METERIALS` varchar(255) NOT NULL,
  `WIN_ITEM1` varchar(255) NOT NULL,
  `WIN_ITEM2` varchar(255) NOT NULL,
  `RETURN_FLAG` tinyint(4) unsigned NOT NULL,
  `DETAILS` varchar(255) NOT NULL,
  PRIMARY KEY (`ID`)
) ENGINE=InnoDB DEFAULT CHARSET=utf8;

/*Data for the table `t_mission` */

insert  into `t_mission`(`ID`,`NAME`,`DIFFICULTY`,`MAPAREA_ID`,`TIME`,`USE_FUEL`,`USE_BULL`,`METERIALS`,`WIN_ITEM1`,`WIN_ITEM2`,`RETURN_FLAG`,`DETAILS`) values (1,'練習航海',1,1,15,0.3,0,'[0,0,0,0]','[0,0]','[0,0]',1,'鎮守府近海を航海し、艦隊の練度を高めよう！'),(2,'長距離練習航海',1,1,30,0.5,0,'[0,0,0,0]','[1,1]','[0,0]',1,'外海まで足を延ばし、艦隊の練度を高めよう！'),(3,'警備任務',2,1,20,0.3,0.2,'[0,0,0,0]','[0,0]','[0,0]',1,'鎮守府の担当海域をパトロールして、領海の安全を守ろう！'),(4,'対潜警戒任務',2,1,50,0.5,0,'[0,0,0,0]','[1,1]','[10,1]',1,'水雷戦隊を編成し、領海内を索敵、対潜水警戒任務につこう！'),(5,'海上護衛任務',3,1,90,0.5,0,'[0,0,0,0]','[0,0]','[0,0]',1,'輸送船団の安全を図るために、船団に同行して、これを護衛しよう！'),(6,'防空射撃演習',3,1,40,0.3,0.2,'[0,0,0,0]','[10,1]','[0,0]',1,'敵艦載機襲来に備えて、対空射撃や回避運動の訓練をしよう！'),(7,'観艦式予行',3,1,60,0.5,0,'[0,0,0,0]','[2,1]','[0,0]',1,'海の一大ページェント、「観艦式」の予行航海を実施しよう！'),(8,'観艦式',4,1,180,0.5,0.2,'[0,0,0,0]','[2,2]','[3,1]',1,'今こそ日頃の訓練の成果を見せるとき！「観艦式」を挙行しよう！'),(9,'タンカー護衛任務',3,2,240,0.5,0,'[0,0,0,0]','[10,1]','[1,2]',1,'油田地帯から燃料を満載して戻るタンカー船団を護衛しよう！'),(10,'強行偵察任務',3,2,90,0.3,0,'[0,0,0,0]','[1,1]','[2,1]',1,'水上偵察機搭載艦などを活用し、敵艦隊の動向を探れ！'),(11,'ボーキサイト輸送任務',4,2,300,0.5,0,'[0,0,0,0]','[10,1]','[1,1]',1,'資源集積地から母港に、ボーキサイトを輸送しよう！'),(12,'資源輸送任務',4,2,480,0.5,0,'[0,0,0,0]','[11,1]','[3,1]',1,'資源国から輸入される資源を母港へ護衛し、無事輸送を完了しよう！'),(13,'鼠輸送作戦',5,2,240,0.5,0.4,'[0,0,0,0]','[1,2]','[10,1]',1,'快速の駆逐艦を集中運用して、激戦の諸島へ物資を輸送しよう！'),(14,'包囲陸戦隊撤収作戦',5,2,360,0.5,0,'[0,0,0,0]','[1,1]','[3,1]',1,'機動力のある小艦艇部隊を結集し、包囲下の部隊を収容しよう！'),(15,'囮機動部隊支援作戦',6,2,720,0.5,0.4,'[0,0,0,0]','[12,1]','[3,1]',1,'敵機動部隊の戦力を誘引する空母を含む囮部隊で、主力艦隊を支援しよう！'),(16,'艦隊決戦援護作戦',6,2,900,0.5,0.4,'[0,0,0,0]','[2,2]','[3,2]',1,'有力な艦隊を編成し、敵の背後側面を奇襲、主力の艦隊決戦を援護しよう！'),(17,'敵地偵察作戦',5,3,45,0.3,0.4,'[0,0,0,0]','[0,0]','[0,0]',1,'精鋭の水雷戦隊を編成し、北方海域の敵情勢を強行偵察せよ！'),(18,'航空機輸送作戦',6,3,300,0.5,0.2,'[0,0,0,0]','[1,1]','[0,0]',1,'有力な「航空母艦」多数を配備した艦隊を編成、前線に航空機を輸送せよ！'),(19,'北号作戦',6,3,360,0.5,0.4,'[0,0,0,0]','[10,1]','[3,1]',1,'練度の高い「航空戦艦」複数を基幹とした、強行輸送船団を出航させよ！'),(20,'潜水艦哨戒任務',6,3,120,0.5,0.4,'[0,0,0,0]','[3,1]','[10,1]',1,'潜水艦とその支援艦艇によって構成された艦隊で、北方海域の哨戒任務に当たれ！'),(21,'北方鼠輸送作戦',6,3,140,0.8,0.7,'[0,0,0,0]','[10,1]','[0,0]',1,'水雷戦隊にドラム缶(輸送用)を積載し、北方方面の友軍への糧食補給を図れ！'),(22,'艦隊演習',7,3,180,0.8,0.7,'[0,0,0,0]','[0,0]','[0,0]',1,'練度を向上させるための艦隊演習を行う。(資源獲得目的の遠征ではありません)'),(23,'航空戦艦運用演習',8,3,240,0.8,0.8,'[0,0,0,0]','[0,0]','[0,0]',1,'練度の高い「航空戦艦」複数を基幹とした艦隊による総合演習を実施せよ！'),(25,'通商破壊作戦',7,4,2400,0.5,0.8,'[0,0,0,0]','[0,0]','[0,0]',1,'快速かつ打撃力のある重巡を中心とした艦隊によって、敵後方補給線を遮断せよ!'),(26,'敵母港空襲作戦',7,4,4800,0.8,0.8,'[0,0,0,0]','[1,3]','[0,0]',1,'敵潜水艦の哨戒線を長躯突破し、空母を伴った有力な機動部隊で敵母港を叩け！'),(27,'潜水艦通商破壊作戦',8,4,1200,0.8,0.8,'[0,0,0,0]','[3,1]','[10,2]',1,'潜水艦2隻以上を伴う艦隊で敵後方へ進出、通商破壊作戦を実施せよ！'),(28,'西方海域封鎖作戦',8,4,1500,0.8,0.8,'[0,0,0,0]','[3,2]','[11,2]',1,'潜水艦3隻以上で構成される艦隊で、西方海域の敵水上艦の活動を封鎖せよ!'),(29,'潜水艦派遣演習',8,4,1440,0.9,0.4,'[0,0,0,0]','[3,1]','[10,1]',1,'潜水艦3隻以上で構成される艦隊を編成、長距離派遣の演習を実施せよ！'),(30,'潜水艦派遣作戦',8,4,2880,0.9,0.7,'[0,0,0,0]','[3,3]','[0,0]',1,'潜水艦4隻以上で構成される艦隊を編成し、遠方の友軍勢力との連絡を試みよ！'),(31,'海外艦との接触',8,4,120,0.5,0,'[0,0,0,0]','[10,1]','[0,0]',1,'潜水艦4隻以上で構成される艦隊を編成・派遣し、海外艦との邂逅を試みよ！'),(32,'遠洋練習航海',2,4,1440,0.9,0.3,'[0,0,0,0]','[12,1]','[3,3]',1,'練習巡洋艦を旗艦とした練習艦隊で遠洋練習航海を実施、基礎練度向上に努めよ！'),(33,'前衛支援任務',1,5,15,0.5,0.8,'[0,0,0,0]','[0,0]','[0,0]',0,'南方海域へ支援艦隊を出撃させ、主力艦隊の進撃を援護せよ！(要:駆逐2隻)'),(34,'艦隊決戦支援任務',1,5,30,0.5,0.8,'[0,0,0,0]','[0,0]','[0,0]',0,'南方海域へ決戦支援を行う別動隊を出撃させ、主力艦隊の艦隊決戦を援護せよ！(要:駆逐2隻)'),(35,'MO作戦',7,5,420,0.8,0.8,'[0,0,0,0]','[10,2]','[3,1]',1,'空母2隻を基幹とするMO機動部隊を出撃させ、南方海域の制海権を確保せよ！'),(36,'水上機基地建設',8,5,540,0.8,0.8,'[0,0,0,0]','[11,2]','[1,1]',1,'水上機母艦2隻を含む艦隊を編成し、南方海域に哨戒用の水上機基地を建設せよ！'),(37,'東京急行',7,5,165,0.8,0.8,'[0,0,0,0]','[10,1]','[0,0]',1,'水雷戦隊にドラム缶(輸送用)を満載し、南方方面友軍への鼠輸送作戦を遂行せよ！'),(38,'東京急行(弐)',8,5,175,0.8,0.8,'[0,0,0,0]','[10,1]','[0,0]',1,'水雷戦隊にドラム缶(輸送用)を可能な限り満載し、南方鼠輸送作戦を続行せよ！'),(39,'遠洋潜水艦作戦',7,5,1800,0.9,0.9,'[0,0,0,0]','[1,2]','[11,1]',1,'潜水母艦と多数の潜水艦による遠洋潜水艦作戦を実施、敵戦力の漸減に努めよ！');

/*Table structure for table `t_mission_state` */

DROP TABLE IF EXISTS `t_mission_state`;

CREATE TABLE `t_mission_state` (
  `MISSION_STATE` tinyint(4) NOT NULL,
  `DESCRIPTION` varchar(255) DEFAULT NULL,
  PRIMARY KEY (`MISSION_STATE`)
) ENGINE=InnoDB DEFAULT CHARSET=utf8;

/*Data for the table `t_mission_state` */

insert  into `t_mission_state`(`MISSION_STATE`,`DESCRIPTION`) values (-1,'不显示的远征'),(0,'新的远征'),(1,'尚未完成的远征'),(2,'完成的远征');

/*Table structure for table `t_pay_item` */

DROP TABLE IF EXISTS `t_pay_item`;

CREATE TABLE `t_pay_item` (
  `ID` int(11) NOT NULL,
  `TYPE` int(11) NOT NULL,
  `NAME` varchar(255) NOT NULL,
  `DESCRIPTION` varchar(255) NOT NULL,
  `ITEM` varchar(255) NOT NULL,
  `PRICE` int(11) NOT NULL,
  PRIMARY KEY (`ID`)
) ENGINE=InnoDB DEFAULT CHARSET=utf8;

/*Data for the table `t_pay_item` */

insert  into `t_pay_item`(`ID`,`TYPE`,`NAME`,`DESCRIPTION`,`ITEM`,`PRICE`) values (1,0,'燃料パック200','補給のお供！燃料パック<br>(燃料を200回復させます)','[200,0,0,0,0,0,0,0]',100),(2,0,'弾薬パック200','補給のお供！弾薬パック<br>(弾薬を200回復させます)','[0,200,0,0,0,0,0,0]',100),(3,0,'鋼材パック150','艦の建造に！鋼材パック<br>(鋼材を150回復させます)','[0,0,150,0,0,0,0,0]',100),(4,0,'ボーキサイトパック100','航空機関連にボーキサイトパック(ボーキサイトを100回復させます)','[0,0,0,100,0,0,0,0]',100),(5,0,'開発資材パック7','建造・開発をバリバリどうぞ！<br>開発資材パック(7回分)','[0,0,0,0,0,0,7,0]',500),(6,0,'高速建造材パック5','建造時間を劇的に短縮！<br>高速建造材パック(5回分)','[0,0,0,0,5,0,0,0]',300),(7,0,'高速修復材パック5','修理、お待たせしません！<br>高速修復材パック(5回分)','[0,0,0,0,0,5,0,0]',300),(8,0,'お買得！工廠セット','お買得！工廠セット(鋼1500，ボ200，弾200，燃200，開発資材2)','[200,200,1500,200,0,0,2,0]',700),(9,0,'お買得！出撃セット','お買得！出撃セット(燃500，弾500，鋼200，高速修復材2)','[500,500,200,0,0,2,0,0]',300),(10,0,'ドック増設セット','ドック増設セット(鍵1，開発資材5，高速建造5，高速修復5)','[0,0,0,0,5,5,5,0]',1000),(11,0,'応急修理要員','大切な艦を轟沈から護ります！<br>応急修理要員(1回分)','[0,0,0,0,0,0,0,0]',200),(12,0,'ダメコン特盛セット','期間限定！ダメコン特盛セット(応急修理女神2，応急修理要員3)','[0,0,0,0,0,0,0,0]',1000),(13,0,'八八資源セット','期間限定！八八資源セット(燃880，弾880，鋼880，ボ880)','[880,880,880,880,0,0,0,0]',900),(14,0,'応急修理女神','轟沈を防ぎ耐久補給全回復！<br>応急修理女神(1回分)','[0,0,0,0,0,0,0,0]',500),(15,0,'特注家具職人','特注家具を製作できます！<br>特注家具職人(1回分)','[0,0,0,0,0,0,0,0]',300),(16,0,'母港拡張','母港拡張 艦隊の艦娘保有数を+10隻分拡張できます！<br>※ご注意※ 最大計240隻まで！ 装備枠も自動的に+40増加します。','[0,0,0,0,0,0,0,0]',1000),(17,0,'タンカー徴用','油の一滴は…燃料不足解消に！<br>タンカー徴用(燃1000)','[1000,0,0,0,0,0,0,0]',300),(18,0,'給糧艦「間宮」','給糧艦「間宮」召喚 艦娘の疲れた心を食糧や甘味でたちまち回復(1艦隊1回分)','[0,0,0,0,0,0,0,0]',300),(19,0,'アルミ大量産','ジュラルミンは航空機の源！<br>アルミ大増産(ボ550)','[0,0,0,550,0,0,0,0]',300),(20,0,'書類一式＆指輪','レベルが99になった艦娘とケッコンカッコカリ！<br>書類一式＆指輪(1回分)','[0,0,0,0,0,0,0,0]',700),(21,0,'艦娘へのクッキー','ホワイトデー特別アイテム、「艦娘へのクッキー」 ※「間宮」券付です！<br>(鋼材314，ボーキ314，開発資材2)','[0,0,314,314,0,0,2,0]',500),(22,0,'改修資材パック10','明石さんの「改修工廠」で、装備を改修します。<br>(改修資材10)','[0,0,0,0,0,0,0,10]',700),(23,0,'給糧艦「伊良湖」5','給糧艦「伊良湖」召喚 甘いスイーツで何人かの艦娘の気分がたちまち高揚！(5回分)','[0,0,0,0,0,0,0,0]',1000);

/*Table structure for table `t_ship` */

DROP TABLE IF EXISTS `t_ship`;

CREATE TABLE `t_ship` (
  `ID` int(10) unsigned NOT NULL,
  `AFTERBULL` smallint(4) unsigned NOT NULL,
  `AFTERFUEL` smallint(4) unsigned NOT NULL,
  `AFTERLV` tinyint(4) unsigned NOT NULL,
  `AFTERSHIPID` smallint(4) unsigned NOT NULL,
  `BACKS` tinyint(4) unsigned NOT NULL,
  `BROKEN` varchar(255) NOT NULL,
  `BUILDTIME` smallint(4) unsigned NOT NULL,
  `BULL_MAX` smallint(4) unsigned NOT NULL,
  `FUEL_MAX` tinyint(4) unsigned NOT NULL,
  `GETMES` varchar(255) NOT NULL,
  `HOUG` varchar(255) NOT NULL,
  `LENG` tinyint(4) unsigned NOT NULL,
  `LUCK` varchar(255) NOT NULL,
  `MAXEQ` varchar(255) NOT NULL,
  `NAME` varchar(255) NOT NULL,
  `POWUP` varchar(63) NOT NULL,
  `RAIG` varchar(255) NOT NULL,
  `SLOT_NUM` tinyint(4) unsigned NOT NULL,
  `SOKU` tinyint(4) unsigned NOT NULL,
  `SORTNO` smallint(4) unsigned NOT NULL,
  `SOUK` varchar(255) NOT NULL,
  `TYPE` tinyint(4) unsigned NOT NULL,
  `TAIK` varchar(255) NOT NULL,
  `TYKU` varchar(255) NOT NULL,
  `VOICEF` tinyint(4) unsigned NOT NULL,
  `YOMI` varchar(255) NOT NULL,
  PRIMARY KEY (`ID`),
  KEY `TYPE` (`TYPE`),
  CONSTRAINT `t_ship_ibfk_1` FOREIGN KEY (`TYPE`) REFERENCES `t_ship_type` (`ID`) ON DELETE CASCADE ON UPDATE CASCADE
) ENGINE=InnoDB DEFAULT CHARSET=utf8;

/*Data for the table `t_ship` */

insert  into `t_ship`(`ID`,`AFTERBULL`,`AFTERFUEL`,`AFTERLV`,`AFTERSHIPID`,`BACKS`,`BROKEN`,`BUILDTIME`,`BULL_MAX`,`FUEL_MAX`,`GETMES`,`HOUG`,`LENG`,`LUCK`,`MAXEQ`,`NAME`,`POWUP`,`RAIG`,`SLOT_NUM`,`SOKU`,`SORTNO`,`SOUK`,`TYPE`,`TAIK`,`TYKU`,`VOICEF`,`YOMI`) values (1,100,100,20,254,3,'[1,1,4,0]',18,15,15,'睦月です。<br>はりきって、まいりましょー！','[6,29]',1,'[12,49]','[0,0,0,0,0]','睦月','[1,1,0,0]','[18,59]',2,10,31,'[5,18]',2,'[13,24]','[7,29]',0,'むつき'),(2,100,100,20,255,2,'[1,1,4,0]',18,15,15,'如月と申します。<br>おそばに置いてくださいね。','[6,29]',1,'[10,49]','[0,0,0,0,0]','如月','[0,1,0,0]','[18,49]',2,10,32,'[5,18]',2,'[13,24]','[7,29]',0,'きさらぎ'),(3,0,0,0,0,0,'[0,0,0,0]',0,0,0,'','[0,0]',0,'[0,0]','[0,0,0,0,0]','なし','[0,0,0,0]','[0,0]',0,0,0,'[0,0]',2,'[0,0]','[0,0]',0,'なし'),(4,0,0,0,0,0,'[0,0,0,0]',0,0,0,'','[0,0]',0,'[0,0]','[0,0,0,0,0]','なし','[0,0,0,0]','[0,0]',0,0,0,'[0,0]',2,'[0,0]','[0,0]',0,'なし'),(5,0,0,0,0,0,'[0,0,0,0]',0,0,0,'','[0,0]',0,'[0,0]','[0,0,0,0,0]','なし','[0,0,0,0]','[0,0]',0,0,0,'[0,0]',2,'[0,0]','[0,0]',0,'なし'),(6,100,100,20,258,2,'[1,1,4,0]',18,15,15,'長月だ。<br>駆逐艦と侮るなよ。役に立つはずだ。','[6,29]',1,'[15,69]','[0,0,0,0,0]','長月','[0,1,0,0]','[18,49]',2,10,35,'[5,18]',2,'[13,24]','[7,29]',0,'ながつき'),(7,100,100,20,260,1,'[1,1,4,0]',18,15,15,'あなたが司令官ですね。三日月です。<br>どうぞお手柔らかにお願いします。','[6,29]',1,'[10,49]','[0,0,0,0,0]','三日月','[0,1,0,0]','[18,49]',2,10,37,'[5,18]',2,'[13,24]','[7,29]',0,'みかづき'),(8,0,0,0,0,0,'[0,0,0,0]',0,0,0,'','[0,0]',0,'[0,0]','[0,0,0,0,0]','なし','[0,0,0,0]','[0,0]',0,0,0,'[0,0]',2,'[0,0]','[0,0]',0,'なし'),(9,100,100,20,201,3,'[1,1,5,0]',20,20,15,'はじめまして吹雪です。<br>よろしくお願い致します。','[10,29]',1,'[17,49]','[0,0,0,0,0]','吹雪','[1,1,0,0]','[27,79]',2,10,11,'[5,19]',2,'[15,29]','[10,39]',0,'ふぶき'),(10,100,100,20,202,2,'[1,1,5,0]',20,20,15,'白雪です。<br>よろしくお願いします。','[10,29]',1,'[10,49]','[0,0,0,0,0]','白雪','[0,1,0,0]','[27,69]',2,10,12,'[5,19]',2,'[15,29]','[10,39]',0,'しらゆき'),(11,100,100,20,204,2,'[1,1,5,0]',20,20,15,'深雪だよ。<br>よろしくな！','[10,29]',1,'[10,49]','[0,0,0,0,0]','深雪','[0,1,0,0]','[27,69]',2,10,14,'[5,19]',2,'[15,29]','[10,39]',0,'みゆき'),(12,100,100,20,206,1,'[1,1,5,0]',20,20,15,'あ、あの…磯波と申します。<br>よろしくお願いいたします。','[10,29]',1,'[10,49]','[0,0,0,0,0]','磯波','[0,1,0,0]','[27,69]',2,10,16,'[5,19]',2,'[15,29]','[10,39]',0,'いそなみ'),(13,100,100,20,207,3,'[1,1,5,0]',20,20,15,'ごきげんよう。<br>特型駆逐艦、綾波と申します。','[10,29]',1,'[12,49]','[0,0,0,0,0]','綾波','[1,1,0,0]','[27,79]',2,10,17,'[5,19]',2,'[15,29]','[12,39]',0,'あやなみ'),(14,100,100,20,208,2,'[1,1,5,0]',20,20,15,'アタシの名は敷波。<br>以後よろしく。','[10,29]',1,'[10,49]','[0,0,0,0,0]','敷波','[0,1,0,0]','[27,69]',2,10,18,'[5,19]',2,'[15,29]','[12,39]',0,'しきなみ'),(15,100,100,20,231,1,'[1,1,5,0]',20,20,15,'特型駆逐艦「曙」よ。<br>って、こっち見んな！　この糞提督！','[10,29]',1,'[10,49]','[0,0,0,0,0]','曙','[0,1,0,0]','[27,69]',2,10,68,'[5,19]',2,'[15,29]','[12,39]',0,'あけぼの'),(16,100,100,20,233,1,'[1,1,5,0]',20,20,15,'特型駆逐艦…綾波型の「潮」です。<br>もう下がってよろしいでしょうか…。','[10,29]',1,'[20,79]','[0,0,0,0,0]','潮','[0,1,0,0]','[27,69]',2,10,70,'[5,19]',2,'[15,29]','[12,39]',0,'うしお'),(17,100,100,20,225,3,'[1,1,6,0]',24,20,15,'やっと会えた！　陽炎よ。<br>よろしくねっ！','[10,29]',1,'[12,49]','[0,0,0,0,0]','陽炎','[1,1,0,1]','[24,79]',2,10,91,'[6,19]',2,'[16,34]','[12,39]',0,'かげろう'),(18,100,100,20,226,2,'[1,1,6,0]',24,20,15,'不知火です。<br>ご指導ご鞭撻、よろしくです。','[10,29]',1,'[10,49]','[0,0,0,0,0]','不知火','[0,1,0,1]','[24,69]',2,10,92,'[6,19]',2,'[16,34]','[9,39]',0,'しらぬい'),(19,100,100,20,227,1,'[1,1,6,0]',24,20,15,'黒潮や、よろしゅうな。','[10,29]',1,'[10,49]','[0,0,0,0,0]','黒潮','[0,1,0,1]','[24,69]',2,10,93,'[6,19]',2,'[16,34]','[9,39]',0,'くろしお'),(20,100,100,20,228,6,'[1,1,6,0]',24,20,15,'陽炎型駆逐艦８番艦、雪風です。<br>どうぞ、よろしくお願いしますっ！','[10,29]',1,'[50,99]','[0,0,0,0,0]','雪風','[0,1,1,1]','[24,79]',2,10,5,'[7,29]',2,'[16,39]','[12,49]',0,'ゆきかぜ'),(21,200,200,20,218,4,'[2,2,10,0]',60,25,25,'軽巡、長良です。<br>よろしくお願いします！','[14,49]',2,'[12,49]','[1,1,0,0,0]','長良','[0,1,0,2]','[24,89]',2,10,42,'[10,29]',3,'[26,39]','[13,59]',0,'ながら'),(22,200,200,12,219,2,'[2,2,10,0]',60,25,25,'五十鈴です。水雷戦隊の指揮ならお任せ。<br>全力で提督を勝利に導くわ。よろしくね。','[14,39]',2,'[10,49]','[1,1,0,0,0]','五十鈴','[0,1,0,1]','[24,79]',2,10,43,'[10,29]',3,'[26,39]','[13,49]',0,'いすず'),(23,200,200,20,220,1,'[2,2,10,0]',60,25,25,'長良型軽巡四番艦の「由良」です。<br>どうぞ、よろしくお願いいたしますっ！','[14,39]',2,'[10,49]','[1,1,0,0,0]','由良','[0,1,0,1]','[24,79]',2,10,45,'[10,29]',3,'[26,39]','[13,49]',0,'ゆら'),(24,400,100,10,57,5,'[2,2,9,0]',60,25,25,'こんにちはー。軽巡洋艦、大井です。<br>どうぞ、よろしくお願い致しますね。','[14,49]',2,'[17,49]','[0,0,0,0,0]','大井','[0,1,0,1]','[24,89]',2,10,19,'[11,29]',3,'[25,39]','[13,59]',1,'おおい'),(25,400,100,10,58,4,'[2,2,9,0]',60,25,25,'アタシは軽巡、北上。<br>まーよろしく。','[14,39]',2,'[15,69]','[0,0,0,0,0]','北上','[0,1,0,1]','[24,79]',2,10,20,'[10,29]',3,'[25,39]','[13,49]',1,'きたかみ'),(26,150,500,20,286,4,'[9,18,36,3]',260,120,85,'扶桑型超弩級戦艦、姉の扶桑です。<br>妹の山城ともども、よろしくお願い致します。','[74,94]',3,'[5,39]','[3,3,3,3,0]','扶桑','[4,0,1,3]','[0,0]',4,5,26,'[59,79]',9,'[67,89]','[23,79]',0,'ふそう'),(27,150,500,20,287,4,'[9,18,36,3]',260,120,85,'扶桑型戦艦姉妹、妹のほう、山城です。<br>あの、扶桑姉さま、見ませんでした？','[74,94]',3,'[5,39]','[3,3,3,3,0]','山城','[4,0,1,3]','[0,0]',4,5,27,'[59,79]',9,'[67,89]','[23,79]',0,'やましろ'),(28,100,100,20,256,2,'[1,1,4,0]',18,15,15,'皐月だよっ。<br>よろしくな！','[6,29]',1,'[10,49]','[0,0,0,0,0]','皐月','[0,1,0,0]','[18,49]',2,10,33,'[5,18]',2,'[13,24]','[7,29]',0,'さつき'),(29,100,100,20,257,2,'[1,1,4,0]',18,15,15,'あたし、文月っていうの。<br>よろしくぅ～。','[6,29]',1,'[10,49]','[0,0,0,0,0]','文月','[0,1,0,0]','[18,49]',2,10,34,'[5,18]',2,'[13,24]','[7,29]',0,'ふみづき'),(30,100,100,20,259,1,'[1,1,4,0]',18,15,15,'私が菊月だ、共にゆこう。','[6,29]',1,'[10,49]','[0,0,0,0,0]','菊月','[0,1,0,0]','[18,49]',2,10,36,'[5,18]',2,'[13,24]','[7,29]',0,'きくづき'),(31,100,100,20,261,1,'[1,1,4,0]',18,15,15,'ん？あぁ、望月でーす。','[6,29]',1,'[10,49]','[0,0,0,0,0]','望月','[0,1,0,0]','[18,49]',2,10,38,'[5,18]',2,'[13,24]','[7,29]',0,'もちづき'),(32,100,100,20,203,1,'[1,1,5,0]',20,20,15,'初雪……です……よろしく。','[10,29]',1,'[10,49]','[0,0,0,0,0]','初雪','[0,1,0,0]','[27,69]',2,10,13,'[5,19]',2,'[15,29]','[10,39]',0,'はつゆき'),(33,100,100,20,205,2,'[1,1,5,0]',20,20,15,'あんたが司令官ね。<br>ま、せいぜい頑張りなさい！','[10,29]',1,'[10,49]','[0,0,0,0,0]','叢雲','[0,1,0,0]','[27,69]',2,10,15,'[5,19]',2,'[15,29]','[10,39]',1,'むらくも'),(34,100,100,20,234,3,'[1,1,5,0]',20,20,15,'暁よ。<br>一人前のレディーとして扱ってよね！','[10,29]',1,'[12,49]','[0,0,0,0,0]','暁','[1,1,0,0]','[27,79]',2,10,71,'[6,19]',2,'[15,30]','[12,39]',0,'あかつき'),(35,100,100,20,235,2,'[1,1,5,0]',20,20,15,'響だよ。<br>その活躍ぶりから不死鳥の通り名もあるよ。','[10,29]',1,'[10,49]','[0,0,0,0,0]','響','[0,1,0,0]','[27,69]',2,10,72,'[6,19]',2,'[15,30]','[12,39]',0,'ひびき'),(36,100,100,20,236,1,'[1,1,5,0]',20,20,15,'雷よ！　かみなりじゃないわ！<br>そこのとこもよろしく頼むわねっ！','[10,29]',1,'[10,49]','[0,0,0,0,0]','雷','[0,1,0,0]','[27,69]',2,10,73,'[6,19]',2,'[15,30]','[12,39]',0,'いかづち'),(37,100,100,20,237,1,'[1,1,5,0]',20,20,15,'電です。<br>どうか、よろしくお願いいたします。','[10,29]',1,'[10,49]','[0,0,0,0,0]','電','[0,1,0,0]','[27,69]',2,10,74,'[6,19]',2,'[15,30]','[12,39]',0,'いなづま'),(38,100,100,20,238,3,'[1,1,5,0]',20,20,15,'わらわが初春じゃ。<br>よろしく頼みますぞ。','[10,29]',1,'[12,49]','[0,0,0,0,0]','初春','[1,1,0,0]','[27,79]',2,10,75,'[6,19]',2,'[16,31]','[12,39]',0,'はつはる'),(39,100,100,20,239,1,'[1,1,5,0]',20,20,15,'初めまして、ねのひ、だよぉ！<br>艦名、読みづらくなんか、ないよね？ね？','[10,29]',1,'[10,49]','[0,0,0,0,0]','子日','[0,1,0,0]','[27,69]',2,10,76,'[6,19]',2,'[16,31]','[9,39]',0,'ねのひ'),(40,100,100,20,240,2,'[1,1,5,0]',20,20,15,'駆逐艦、若葉だ。','[10,29]',1,'[10,49]','[0,0,0,0,0]','若葉','[0,1,0,0]','[27,69]',2,10,77,'[6,19]',2,'[16,31]','[9,39]',0,'わかば'),(41,100,100,20,241,2,'[1,1,5,0]',20,20,15,'初春型四番艦、初霜です。<br>皆さん、よろしくお願いします！','[10,29]',1,'[10,49]','[0,0,0,0,0]','初霜','[0,1,0,0]','[27,69]',2,10,78,'[6,19]',2,'[16,31]','[9,39]',0,'はつしも'),(42,100,100,20,242,3,'[1,1,5,0]',22,20,15,'白露型駆逐艦一番艦、「白露」です！<br>はい、一番艦ですっ！','[10,29]',1,'[12,49]','[0,0,0,0,0]','白露','[1,1,0,0]','[24,79]',2,10,79,'[6,19]',2,'[16,32]','[12,39]',0,'しらつゆ'),(43,100,100,20,243,2,'[1,1,5,0]',22,20,15,'僕は白露型駆逐艦、「時雨」。<br>これからよろしくね。','[10,29]',1,'[10,49]','[0,0,0,0,0]','時雨','[0,1,0,0]','[24,69]',2,10,80,'[6,19]',2,'[16,32]','[9,39]',1,'しぐれ'),(44,100,100,20,244,2,'[1,1,5,0]',22,20,15,'はいはーい！白露型駆逐艦「村雨」だよ。<br>みんな、よろしくね！','[10,29]',1,'[10,49]','[0,0,0,0,0]','村雨','[0,1,0,0]','[24,69]',2,10,81,'[6,19]',2,'[16,32]','[9,39]',0,'むらさめ'),(45,100,100,20,245,2,'[1,1,5,0]',22,20,15,'こんにちは、白露型駆逐艦「夕立」よ。<br>よろしくね！','[10,29]',1,'[10,49]','[0,0,0,0,0]','夕立','[0,1,0,0]','[24,69]',2,10,82,'[6,19]',2,'[16,32]','[9,39]',1,'ゆうだち'),(46,100,100,20,246,2,'[1,1,5,0]',22,20,15,'五月雨っていいます！よろしくお願いします。<br>護衛任務はお任せください！','[10,29]',1,'[10,49]','[0,0,0,0,0]','五月雨','[0,1,0,0]','[24,69]',2,10,83,'[6,19]',2,'[16,32]','[9,39]',0,'さみだれ'),(47,100,100,20,247,3,'[1,1,5,0]',22,20,15,'ちわ！涼風だよ。<br>私が艦隊に加われば百人力さ！','[10,29]',1,'[12,49]','[0,0,0,0,0]','涼風','[1,1,0,0]','[24,79]',2,10,84,'[6,19]',2,'[16,32]','[9,39]',0,'すずかぜ'),(48,100,100,20,252,1,'[1,1,5,0]',22,20,15,'霰です…<br>んちゃ…とかはいいません…よろしく…','[10,29]',1,'[10,49]','[0,0,0,0,0]','霰','[0,1,0,1]','[24,69]',2,10,89,'[6,19]',2,'[16,33]','[9,39]',0,'あられ'),(49,100,100,20,253,2,'[1,1,5,0]',22,20,15,'霞よ。<br>ガンガンいくわよ。ついてらっしゃい。','[10,29]',1,'[15,59]','[0,0,0,0,0]','霞','[0,1,0,1]','[24,69]',2,10,90,'[6,19]',2,'[16,33]','[9,39]',0,'かすみ'),(50,100,120,20,229,6,'[1,1,5,0]',30,25,20,'駆逐艦島風です。スピードなら誰にも負けません。<br>速きこと、島風の如し、です！','[12,29]',1,'[10,49]','[0,0,0,0,0]','島風','[0,2,1,1]','[45,89]',2,10,10,'[8,29]',2,'[19,39]','[14,49]',0,'しまかぜ'),(51,200,150,20,213,3,'[1,1,8,0]',60,20,25,'オレの名は天龍。<br>フフフ、怖いか？','[11,39]',2,'[17,49]','[0,0,0,0,0]','天龍','[0,1,0,1]','[18,59]',2,10,28,'[7,29]',3,'[23,35]','[8,39]',0,'てんりゅう'),(52,200,150,20,214,3,'[1,1,8,0]',60,20,25,'初めまして、龍田だよ。<br>天龍ちゃんがご迷惑かけてないかなあ～。','[11,39]',2,'[17,49]','[0,0,0,0,0]','龍田','[0,1,0,1]','[18,59]',2,10,29,'[7,29]',3,'[23,35]','[8,39]',0,'たつた'),(53,200,200,20,221,2,'[2,2,10,0]',60,25,25,'名取といいます。<br>ご迷惑をおかけしないように、が、頑張ります。','[14,39]',2,'[10,49]','[1,1,0,0,0]','名取','[0,1,0,1]','[24,79]',2,10,44,'[10,29]',3,'[26,39]','[13,49]',0,'なとり'),(54,200,200,20,222,4,'[2,2,10,0]',60,25,25,'川内、参上。<br>夜戦なら任せておいて！','[14,49]',2,'[12,49]','[1,1,0,0,0]','川内','[0,1,0,2]','[24,89]',2,10,46,'[11,29]',3,'[26,39]','[13,59]',0,'せんだい'),(55,200,200,20,223,1,'[2,2,10,0]',60,25,25,'あの……軽巡洋艦、神通です。<br>どうか、よろしくお願い致します……','[14,39]',2,'[10,49]','[1,1,0,0,0]','神通','[0,1,0,1]','[24,79]',2,10,47,'[11,29]',3,'[26,39]','[13,49]',0,'じんつう'),(56,200,200,20,224,2,'[2,2,10,0]',60,25,25,'艦隊のアイドル、那珂（なか）ちゃんだよー！<br>よっろしくぅ！','[14,39]',2,'[10,49]','[1,1,0,0,0]','那珂','[0,1,0,1]','[24,79]',2,10,48,'[11,29]',3,'[26,39]','[13,49]',0,'なか'),(57,770,400,50,118,6,'[2,6,9,0]',75,50,25,'重雷装艦として、生まれ変わった大井です。<br>お久しぶりです！','[8,39]',2,'[10,49]','[0,0,0,0,0]','大井改','[0,4,0,1]','[80,99]',2,10,97,'[12,39]',4,'[32,49]','[13,39]',3,'おおい'),(58,770,400,50,119,6,'[2,6,9,0]',75,50,25,'新しい北上、それがアタシ。<br>酸素魚雷を満載して、ちょっと大人になったでしょ。','[8,39]',2,'[15,69]','[0,0,0,0,0]','北上改','[0,4,0,1]','[80,99]',2,10,98,'[12,39]',4,'[32,49]','[13,39]',3,'きたかみ'),(59,300,250,25,262,3,'[2,2,10,1]',60,50,35,'古鷹と言います。<br>重巡洋艦のいいところ、たくさん知ってもらえると嬉しいです。','[30,54]',2,'[10,49]','[2,2,2,0,0]','古鷹','[2,1,0,2]','[12,59]',3,10,52,'[25,34]',5,'[36,49]','[16,59]',0,'ふるたか'),(60,300,250,25,263,1,'[2,2,10,1]',60,50,35,'古鷹型重巡の2番艦、加古ってんだ、よっろしくぅー！','[30,49]',2,'[10,49]','[2,2,2,0,0]','加古','[2,1,0,2]','[12,49]',3,10,53,'[25,34]',5,'[36,49]','[16,49]',0,'かこ'),(61,300,250,25,264,3,'[2,2,10,1]',60,50,35,'ども、恐縮です、青葉ですぅ！<br>一言お願いします！','[30,54]',2,'[20,69]','[2,2,2,0,0]','青葉','[2,1,0,2]','[12,59]',3,10,54,'[26,37]',5,'[37,49]','[16,59]',0,'あおば'),(62,450,300,25,265,4,'[2,2,12,1]',80,65,40,'私、妙高型重巡洋艦、妙高と申します。<br>共に頑張りましょう。','[40,59]',2,'[10,49]','[2,2,2,0,0]','妙高','[2,1,0,2]','[24,59]',3,10,55,'[32,49]',5,'[44,60]','[16,64]',0,'みょうこう'),(63,450,300,25,266,1,'[2,2,12,1]',80,65,40,'貴様が司令官か。<br>私は那智。よろしくお願いする。','[40,54]',2,'[10,49]','[2,2,2,0,0]','那智','[2,1,0,2]','[24,49]',3,10,56,'[32,49]',5,'[44,56]','[16,54]',0,'なち'),(64,450,300,25,267,2,'[2,2,12,1]',80,65,40,'足柄よ。砲雷撃戦が得意なの。<br>ふふ、よろしくね。','[40,54]',2,'[10,49]','[2,2,2,0,0]','足柄','[2,1,0,2]','[24,49]',3,10,57,'[32,49]',5,'[44,56]','[16,54]',0,'あしがら'),(65,450,300,25,268,1,'[2,2,12,1]',80,65,40,'羽黒です。妙高型重巡洋艦姉妹の末っ娘です。<br>あ、あの…ごめんなさいっ！','[40,54]',2,'[10,49]','[2,2,2,0,0]','羽黒','[2,1,0,2]','[24,49]',3,10,58,'[32,49]',5,'[44,56]','[16,54]',0,'はぐろ'),(66,450,300,25,269,4,'[2,2,12,1]',85,65,40,'こんにちは。高雄です。<br>貴方のような素敵な提督で良かったわ。','[40,59]',2,'[10,49]','[2,2,2,0,0]','高雄','[2,1,0,2]','[24,59]',3,10,59,'[35,49]',5,'[45,60]','[18,66]',0,'たかお'),(67,450,300,25,270,4,'[2,2,12,1]',85,65,40,'私は愛宕、提督、覚えてくださいね。','[40,54]',2,'[10,49]','[2,2,2,0,0]','愛宕','[2,1,0,2]','[24,59]',3,10,60,'[35,49]',5,'[45,60]','[18,56]',0,'あたご'),(68,300,250,18,271,1,'[2,2,12,1]',85,65,40,'よ！アタシ、摩耶ってんだ、よろしくな。','[40,54]',2,'[10,49]','[2,2,2,0,0]','摩耶','[2,1,0,2]','[24,49]',3,10,61,'[35,49]',5,'[45,57]','[18,56]',0,'まや'),(69,450,300,25,272,1,'[2,2,12,1]',85,65,40,'私が鳥海です。よろしくです。','[40,54]',2,'[10,49]','[2,2,2,0,0]','鳥海','[2,1,0,2]','[24,49]',3,10,62,'[35,49]',5,'[45,57]','[18,56]',0,'ちょうかい'),(70,70,210,10,73,4,'[2,3,12,1]',90,65,40,'ボクが最上さ。<br>大丈夫、今度は衝突しないって。ホントだよ。','[40,59]',2,'[10,49]','[2,2,2,0,0]','最上','[2,1,0,2]','[18,69]',3,10,51,'[31,59]',5,'[41,59]','[20,59]',0,'もがみ'),(71,450,300,25,273,4,'[2,2,13,2]',90,60,45,'吾輩が利根である！<br>吾輩が艦隊に加わる以上、もう、索敵の心配はないぞ！','[32,59]',2,'[10,49]','[3,3,3,0,0]','利根','[2,1,1,2]','[24,59]',3,10,63,'[36,59]',5,'[44,62]','[20,67]',0,'とね'),(72,450,300,25,274,4,'[2,2,13,2]',90,60,45,'はじめまして、利根型２番艦、筑摩と申します。','[32,59]',2,'[10,49]','[3,3,3,0,0]','筑摩','[2,1,1,2]','[24,59]',3,10,64,'[36,59]',5,'[44,62]','[20,67]',0,'ちくま'),(73,0,0,0,0,6,'[2,2,13,4]',100,55,50,'提督、また会ったね？最上だよ。<br>ボクの飛行甲板どう？似合ってる？','[24,75]',2,'[10,69]','[5,6,5,3,0]','最上改','[2,1,3,2]','[18,69]',4,10,101,'[37,71]',6,'[50,67]','[20,59]',0,'もがみ'),(74,210,380,25,282,4,'[2,2,13,4]',160,35,35,'軽空母、祥鳳です。<br>はい、ちょっと小柄ですけど、ぜひ提督の機動部隊に加えてくださいね！','[0,19]',1,'[10,49]','[18,9,3,0,0]','祥鳳','[0,0,2,2]','[0,0]',3,10,94,'[19,39]',7,'[32,55]','[14,29]',0,'しょうほう'),(75,250,500,25,283,4,'[6,6,20,6]',180,40,40,'名前は出雲ま…じゃなかった、飛鷹です。<br>航空母艦よ。よろしくね、提督！','[0,19]',1,'[10,49]','[12,18,18,10,0]','飛鷹','[0,0,3,2]','[0,0]',4,5,65,'[21,39]',7,'[40,64]','[21,59]',0,'ひよう'),(76,220,400,25,281,4,'[2,2,14,4]',170,35,35,'軽空母、龍驤や。独特なシルエットでしょ？<br>でも、艦載機を次々繰り出す、ちゃーんとした空母なんや。期待してや！','[0,19]',1,'[10,49]','[9,24,5,0,0]','龍驤','[0,0,2,2]','[0,0]',3,10,30,'[17,39]',7,'[31,54]','[16,29]',0,'りゅうじょう'),(77,150,500,10,82,5,'[9,18,37,3]',270,120,85,'超弩級戦艦、伊勢型の１番艦、伊勢。<br>参ります！','[74,89]',3,'[15,69]','[3,3,3,3,0]','伊勢','[4,0,1,4]','[0,0]',4,5,3,'[70,89]',9,'[74,89]','[28,79]',0,'いせ'),(78,600,400,25,209,5,'[10,14,33,3]',240,110,80,'英国で生まれた帰国子女の金剛デース。<br>ヨロシクオネガイシマース！','[63,89]',3,'[12,49]','[3,3,3,0,0]','金剛','[3,0,1,3]','[0,0]',3,10,21,'[52,69]',8,'[63,79]','[24,69]',0,'こんごう'),(79,600,400,25,211,5,'[10,14,33,3]',240,110,80,'高速戦艦、榛名、着任しました。<br>あなたが提督なのね？　よろしくお願い致します。','[63,89]',3,'[15,69]','[3,3,3,0,0]','榛名','[3,0,1,3]','[0,0]',3,10,23,'[52,69]',8,'[63,79]','[24,69]',0,'はるな'),(80,900,800,30,275,7,'[10,20,40,3]',300,130,100,'私が、戦艦長門だ。よろしく頼むぞ。<br>敵戦艦との殴り合いなら任せておけ。','[82,99]',3,'[20,79]','[3,3,3,3,0]','長門','[5,0,1,4]','[0,0]',4,5,1,'[75,89]',9,'[80,94]','[31,89]',0,'ながと'),(81,900,800,30,276,7,'[10,20,40,3]',300,130,100,'長門型戦艦２番艦の陸奥よ。よろしくね。<br>あまり火遊びはしないでね…お願いよ。','[82,99]',3,'[3,39]','[3,3,3,3,0]','陸奥','[5,0,1,4]','[0,0]',4,5,2,'[75,89]',9,'[80,94]','[31,89]',0,'むつ'),(82,0,0,0,0,6,'[10,15,36,3]',270,105,95,'航空戦艦、伊勢です。<br>後部飛行甲板と、カタパルト２基で航空戦力を運用可能よ！','[63,79]',3,'[30,79]','[11,11,11,14,0]','伊勢改','[4,0,3,4]','[0,0]',4,5,102,'[74,92]',10,'[77,89]','[45,89]',0,'いせ'),(83,300,700,30,277,6,'[8,12,30,7]',270,55,60,'航空母艦、赤城です。<br>空母機動部隊を編制するなら、私にお任せくださいませ。','[0,39]',1,'[12,49]','[18,18,27,10,0]','赤城','[0,0,5,3]','[0,0]',4,10,6,'[28,54]',11,'[69,79]','[32,69]',1,'あかぎ'),(84,300,750,30,278,5,'[8,14,32,9]',260,55,60,'航空母艦、加賀です。<br>貴方が私の提督なの？　それなりに期待はしているわ。','[0,39]',1,'[10,49]','[18,18,45,12,0]','加賀','[0,0,5,3]','[0,0]',4,10,7,'[29,59]',11,'[71,89]','[28,69]',1,'かが'),(85,600,400,25,212,5,'[10,14,33,3]',240,110,80,'マイク音量大丈夫…？チェック、1，2……。<br>よし。はじめまして、私、霧島です。','[63,89]',3,'[10,49]','[3,3,3,0,0]','霧島','[3,0,1,3]','[0,0]',3,10,24,'[52,69]',8,'[63,79]','[24,69]',0,'きりしま'),(86,600,400,25,210,5,'[10,14,33,3]',240,110,80,'金剛お姉さまの妹分、比叡です。<br>経験を積んで、姉さまに少しでも近づきたいです。','[63,89]',3,'[10,49]','[3,3,3,0,0]','比叡','[3,0,1,3]','[0,0]',3,10,22,'[52,69]',8,'[63,79]','[24,69]',0,'ひえい'),(87,150,500,10,88,5,'[9,18,37,3]',270,120,85,'あなたが提督？ふうん。いいけど。<br>伊勢型戦艦２番艦、日向よ。一応覚えておいて。','[74,94]',3,'[15,69]','[3,3,3,3,0]','日向','[4,0,1,4]','[0,0]',4,5,4,'[70,89]',9,'[74,89]','[28,79]',0,'ひゅうが'),(88,0,0,0,0,6,'[10,15,36,3]',270,105,95,'伊勢型航空戦艦、日向。<br>推して参る。','[63,79]',3,'[30,79]','[11,11,11,14,0]','日向改','[4,0,3,4]','[0,0]',4,5,103,'[74,92]',10,'[77,89]','[45,89]',0,'ひゅうが'),(89,150,350,25,285,3,'[2,1,12,2]',120,25,25,'航空母艦、鳳翔です。<br>ふつつか者ですが、よろしくお願い致します。','[0,19]',1,'[20,69]','[8,11,0,0,0]','鳳翔','[0,0,1,2]','[0,0]',2,5,25,'[15,39]',7,'[30,49]','[10,29]',0,'ほうしょう'),(90,300,650,30,279,5,'[7,10,26,6]',250,50,50,'航空母艦、蒼龍です。<br>空母機動部隊を編制するなら、私もぜひ入れてね！','[0,29]',1,'[10,49]','[12,27,18,7,0]','蒼龍','[0,0,4,3]','[0,0]',4,10,8,'[27,49]',11,'[50,79]','[26,69]',0,'そうりゅう'),(91,300,650,30,280,6,'[7,10,26,6]',250,50,50,'航空母艦、飛龍です。<br>空母戦ならお任せ！どんな苦境でも戦えます！','[0,29]',1,'[35,89]','[12,27,18,7,0]','飛龍','[0,0,4,3]','[0,0]',4,10,9,'[27,49]',11,'[50,79]','[26,69]',0,'ひりゅう'),(92,250,500,25,284,4,'[6,6,20,6]',180,40,40,'商船改装空母、隼鷹でーすっ！<br>ひゃっはぁー！','[0,19]',1,'[20,79]','[12,18,18,10,0]','隼鷹','[0,0,3,2]','[0,0]',4,5,66,'[21,39]',7,'[40,64]','[21,59]',0,'じゅんよう'),(93,100,100,20,230,1,'[1,1,5,0]',20,20,15,'アタシ、綾波型駆逐艦「朧」。<br>誰にも負けない…たぶん……','[10,29]',1,'[10,49]','[0,0,0,0,0]','朧','[0,1,0,0]','[27,69]',2,10,67,'[5,19]',2,'[15,29]','[12,39]',0,'おぼろ'),(94,100,100,20,232,2,'[1,1,5,0]',20,20,15,'綾波型駆逐艦「漣」です、ご主人さま。<br>こう書いてさざなみと読みます。','[10,29]',1,'[10,49]','[0,0,0,0,0]','漣','[0,1,0,0]','[27,69]',2,10,69,'[5,19]',2,'[15,29]','[12,39]',0,'さざなみ'),(95,100,100,20,248,3,'[1,1,5,0]',22,20,15,'駆逐艦、朝潮です。<br>勝負ならいつでも受けて立つ覚悟です。','[10,29]',1,'[12,49]','[0,0,0,0,0]','朝潮','[1,1,0,0]','[24,79]',2,10,85,'[6,19]',2,'[16,33]','[12,39]',0,'あさしお'),(96,100,100,20,249,1,'[1,1,5,0]',22,20,15,'駆逐艦、大潮です～！<br>小さな体に大きな魚雷！　お任せください。','[10,29]',1,'[10,49]','[0,0,0,0,0]','大潮','[0,1,0,1]','[24,69]',2,10,86,'[6,19]',2,'[16,33]','[9,39]',0,'おおしお'),(97,100,100,20,250,1,'[1,1,5,0]',22,20,15,'満潮よ。<br>私、なんでこんな部隊に配属されたのかしら。','[10,29]',1,'[10,49]','[0,0,0,0,0]','満潮','[0,1,0,1]','[24,69]',2,10,87,'[6,19]',2,'[16,33]','[9,39]',0,'みちしお'),(98,100,100,20,251,1,'[1,1,5,0]',22,20,15,'あら。自己紹介まだでしたかー。<br>私、荒潮です。','[10,29]',1,'[10,49]','[0,0,0,0,0]','荒潮','[0,1,0,1]','[24,69]',2,10,88,'[6,19]',2,'[16,33]','[9,39]',0,'あらしお'),(99,200,200,20,215,4,'[2,2,10,0]',60,25,25,'クマー。<br>よろしくだクマ。','[14,49]',2,'[12,49]','[1,1,0,0,0]','球磨','[0,1,0,2]','[24,89]',2,10,39,'[10,29]',3,'[25,39]','[13,59]',0,'くま'),(100,200,200,20,216,2,'[2,2,10,0]',60,25,25,'軽巡、多摩です。<br>猫じゃないにゃ。','[14,39]',2,'[10,49]','[1,1,0,0,0]','多摩','[0,1,0,1]','[24,79]',2,10,40,'[10,29]',3,'[25,39]','[13,49]',0,'たま'),(101,200,200,20,217,1,'[2,2,10,0]',60,25,25,'木曾だ、お前に最高の勝利を与えてやる。','[14,39]',2,'[10,49]','[1,1,0,0,0]','木曾','[0,1,0,1]','[24,79]',2,10,41,'[10,29]',3,'[25,39]','[13,49]',0,'きそ'),(102,40,70,10,104,2,'[3,1,13,4]',140,35,35,'千歳です。<br>日本では初めての水上機母艦なのよ。よろしくね！','[9,29]',1,'[10,49]','[12,12,0,0,0]','千歳','[0,0,1,2]','[0,0]',2,10,49,'[18,39]',16,'[40,59]','[14,29]',0,'ちとせ'),(103,40,70,10,105,1,'[3,1,13,4]',140,35,35,'水上機母艦、千代田です。<br>姉の千歳が、いつも迷惑かけてないですか？','[9,29]',1,'[10,49]','[12,12,0,0,0]','千代田','[0,0,1,2]','[0,0]',2,10,50,'[18,39]',16,'[40,59]','[14,29]',0,'ちよだ'),(104,80,70,12,106,3,'[3,1,14,4]',150,40,35,'ダイエットして空母になった千歳です！<br>足も速くなったの。本でも出そうかしら！','[9,29]',1,'[10,49]','[12,6,6,0,0]','千歳改','[0,0,2,2]','[0,29]',3,10,95,'[20,39]',16,'[41,59]','[15,29]',1,'ちとせ'),(105,80,70,12,107,3,'[3,1,14,4]',150,40,35,'空母になった千代田です。<br>ぜひ、千歳お姉と一緒に機動部隊を編制してね！','[9,29]',1,'[10,49]','[12,6,6,0,0]','千代田改','[0,0,2,2]','[0,29]',3,10,96,'[20,39]',16,'[41,59]','[15,29]',1,'ちよだ'),(106,60,100,15,108,3,'[3,3,15,3]',160,45,35,'ダイエットして空母になった千歳です！<br>足も速くなったの。本でも出そうかしら！','[9,29]',1,'[10,59]','[12,6,6,0,0]','千歳甲','[0,2,1,2]','[15,72]',3,10,99,'[21,39]',16,'[42,59]','[17,39]',3,'ちとせ'),(107,60,100,15,109,3,'[3,3,15,3]',160,45,35,'空母になった千代田です。<br>ぜひ、千歳お姉と一緒に機動部隊を編制してね！','[9,29]',1,'[10,59]','[12,6,6,0,0]','千代田甲','[0,2,1,2]','[15,72]',3,10,100,'[21,39]',16,'[42,59]','[17,39]',3,'ちよだ'),(108,250,550,35,291,4,'[5,5,17,4]',190,40,40,'ダイエットして空母になった千歳です！<br>足も速くなったの。本でも出そうかしら！','[0,19]',1,'[10,59]','[21,9,6,0,0]','千歳航','[0,0,3,2]','[0,0]',3,10,104,'[25,39]',7,'[47,59]','[20,49]',3,'ちとせ'),(109,250,550,35,292,4,'[5,5,17,4]',190,40,40,'空母になった千代田です。<br>ぜひ、千歳お姉と一緒に機動部隊を編制してね！','[0,19]',1,'[10,59]','[21,9,6,0,0]','千代田航','[0,0,3,2]','[0,0]',3,10,105,'[25,39]',7,'[47,59]','[20,49]',3,'ちよだ'),(110,350,750,30,288,5,'[7,10,30,10]',360,55,55,'翔鶴型航空母艦１番艦、翔鶴です。<br>一航戦、二航戦の先輩方に、少しでも近づけるように<br>瑞鶴と一緒に頑張ります！','[0,39]',1,'[10,49]','[21,21,21,12,0]','翔鶴','[0,0,4,3]','[0,0]',4,10,106,'[33,49]',11,'[62,79]','[29,69]',3,'しょうかく'),(111,350,750,25,112,6,'[7,10,30,10]',360,55,55,'翔鶴型航空母艦２番艦、妹の瑞鶴です。<br>幸運の空母ですって？そうじゃないの、一生懸命やってるだけ…よ。艦載機がある限り、負けないわ！','[0,39]',1,'[40,89]','[21,21,21,12,0]','瑞鶴','[0,0,4,3]','[0,0]',4,10,107,'[33,49]',11,'[62,79]','[29,69]',3,'ずいかく'),(112,0,0,0,0,7,'[7,10,30,10]',360,70,65,'翔鶴型航空母艦２番艦、妹の瑞鶴です。<br>幸運の空母ですって？そうじゃないの、一生懸命やってるだけ…よ。艦載機がある限り、負けないわ！','[0,39]',1,'[42,89]','[24,24,24,12,0]','瑞鶴改','[0,0,4,3]','[0,0]',4,10,108,'[42,72]',11,'[75,90]','[40,79]',3,'ずいかく'),(113,200,200,17,289,4,'[2,2,10,0]',75,25,25,'きたきたぁ！　鬼怒、いよいよ到着しましたよ！','[14,39]',2,'[12,49]','[1,1,0,0,0]','鬼怒','[0,1,0,1]','[24,79]',2,10,109,'[10,29]',3,'[26,39]','[13,49]',3,'きぬ'),(114,200,200,17,290,5,'[2,2,10,0]',75,25,25,'こ、こんにちは、軽巡、阿武隈です。','[14,39]',2,'[12,49]','[1,1,0,0,0]','阿武隈','[0,1,0,1]','[24,79]',2,10,110,'[10,29]',3,'[27,39]','[13,49]',3,'あぶくま'),(115,240,280,25,293,5,'[2,2,7,0]',82,30,20,'はーい、お待たせ？<br>兵装実験軽巡、夕張、到着いたしました！','[17,42]',2,'[12,49]','[0,0,0,0,0]','夕張','[1,1,1,1]','[20,69]',3,10,111,'[10,29]',3,'[19,33]','[10,42]',3,'ゆうばり'),(116,210,380,25,117,5,'[2,2,13,4]',160,35,35,'瑞鳳です。<br>軽空母ですが、練度があがれば、正規空母並の活躍をおみせできます。','[0,19]',1,'[30,79]','[18,9,3,0,0]','瑞鳳','[0,0,2,2]','[0,0]',3,10,112,'[19,39]',7,'[32,55]','[14,29]',3,'ずいほう'),(117,0,0,0,0,6,'[4,6,20,6]',160,40,40,'瑞鳳です。<br>軽空母ですが、練度があがれば、正規空母並の活躍をおみせできます。','[0,29]',1,'[40,89]','[18,12,12,6,0]','瑞鳳改','[0,0,3,2]','[0,0]',4,10,113,'[25,59]',7,'[45,69]','[18,39]',3,'ずいほう'),(118,0,0,0,0,7,'[2,9,9,0]',75,75,25,'重雷装艦として、生まれ変わった大井です。<br>お久しぶりです！','[17,63]',2,'[13,49]','[0,0,0,0,0]','大井改二','[1,5,0,1]','[90,139]',3,10,114,'[23,63]',4,'[43,59]','[15,49]',3,'おおい'),(119,0,0,0,0,7,'[2,6,9,0]',75,75,25,'新しい北上、それがアタシ。<br>酸素魚雷を満載して、ちょっと大人になったでしょ。','[17,63]',2,'[30,79]','[0,0,0,0,0]','北上改二','[1,5,0,1]','[90,139]',3,10,115,'[23,63]',4,'[43,59]','[15,49]',3,'きたかみ'),(120,110,270,30,121,5,'[2,3,12,1]',90,65,40,'ごきげんよう、三隈です。<br>最上さんはどこにいらっしゃるのかしら？','[40,59]',2,'[5,49]','[2,2,2,0,0]','三隈','[2,1,0,2]','[18,69]',3,10,116,'[30,59]',5,'[40,59]','[18,59]',3,'みくま'),(121,0,0,0,0,6,'[2,2,13,4]',100,55,50,'提督、三隈、新型になりましてよ','[24,75]',2,'[10,69]','[5,6,5,3,0]','三隈改','[2,1,3,2]','[18,69]',4,10,117,'[37,71]',6,'[50,67]','[20,59]',3,'みくま'),(122,100,100,20,294,4,'[1,1,6,0]',24,20,15,'こんにちは！陽炎型駆逐艦、舞風です。<br>暗い雰囲気は苦手です！','[10,29]',1,'[10,49]','[0,0,0,0,0]','舞風','[0,1,0,1]','[24,69]',2,10,119,'[6,19]',2,'[16,34]','[9,39]',3,'まいかぜ'),(123,300,250,25,295,4,'[2,2,10,1]',60,50,35,'はーいっ！衣笠さんの登場よ！<br>青葉ともども、よろしくね！','[30,54]',2,'[20,69]','[2,2,2,0,0]','衣笠','[2,1,0,2]','[12,59]',3,10,120,'[26,37]',5,'[37,49]','[16,59]',3,'きぬがさ'),(124,110,270,35,129,4,'[2,3,12,1]',90,65,40,'鈴谷だよ！にぎやかな艦隊だね！<br>よろしくね！','[40,59]',2,'[5,49]','[2,2,2,0,0]','鈴谷','[2,1,0,2]','[18,69]',3,10,124,'[30,59]',5,'[40,59]','[18,59]',3,'すずや'),(125,110,270,35,130,4,'[2,3,12,1]',90,65,40,'ごきげんよう、<br>わたくしが重巡、熊野ですわ！','[40,59]',2,'[5,49]','[2,2,2,0,0]','熊野','[2,1,0,2]','[18,69]',3,10,125,'[30,59]',5,'[40,59]','[18,59]',3,'くまの'),(126,200,130,50,398,3,'[1,2,2,1]',22,20,10,'伊１６８よ。何よ、言いにくいの？<br>じゃ、イムヤでいいわ…よろしくねっ！','[2,7]',1,'[10,49]','[0,0,0,0,0]','伊168','[0,2,0,0]','[24,59]',1,5,126,'[3,17]',13,'[10,17]','[0,0]',3,'い168'),(127,200,140,50,399,4,'[1,2,2,1]',22,20,10,'こんにちは！ 伊五十八です。<br>ゴーヤって呼んでもいいよ！苦くなんかないよぉ！','[2,9]',1,'[40,79]','[0,0,0,0,0]','伊58','[0,2,0,0]','[30,69]',1,5,127,'[4,19]',13,'[14,19]','[0,0]',3,'い58'),(128,200,150,50,400,5,'[1,2,2,1]',22,20,10,'グーテンターク…あ、違った、ごめんなさいね…<br>「はち」と呼んでくださいね。','[2,9]',1,'[20,59]','[0,0,0,0,0]','伊8','[0,2,0,0]','[30,69]',1,5,128,'[4,19]',13,'[15,19]','[0,0]',3,'い8'),(129,0,0,0,0,5,'[2,2,13,4]',100,55,50,'鈴谷だよ！にぎやかな艦隊だね！<br>よろしくね！','[24,75]',2,'[10,69]','[5,6,5,3,0]','鈴谷改','[2,1,3,2]','[18,69]',4,10,129,'[37,71]',6,'[50,67]','[20,59]',3,'すずや'),(130,0,0,0,0,5,'[2,2,13,4]',100,55,50,'ごきげんよう、<br>わたくしが重巡、熊野ですわ！','[24,75]',2,'[10,69]','[5,6,5,3,0]','熊野改','[2,1,3,2]','[18,69]',4,10,130,'[37,71]',6,'[50,67]','[20,59]',3,'くまの'),(131,2500,3000,60,136,8,'[35,50,100,10]',480,300,250,'大和型戦艦、一番艦、大和。<br>推して参ります！','[96,129]',4,'[12,79]','[7,7,7,7,0]','大和','[7,0,2,5]','[0,0]',4,5,131,'[88,108]',9,'[93,98]','[50,94]',3,'やまと'),(132,120,110,30,301,4,'[1,1,6,0]',24,20,15,'秋雲、着任！<br>提督よろしくねっ！','[10,29]',1,'[14,49]','[0,0,0,0,0]','秋雲','[0,1,0,1]','[24,69]',2,10,132,'[6,19]',2,'[16,34]','[9,39]',3,'あきぐも'),(133,130,110,30,302,4,'[1,1,6,0]',24,20,15,'夕雲型一番艦、夕雲、着任しました。<br>提督、甘えてくれても、いいんですよ？','[10,30]',1,'[12,49]','[0,0,0,0,0]','夕雲','[0,1,0,1]','[24,69]',2,10,133,'[6,19]',2,'[16,34]','[9,39]',3,'ゆうぐも'),(134,120,110,30,303,4,'[1,1,6,0]',24,20,15,'夕雲型駆逐艦、巻雲といいます。<br>夕雲姉さんを見習って、頑張ります！','[10,30]',1,'[11,49]','[0,0,0,0,0]','巻雲','[0,1,0,1]','[24,69]',2,10,134,'[6,19]',2,'[16,34]','[9,39]',3,'まきぐも'),(135,130,110,30,304,4,'[1,1,6,0]',24,20,15,'夕雲型駆逐艦四番艦、長波サマだよ！<br>さーいくぜ、オーッ！','[10,30]',1,'[13,49]','[0,0,0,0,0]','長波','[0,1,0,1]','[24,69]',2,10,135,'[6,19]',2,'[16,34]','[9,39]',3,'ながなみ'),(136,0,0,0,0,8,'[35,50,110,20]',480,325,250,'大和型戦艦、一番艦、大和。<br>対空火器を大幅強化致しました！','[92,139]',4,'[13,79]','[7,7,7,7,0]','大和改','[6,0,3,6]','[0,0]',4,5,136,'[92,118]',9,'[96,108]','[68,104]',3,'やまと'),(137,220,300,35,305,5,'[3,4,13,1]',60,35,30,'こんにちはーっ！<br>最新鋭軽巡の阿賀野でーすっ。ふふ。','[20,42]',2,'[10,49]','[2,2,2,0,0]','阿賀野','[1,1,1,2]','[24,72]',3,10,137,'[17,32]',3,'[30,45]','[17,60]',3,'あがの'),(138,220,300,35,306,5,'[3,4,13,1]',60,35,30,'阿賀野型軽巡二番艦、能代。<br>着任しました。よろしくどうぞ！','[20,42]',2,'[10,49]','[2,2,2,0,0]','能代','[1,1,1,2]','[24,72]',3,10,138,'[17,32]',3,'[30,45]','[17,60]',3,'のしろ'),(139,220,300,35,307,6,'[3,4,13,1]',60,35,30,'軽巡矢矧、着任したわ。<br>提督、最後まで頑張っていきましょう！','[20,42]',2,'[13,59]','[2,2,2,0,0]','矢矧','[1,1,1,2]','[24,72]',3,10,139,'[17,33]',3,'[31,45]','[17,63]',3,'やはぎ'),(140,220,300,35,314,5,'[3,4,13,1]',60,35,30,'ぴゃん♪　阿賀野型軽巡四番艦、酒匂です！<br>司令、よろしくね！','[19,41]',2,'[20,49]','[2,2,2,0,0]','酒匂','[1,1,1,2]','[23,71]',3,10,140,'[17,32]',3,'[31,45]','[17,62]',3,'さかわ'),(141,0,0,0,0,5,'[2,2,10,0]',60,30,25,'五十鈴です。水雷戦隊の指揮ならお任せ。<br>全力で提督を勝利に導くわ。よろしくね。','[18,59]',1,'[13,59]','[0,0,0,0,0]','五十鈴改二','[1,2,4,2]','[24,79]',3,10,141,'[30,69]',3,'[44,59]','[45,84]',1,'いすず'),(142,0,0,0,0,6,'[3,7,16,1]',60,65,35,'はーいっ！衣笠さんの登場よ！<br>青葉ともども、よろしくね！','[38,74]',2,'[13,59]','[2,2,2,2,0]','衣笠改二','[2,1,1,2]','[24,74]',4,10,142,'[35,73]',5,'[53,65]','[22,66]',3,'きぬがさ'),(143,2500,3000,40,148,7,'[35,50,100,10]',480,300,250,'フッ、随分待たせたようだな……。<br>大和型戦艦二番艦、武蔵。参る！','[96,129]',4,'[10,79]','[7,7,7,7,0]','武蔵','[7,0,2,5]','[0,0]',4,5,143,'[88,108]',9,'[94,98]','[50,94]',3,'むさし'),(144,0,0,0,0,6,'[1,2,10,0]',22,20,15,'こんにちは、白露型駆逐艦「夕立」よ。<br>よろしくね！','[17,73]',1,'[20,59]','[0,0,0,0,0]','夕立改二','[2,2,1,1]','[37,93]',3,10,144,'[14,52]',2,'[31,58]','[16,59]',1,'ゆうだち'),(145,0,0,0,0,6,'[1,2,10,0]',22,20,15,'僕は白露型駆逐艦、「時雨」。<br>これからよろしくね。','[13,57]',1,'[50,79]','[0,0,0,0,0]','時雨改二','[2,2,1,1]','[28,84]',3,10,145,'[14,52]',2,'[31,49]','[24,72]',3,'しぐれ'),(146,0,0,0,0,6,'[2,6,9,0]',75,50,25,'木曾だ、お前に最高の勝利を与えてやる。','[18,64]',2,'[13,69]','[0,0,0,0,0]','木曾改二','[1,5,0,1]','[80,110]',3,10,146,'[24,65]',4,'[44,59]','[24,72]',1,'きそ'),(147,0,0,0,0,6,'[1,3,11,0]',20,25,15,'ヴェールヌイだ。<br>その活躍ぶりから不死鳥の通り名もあるよ。','[13,54]',1,'[20,59]','[0,0,0,0,0]','Верный','[1,2,1,1]','[30,89]',3,10,147,'[15,54]',2,'[37,49]','[18,59]',3,'ひびき'),(148,0,0,0,0,7,'[35,50,110,20]',480,325,250,'大和型二番艦、武蔵、推参する。<br>どうだ…この色、装束も似合うだろう？','[92,139]',4,'[9,79]','[7,7,7,7,0]','武蔵改','[6,0,3,6]','[0,0]',4,5,148,'[92,119]',9,'[97,108]','[60,99]',3,'むさし'),(149,0,0,0,0,7,'[10,14,33,3]',240,125,100,'英国で生まれた帰国子女の金剛デース。<br>ヨロシクオネガイシマース！','[76,98]',3,'[15,79]','[3,3,3,3,0]','金剛改二','[4,0,2,4]','[0,0]',4,10,149,'[70,94]',8,'[82,99]','[30,84]',3,'こんごう'),(150,0,0,0,0,7,'[10,14,33,3]',240,125,100,'金剛お姉さまの妹分、比叡です。<br>経験を積んで、姉さまに少しでも近づきたいです。','[76,98]',3,'[13,79]','[3,3,3,3,0]','比叡改二','[4,0,2,4]','[0,0]',4,10,150,'[72,95]',8,'[83,99]','[30,82]',3,'ひえい'),(151,0,0,0,0,7,'[10,14,33,3]',240,125,100,'高速戦艦、榛名、着任しました。<br>あなたが提督なのね？　よろしくお願い致します。','[75,96]',3,'[41,89]','[3,3,3,3,0]','榛名改二','[4,0,2,4]','[0,0]',4,10,151,'[70,93]',8,'[81,99]','[41,92]',3,'はるな'),(152,0,0,0,0,7,'[10,14,33,3]',240,125,100,'マイク音量大丈夫…？チェック、1，2……。<br>よし。はじめまして、私、霧島です。','[78,104]',3,'[14,79]','[3,3,3,3,0]','霧島改二','[4,0,2,4]','[0,0]',4,10,152,'[70,92]',8,'[82,99]','[30,82]',3,'きりしま'),(153,450,900,40,156,7,'[8,15,36,12]',400,65,70,'そう…私が大鳳。<br>出迎え、ありがとうございます。<br>提督…貴方と機動部隊に勝利を！','[0,49]',1,'[2,19]','[18,18,18,7,0]','大鳳','[0,0,5,5]','[0,0]',4,10,153,'[40,79]',18,'[67,87]','[42,79]',3,'たいほう'),(154,120,400,35,343,4,'[3,1,10,0]',70,15,30,'練習巡洋艦、香取です。<br>心配しないで…。色々と優しく、指導させて頂きますから。','[14,28]',2,'[10,49]','[1,1,1,0,0]','香取','[0,1,0,1]','[12,28]',3,5,154,'[9,27]',21,'[36,48]','[14,42]',1,'かとり'),(155,100,300,35,403,6,'[1,2,3,2]',200,15,20,'提督、ごきげんよう。潜特型二番艦伊401です。<br>しおいって呼んでね。','[2,9]',1,'[20,59]','[3,0,0,0,0]','伊401','[0,1,1,1]','[36,72]',1,5,155,'[5,24]',14,'[20,24]','[0,0]',3,'い401'),(156,0,0,0,0,7,'[9,16,36,14]',400,75,90,'おはようございます、改装済み大鳳です。<br>甲板装甲を強化、防御力もさらに向上、提督のために…露天駐機で艦載機数も充実です！','[0,59]',1,'[4,39]','[30,24,24,8,0]','大鳳改','[0,0,5,5]','[0,0]',4,10,156,'[44,84]',18,'[70,90]','[45,86]',3,'たいほう'),(157,0,0,0,0,6,'[4,12,22,6]',170,45,40,'軽空母、龍驤や。独特なシルエットでしょ？<br>でも、艦載機を次々繰り出す、ちゃーんとした空母なんや。期待してや！','[0,40]',1,'[15,59]','[18,28,6,3,0]','龍驤改二','[0,0,3,3]','[0,0]',4,10,157,'[28,62]',7,'[50,72]','[24,48]',1,'りゅうじょう'),(158,0,0,0,0,6,'[2,2,10,0]',60,35,25,'川内、参上。<br>夜戦なら任せておいて！','[24,67]',2,'[14,79]','[1,1,1,0,0]','川内改二','[1,1,1,2]','[26,88]',3,10,158,'[29,69]',3,'[48,64]','[20,70]',1,'せんだい'),(159,0,0,0,0,6,'[2,2,10,0]',60,35,25,'あの……軽巡洋艦、神通です。<br>どうか、よろしくお願い致します……','[27,70]',2,'[13,79]','[1,1,1,0,0]','神通改二','[1,1,1,2]','[38,98]',3,10,159,'[29,69]',3,'[50,63]','[18,68]',1,'じんつう'),(160,0,0,0,0,6,'[2,2,10,0]',60,35,25,'艦隊のアイドル、那珂（なか）ちゃんだよー！<br>よっろしくぅ！','[22,68]',2,'[13,69]','[1,1,1,0,0]','那珂改二','[1,1,1,2]','[28,84]',3,10,160,'[29,68]',3,'[48,62]','[24,72]',1,'なか'),(161,80,200,25,166,5,'[2,2,12,2]',150,10,40,'自分、あきつ丸であります。<br>艦隊にお世話になります。','[6,19]',1,'[10,39]','[0,0,0,0,0]','あきつ丸','[0,0,1,1]','[0,0]',2,5,161,'[13,33]',17,'[38,49]','[13,29]',3,'あきつまる'),(162,0,0,0,0,0,'[0,0,0,0]',0,0,0,'','[0,0]',0,'[0,0]','[0,0,0,0,0]','なし','[0,0,0,0]','[0,0]',0,0,0,'[0,0]',2,'[0,0]','[0,0]',0,'なし'),(163,20,50,20,402,5,'[1,0,1,0]',17,5,10,'初めまして…まるゆ着任しました。<br>え？聞いてないって…そんなあ！','[1,3]',1,'[7,77]','[0,0,0,0,0]','まるゆ','[0,0,0,1]','[0,9]',0,5,163,'[2,9]',13,'[6,9]','[0,0]',3,'まるゆ'),(164,100,100,20,308,4,'[1,1,4,0]',18,15,15,'初めまして、弥生、着任…。<br>あ、気を使わないでくれていい…です。','[6,29]',1,'[10,49]','[0,0,0,0,0]','弥生','[1,1,0,0]','[18,49]',2,10,164,'[5,18]',2,'[13,24]','[7,29]',1,'やよい'),(165,100,100,25,309,4,'[1,1,4,0]',18,15,15,'やったぁ！ でたっぴょん！ 卯月でっす！ <br>うーちゃんって呼ばれてまっす！','[6,29]',1,'[10,49]','[0,0,0,0,0]','卯月','[0,1,0,0]','[18,49]',2,10,165,'[5,18]',2,'[13,24]','[7,29]',1,'うづき'),(166,0,0,0,0,6,'[2,2,13,5]',150,25,45,'自分、航空兵力を充実させてみたのであります。<br>これはもう空母…であります…。','[8,33]',1,'[13,49]','[8,8,8,0,0]','あきつ丸改','[1,0,1,1]','[0,0]',3,5,166,'[15,43]',17,'[40,59]','[15,37]',3,'あきつまる'),(167,160,140,45,320,5,'[1,1,6,0]',24,20,15,'陽炎型駆逐艦十二番艦、磯風。<br>大丈夫、私が護ってあげる。','[10,29]',1,'[16,54]','[0,0,0,0,0]','磯風','[0,1,0,1]','[24,69]',2,10,167,'[6,19]',2,'[16,34]','[14,44]',1,'いそかぜ'),(168,140,110,35,317,4,'[1,1,6,0]',24,20,15,'うち、浦風じゃ、よろしくね！','[10,29]',1,'[13,49]','[0,0,0,0,0]','浦風','[0,1,0,1]','[24,69]',2,10,168,'[6,19]',2,'[16,34]','[10,40]',0,'うらかぜ'),(169,100,100,30,313,4,'[1,1,6,0]',24,20,15,'提督、谷風だよ。<br>これからお世話になるね！','[10,29]',1,'[14,49]','[0,0,0,0,0]','谷風','[0,1,0,1]','[24,69]',2,10,169,'[6,19]',2,'[16,34]','[10,40]',0,'たにかぜ'),(170,100,100,30,312,4,'[1,1,6,0]',24,20,15,'駆逐艦、浜風です。<br>これより貴艦隊所属となります。','[10,29]',1,'[15,49]','[0,0,0,0,0]','浜風','[0,1,0,1]','[24,69]',2,10,170,'[6,19]',2,'[16,34]','[13,42]',0,'はまかぜ'),(171,800,600,30,172,7,'[10,16,38,4]',300,110,90,'Guten Tag.<br>私はビスマルク型戦艦のネームシップ、ビスマルク。<br>よおく覚えておくのよ。','[64,88]',3,'[8,69]','[4,4,4,4,0]','Bismarck','[3,0,1,3]','[0,0]',4,10,171,'[67,83]',8,'[90,96]','[18,48]',1,'ビスマルク'),(172,1600,1200,50,173,7,'[12,18,40,4]',300,115,95,'Guten Tag.<br>私はビスマルク型戦艦のネームシップ、ビスマルク。<br>よおく覚えておくのよ。','[70,93]',3,'[10,79]','[4,4,4,4,0]','Bismarck改','[4,0,1,4]','[0,0]',4,10,172,'[77,93]',8,'[94,99]','[24,58]',3,'ビスマルク'),(173,2400,1800,75,178,7,'[12,18,40,4]',300,135,105,'Guten Tag.<br>私はビスマルク型戦艦のネームシップ、ビスマルク。<br>よおく覚えておくのよ。','[70,97]',3,'[20,82]','[4,4,4,4,0]','Bismarck zwei','[4,0,2,4]','[0,0]',4,10,173,'[80,94]',8,'[96,99]','[25,62]',3,'ビスマルク'),(174,150,170,30,310,5,'[1,1,6,0]',24,20,20,'Guten Morgen.<br>僕の名前はレーベレヒト・マース。<br>レーベでいいよ…うん。','[8,26]',1,'[6,39]','[0,0,0,0,0]','Z1','[1,1,0,0]','[24,60]',3,10,174,'[8,22]',2,'[18,29]','[12,42]',1,'レーベレヒト・マース'),(175,150,170,30,311,5,'[1,1,6,0]',24,20,20,'Guten Tag.<br>私は駆逐艦マックス・シュルツよ。<br>マックス…でもいいけれど。よろしく。','[8,26]',1,'[6,39]','[0,0,0,0,0]','Z3','[1,1,0,0]','[24,60]',3,10,175,'[8,22]',2,'[18,29]','[12,42]',1,'マックス・シュルツ'),(176,600,700,45,177,6,'[2,3,15,2]',200,70,50,'Guten Morgen！<br>私は、重巡プリンツ・オイゲン。よろしくね！','[38,56]',2,'[30,79]','[3,3,3,0,0]','Prinz Eugen','[2,1,0,2]','[32,64]',3,10,176,'[38,64]',5,'[50,72]','[16,44]',1,'プリンツ・オイゲン'),(177,0,0,0,0,7,'[4,8,22,3]',200,75,55,'Guten Morgen！<br>私は、重巡プリンツ・オイゲン。よろしくね！','[48,75]',2,'[40,89]','[3,3,3,3,0]','Prinz Eugen改','[3,2,1,3]','[40,84]',4,10,177,'[48,82]',5,'[63,79]','[18,60]',3,'プリンツ・オイゲン'),(178,0,0,0,0,7,'[12,20,42,4]',300,155,110,'Guten Tag.<br>私はビスマルク型戦艦のネームシップ、ビスマルク。<br>よおく覚えておくのよ。','[74,99]',3,'[22,84]','[4,4,4,4,0]','Bismarck drei','[4,1,2,4]','[16,36]',4,10,178,'[82,95]',8,'[96,99]','[35,70]',3,'ビスマルク'),(179,0,0,0,0,7,'[1,1,6,0]',24,25,20,'Guten Morgen.<br>僕の名前はレーベレヒト・マース。<br>レーベでいいよ…うん。','[12,49]',1,'[15,49]','[0,0,0,0,0]','Z1 zwei','[1,1,0,0]','[27,71]',3,10,179,'[18,53]',2,'[35,59]','[20,64]',3,'レーベレヒト・マース'),(180,0,0,0,0,7,'[1,1,6,0]',24,25,20,'Guten Tag.<br>私は駆逐艦マックス・シュルツよ。<br>マックス…でもいいけれど。よろしく。','[10,47]',1,'[15,49]','[0,0,0,0,0]','Z3 zwei','[1,1,0,0]','[27,71]',3,10,180,'[18,53]',2,'[35,59]','[24,68]',3,'マックス・シュルツ'),(181,100,120,20,316,6,'[1,1,6,0]',30,20,20,'いい風きてる？<br>次世代型駆逐艦のプロトタイプ、<br>あたし、天津風の出番ね。','[10,29]',1,'[18,59]','[0,0,0,0,0]','天津風','[1,1,1,1]','[28,79]',3,10,181,'[7,25]',2,'[18,37]','[22,53]',1,'あまつかぜ'),(182,200,1500,35,187,6,'[3,1,15,3]',220,10,50,'工作艦、明石です。<br>少々の損傷だったら、私が泊地でばっちり直してあげますね。<br>お任せください！','[4,14]',1,'[10,39]','[0,0,0,0,0]','明石','[0,0,1,1]','[0,0]',3,5,182,'[7,19]',19,'[39,48]','[10,24]',1,'あかし'),(183,320,400,35,321,6,'[4,2,14,2]',80,30,35,'提督、軽巡大淀、戦列に加わりました。<br>艦隊指揮、運営はどうぞお任せください。','[24,48]',2,'[24,69]','[0,6,6,0,0]','大淀','[1,0,2,2]','[0,39]',3,10,183,'[19,34]',3,'[34,47]','[18,62]',1,'おおよど'),(184,450,700,25,185,4,'[2,2,12,2]',150,10,35,'こんにちわあ。潜水母艦大鯨です。<br>不束者ですが、よろしくお願い致します。','[5,15]',1,'[20,59]','[2,3,3,0,0]','大鯨','[0,0,1,2]','[0,0]',3,5,184,'[15,37]',20,'[39,55]','[16,36]',1,'たいげい・りゅうほう'),(185,550,450,50,318,5,'[2,3,13,4]',160,35,35,'潜水母艦改装空母の龍鳳です。<br>航空母艦として、私、頑張ります！','[0,20]',1,'[20,69]','[18,7,6,0,0]','龍鳳','[0,0,2,2]','[0,0]',3,5,185,'[18,38]',7,'[39,57]','[24,48]',3,'たいげい・りゅうほう'),(186,110,120,30,322,5,'[1,1,6,0]',24,20,15,'陽炎型駆逐艦十番艦。<br>時津風……出るよ。','[10,29]',1,'[13,49]','[0,0,0,0,0]','時津風','[0,1,0,1]','[24,69]',2,10,186,'[6,19]',2,'[16,34]','[10,40]',1,'ときつかぜ'),(187,0,0,0,0,7,'[3,2,16,3]',150,15,55,'工作艦、明石です。<br>少々の損傷だったら、私が泊地でばっちり直してあげますね。<br>お任せください！','[6,24]',1,'[12,49]','[0,0,0,0,0]','明石改','[0,0,1,1]','[0,0]',4,5,187,'[9,27]',19,'[45,58]','[16,36]',3,'あかし'),(188,0,0,0,0,7,'[5,8,18,5]',90,65,50,'吾輩が利根である！<br>吾輩が艦隊に加わる以上、もう、索敵の心配はないぞ！','[46,77]',2,'[15,69]','[2,2,9,5,0]','利根改二','[3,1,3,2]','[32,82]',4,10,188,'[48,79]',6,'[59,72]','[32,82]',1,'とね'),(189,0,0,0,0,7,'[5,8,18,5]',90,65,50,'はじめまして、利根型２番艦、筑摩と申します。','[46,77]',2,'[14,67]','[2,2,9,5,0]','筑摩改二','[3,1,3,2]','[33,83]',4,10,189,'[48,79]',6,'[58,72]','[33,83]',1,'ちくま'),(190,100,100,20,300,4,'[1,1,6,0]',24,20,15,'初風です、よろしく。<br>提督さんにとって私は何人目の私かしら？','[10,29]',1,'[10,49]','[0,0,0,0,0]','初風','[0,1,0,1]','[24,69]',2,10,118,'[6,19]',2,'[16,34]','[9,39]',3,'はつかぜ'),(191,200,140,50,401,4,'[1,2,2,1]',22,20,10,'素敵な提督で嬉しいのね。<br>伊十九なの。そう、イクって呼んでもいいの！','[2,9]',1,'[12,49]','[0,0,0,0,0]','伊19','[0,2,0,0]','[36,79]',1,5,123,'[4,18]',13,'[14,19]','[0,0]',3,'い19'),(192,0,0,0,0,6,'[4,7,20,2]',80,75,45,'貴様が司令官か。<br>私は那智。よろしくお願いする。','[50,80]',2,'[18,70]','[2,2,4,4,0]','那智改二','[3,1,2,2]','[34,84]',4,10,192,'[48,78]',5,'[56,71]','[33,83]',1,'なち'),(193,0,0,0,0,6,'[4,7,20,2]',80,75,45,'足柄よ。砲雷撃戦が得意なの。<br>ふふ、よろしくね。','[53,82]',2,'[20,72]','[2,2,4,4,0]','足柄改二','[3,1,2,2]','[34,84]',4,10,193,'[47,79]',5,'[56,71]','[26,74]',3,'あしがら'),(194,0,0,0,0,5,'[4,7,20,2]',80,75,45,'妙高型重巡洋艦、羽黒です。<br>皆さんと共に、全力で戦線を支えます！','[52,84]',2,'[19,70]','[2,2,4,4,0]','羽黒改二','[3,1,2,2]','[34,84]',4,10,194,'[47,77]',5,'[57,71]','[24,72]',1,'はぐろ'),(195,0,0,0,0,6,'[1,2,10,0]',20,20,15,'ごきげんよう。<br>特型駆逐艦、綾波と申します。','[17,70]',1,'[40,77]','[0,0,0,0,0]','綾波改二','[2,2,1,1]','[30,87]',3,10,195,'[15,54]',2,'[32,54]','[16,52]',3,'あやなみ'),(196,0,0,0,0,8,'[10,14,32,11]',250,75,70,'航空母艦、飛龍です。<br>空母戦ならお任せ！どんな苦境でも戦えます！','[0,64]',1,'[50,92]','[18,36,22,3,0]','飛龍改二','[0,0,4,5]','[0,0]',4,10,196,'[37,76]',11,'[67,89]','[33,82]',0,'ひりゅう'),(197,0,0,0,0,8,'[10,14,32,11]',250,75,70,'航空母艦、蒼龍です。<br>空母機動部隊を編制するなら、私もぜひ入れてね！','[0,57]',1,'[15,59]','[18,35,20,6,0]','蒼龍改二','[0,0,4,5]','[0,0]',4,10,197,'[36,75]',11,'[67,89]','[34,84]',0,'そうりゅう'),(201,270,230,70,426,4,'[1,2,10,0]',20,20,15,'はじめまして吹雪です。<br>よろしくお願い致します。','[12,49]',1,'[12,49]','[0,0,0,0,0]','吹雪改','[1,1,1,1]','[28,79]',3,10,301,'[13,49]',2,'[30,49]','[15,49]',3,'ふぶき'),(202,0,0,0,0,4,'[1,2,10,0]',20,20,15,'白雪です。<br>よろしくお願いします。','[12,49]',1,'[12,49]','[0,0,0,0,0]','白雪改','[1,1,1,1]','[28,79]',3,10,302,'[13,49]',2,'[30,49]','[15,49]',1,'しらゆき'),(203,0,0,0,0,4,'[1,2,10,0]',20,20,15,'初雪……です……よろしく。','[12,49]',1,'[12,49]','[0,0,0,0,0]','初雪改','[1,1,1,1]','[28,79]',3,10,303,'[13,49]',2,'[30,49]','[15,49]',1,'はつゆき'),(204,0,0,0,0,4,'[1,2,10,0]',20,20,15,'深雪だよ。<br>よろしくな！','[12,49]',1,'[12,49]','[0,0,0,0,0]','深雪改','[1,1,1,1]','[28,79]',3,10,304,'[13,49]',2,'[30,49]','[15,49]',1,'みゆき'),(205,250,210,70,420,4,'[1,2,10,0]',20,20,15,'あんたが司令官ね。<br>ま、せいぜい頑張りなさい！','[12,49]',1,'[12,49]','[0,0,0,0,0]','叢雲改','[1,1,1,1]','[28,79]',3,10,305,'[13,49]',2,'[30,49]','[15,49]',3,'むらくも'),(206,0,0,0,0,4,'[1,2,10,0]',20,20,15,'あ、あの…磯波と申します。<br>よろしくお願いいたします。','[12,49]',1,'[12,49]','[0,0,0,0,0]','磯波改','[1,1,1,1]','[28,79]',3,10,306,'[13,49]',2,'[30,49]','[15,49]',0,'いそなみ'),(207,280,200,70,195,4,'[1,2,10,0]',20,20,15,'ごきげんよう。<br>特型駆逐艦、綾波と申します。','[12,49]',1,'[12,49]','[0,0,0,0,0]','綾波改','[1,1,1,1]','[28,79]',3,10,307,'[13,49]',2,'[30,49]','[15,49]',1,'あやなみ'),(208,0,0,0,0,4,'[1,2,10,0]',20,20,15,'アタシの名は敷波。<br>以後よろしく。','[12,49]',1,'[12,49]','[0,0,0,0,0]','敷波改','[1,1,1,1]','[28,79]',3,10,308,'[13,49]',2,'[30,49]','[15,49]',1,'しきなみ'),(209,2400,2400,75,149,6,'[10,14,33,3]',240,120,90,'英国で生まれた帰国子女の金剛デース。<br>ヨロシクオネガイシマース！','[72,94]',3,'[12,69]','[3,3,3,3,0]','金剛改','[4,0,2,3]','[0,0]',4,10,309,'[67,89]',8,'[75,89]','[28,79]',1,'こんごう'),(210,2400,2400,75,150,6,'[10,14,33,3]',240,120,90,'金剛お姉さまの妹分、比叡です。<br>経験を積んで、姉さまに少しでも近づきたいです。','[72,94]',3,'[12,69]','[3,3,3,3,0]','比叡改','[4,0,2,3]','[0,0]',4,10,310,'[67,89]',8,'[75,89]','[28,79]',1,'ひえい'),(211,2400,2400,80,151,6,'[10,14,33,3]',240,120,90,'高速戦艦、榛名、着任しました。<br>あなたが提督なのね？　よろしくお願い致します。','[72,94]',3,'[20,69]','[3,3,3,3,0]','榛名改','[4,0,2,3]','[0,0]',4,10,311,'[67,89]',8,'[75,89]','[28,79]',1,'はるな'),(212,2400,2400,75,152,6,'[10,14,33,3]',240,120,90,'マイク音量大丈夫…？チェック、1，2……。<br>よし。はじめまして、私、霧島です。','[72,94]',3,'[12,69]','[3,3,3,3,0]','霧島改','[4,0,2,3]','[0,0]',4,10,312,'[67,89]',8,'[75,89]','[28,79]',1,'きりしま'),(213,0,0,0,0,4,'[1,1,8,0]',60,25,25,'オレの名は天龍。<br>フフフ、怖いか？','[20,59]',2,'[12,59]','[0,0,0,0,0]','天龍改','[1,1,1,2]','[24,79]',3,10,313,'[28,59]',3,'[40,54]','[12,49]',1,'てんりゅう'),(214,0,0,0,0,4,'[1,1,8,0]',60,25,25,'初めまして、龍田だよ。<br>天龍ちゃんがご迷惑かけてないかなあ～。','[20,59]',2,'[12,59]','[0,0,0,0,0]','龍田改','[1,1,1,2]','[24,79]',3,10,314,'[28,59]',3,'[40,54]','[12,49]',1,'たつた'),(215,0,0,0,0,5,'[2,2,10,0]',60,30,25,'クマー。<br>よろしくだクマ。','[20,69]',2,'[12,59]','[1,1,1,0,0]','球磨改','[2,1,1,2]','[24,89]',3,10,315,'[29,69]',3,'[42,59]','[15,69]',1,'くま'),(216,0,0,0,0,4,'[2,2,10,0]',60,30,25,'軽巡、多摩です。<br>猫じゃないにゃ。','[20,59]',2,'[12,59]','[1,1,1,0,0]','多摩改','[1,1,1,2]','[24,79]',3,10,316,'[29,59]',3,'[42,59]','[15,59]',1,'たま'),(217,750,400,65,146,4,'[2,2,10,0]',60,30,25,'木曾だ、お前に最高の勝利を与えてやる。','[20,59]',2,'[12,59]','[1,1,1,0,0]','木曾改','[1,1,1,2]','[24,79]',3,10,317,'[29,59]',3,'[42,59]','[15,59]',0,'きそ'),(218,0,0,0,0,5,'[2,2,10,0]',60,30,25,'軽巡、長良です。<br>よろしくお願いします！','[20,69]',2,'[12,59]','[1,1,1,0,0]','長良改','[2,1,1,2]','[24,89]',3,10,318,'[29,69]',3,'[43,59]','[15,69]',0,'ながら'),(219,360,270,50,141,4,'[2,2,10,0]',60,30,25,'五十鈴です。水雷戦隊の指揮ならお任せ。<br>全力で提督を勝利に導くわ。よろしくね。','[18,59]',2,'[12,59]','[1,1,1,0,0]','五十鈴改','[1,1,4,2]','[24,79]',3,10,319,'[29,59]',3,'[37,59]','[40,59]',0,'いすず'),(220,0,0,0,0,4,'[2,2,10,0]',60,30,25,'長良型軽巡四番艦の「由良」です。<br>どうぞ、よろしくお願いいたしますっ！','[20,59]',2,'[12,59]','[1,1,1,0,0]','由良改','[1,1,1,2]','[24,79]',3,10,320,'[29,59]',3,'[43,59]','[15,59]',0,'ゆら'),(221,0,0,0,0,4,'[2,2,10,0]',60,30,25,'名取といいます。<br>ご迷惑をおかけしないように、が、頑張ります。','[20,69]',2,'[12,59]','[1,1,1,0,0]','名取改','[1,1,1,2]','[24,89]',3,10,321,'[29,59]',3,'[43,59]','[15,59]',0,'なとり'),(222,480,300,60,158,5,'[2,2,10,0]',60,30,25,'川内、参上。<br>夜戦なら任せておいて！','[20,59]',2,'[12,59]','[1,1,1,0,0]','川内改','[2,1,1,2]','[24,79]',3,10,322,'[29,69]',3,'[44,59]','[15,69]',1,'せんだい'),(223,480,300,60,159,4,'[2,2,10,0]',60,30,25,'あの……軽巡洋艦、神通です。<br>どうか、よろしくお願い致します……','[20,59]',2,'[12,59]','[1,1,1,0,0]','神通改','[1,1,1,2]','[24,79]',3,10,323,'[29,59]',3,'[44,59]','[15,59]',1,'じんつう'),(224,400,480,48,160,4,'[2,2,10,0]',60,30,25,'艦隊のアイドル、那珂（なか）ちゃんだよー！<br>よっろしくぅ！','[20,59]',2,'[12,59]','[1,1,1,0,0]','那珂改','[1,1,1,2]','[24,79]',3,10,324,'[29,59]',3,'[44,59]','[15,59]',1,'なか'),(225,0,0,0,0,4,'[1,2,10,0]',24,20,15,'やっと会えた！　陽炎よ。<br>よろしくねっ！','[12,49]',1,'[12,59]','[0,0,0,0,0]','陽炎改','[1,1,1,1]','[28,79]',3,10,325,'[14,49]',2,'[32,49]','[16,49]',1,'かげろう'),(226,0,0,0,0,4,'[1,2,10,0]',24,20,15,'不知火です。<br>ご指導ご鞭撻、よろしくです。','[12,49]',1,'[12,59]','[0,0,0,0,0]','不知火改','[1,1,1,1]','[28,79]',3,10,326,'[14,49]',2,'[32,49]','[16,49]',1,'しらぬい'),(227,0,0,0,0,4,'[1,2,10,0]',24,20,15,'黒潮や、よろしゅうな。','[12,49]',1,'[12,59]','[0,0,0,0,0]','黒潮改','[1,1,1,1]','[28,79]',3,10,327,'[14,49]',2,'[32,49]','[16,49]',1,'くろしお'),(228,0,0,0,0,6,'[1,2,10,0]',24,20,15,'陽炎型駆逐艦８番艦、雪風です。<br>どうぞ、よろしくお願いしますっ！','[12,59]',1,'[60,99]','[0,0,0,0,0]','雪風改','[1,1,2,2]','[28,89]',3,10,328,'[14,59]',2,'[32,49]','[16,59]',0,'ゆきかぜ'),(229,0,0,0,0,6,'[1,3,15,0]',30,25,20,'駆逐艦島風です。スピードなら誰にも負けません。<br>速きこと、島風の如し、です！','[14,59]',1,'[12,59]','[0,0,0,0,0]','島風改','[1,2,1,2]','[48,99]',3,10,329,'[14,59]',2,'[36,59]','[16,59]',1,'しまかぜ'),(230,0,0,0,0,4,'[1,2,10,0]',20,20,15,'アタシ、綾波型駆逐艦「朧」。<br>誰にも負けない…たぶん……','[12,49]',1,'[12,59]','[0,0,0,0,0]','朧改','[1,1,1,1]','[28,79]',3,10,330,'[13,49]',2,'[30,49]','[15,49]',1,'おぼろ'),(231,0,0,0,0,4,'[1,2,10,0]',20,20,15,'特型駆逐艦「曙」よ。<br>って、こっち見んな！　この糞提督！','[12,49]',1,'[12,59]','[0,0,0,0,0]','曙改','[1,1,1,1]','[28,79]',3,10,331,'[13,49]',2,'[30,49]','[15,49]',1,'あけぼの'),(232,0,0,0,0,4,'[1,2,10,0]',20,20,15,'綾波型駆逐艦「漣」です、ご主人さま。<br>こう書いてさざなみと読みます。','[12,49]',1,'[12,59]','[0,0,0,0,0]','漣改','[1,1,1,1]','[28,79]',3,10,332,'[13,49]',2,'[30,49]','[15,49]',1,'さざなみ'),(233,30,170,60,407,4,'[1,2,10,0]',20,20,15,'特型駆逐艦…綾波型の「潮」です。<br>もう下がってよろしいでしょうか…。','[12,49]',1,'[20,79]','[0,0,0,0,0]','潮改','[1,1,1,1]','[28,79]',3,10,333,'[13,49]',2,'[30,49]','[15,49]',1,'うしお'),(234,0,0,0,0,4,'[1,2,10,0]',20,20,15,'暁よ。<br>一人前のレディーとして扱ってよね！','[12,49]',1,'[12,59]','[0,0,0,0,0]','暁改','[1,1,1,1]','[28,79]',3,10,334,'[13,49]',2,'[30,49]','[15,49]',3,'あかつき'),(235,200,240,70,147,4,'[1,2,10,0]',20,20,15,'響だよ。<br>その活躍ぶりから不死鳥の通り名もあるよ。','[12,49]',1,'[12,59]','[0,0,0,0,0]','響改','[1,1,1,1]','[28,79]',3,10,335,'[13,49]',2,'[30,49]','[15,49]',0,'ひびき'),(236,0,0,0,0,4,'[1,2,10,0]',20,20,15,'雷よ！　かみなりじゃないわ！<br>そこのとこもよろしく頼むわねっ！','[12,49]',1,'[12,59]','[0,0,0,0,0]','雷改','[1,1,1,1]','[28,79]',3,10,336,'[13,49]',2,'[30,49]','[15,49]',1,'いかづち'),(237,0,0,0,0,4,'[1,2,10,0]',20,20,15,'電です。<br>どうか、よろしくお願いいたします。','[12,49]',1,'[12,59]','[0,0,0,0,0]','電改','[1,1,1,1]','[28,79]',3,10,337,'[13,49]',2,'[30,49]','[15,49]',1,'いなづま'),(238,200,200,65,326,4,'[1,2,10,0]',20,20,15,'わらわが初春じゃ。<br>よろしく頼みますぞ。','[12,49]',1,'[12,59]','[0,0,0,0,0]','初春改','[1,1,1,1]','[28,79]',3,10,338,'[13,49]',2,'[30,51]','[15,49]',1,'はつはる'),(239,0,0,0,0,4,'[1,2,10,0]',20,20,15,'初めまして、ねのひ、だよぉ！<br>艦名、読みづらくなんか、ないよね？ね？','[12,49]',1,'[12,59]','[0,0,0,0,0]','子日改','[1,1,1,1]','[28,79]',3,10,339,'[13,49]',2,'[30,51]','[15,49]',1,'ねのひ'),(240,0,0,0,0,4,'[1,2,10,0]',20,20,15,'駆逐艦、若葉だ。','[12,49]',1,'[12,59]','[0,0,0,0,0]','若葉改','[1,1,1,1]','[28,79]',3,10,340,'[13,49]',2,'[30,51]','[15,49]',1,'わかば'),(241,230,220,70,419,4,'[1,2,10,0]',20,20,15,'初春型四番艦、初霜です。<br>皆さん、よろしくお願いします！','[12,49]',1,'[12,59]','[0,0,0,0,0]','初霜改','[1,1,1,1]','[28,79]',3,10,341,'[13,49]',2,'[30,51]','[15,49]',1,'はつしも'),(242,0,0,0,0,4,'[1,2,10,0]',22,20,15,'白露型駆逐艦一番艦、「白露」です！<br>はい、一番艦ですっ！','[12,49]',1,'[12,59]','[0,0,0,0,0]','白露改','[1,1,1,1]','[28,79]',3,10,342,'[14,49]',2,'[30,57]','[15,49]',1,'しらつゆ'),(243,200,180,60,145,4,'[1,2,10,0]',22,20,15,'僕は白露型駆逐艦、「時雨」。<br>これからよろしくね。','[12,49]',1,'[12,59]','[0,0,0,0,0]','時雨改','[1,1,1,1]','[28,79]',3,10,343,'[14,49]',2,'[30,57]','[15,49]',1,'しぐれ'),(244,0,0,0,0,4,'[1,2,10,0]',22,20,15,'はいはーい！白露型駆逐艦「村雨」だよ。<br>みんな、よろしくね！','[12,49]',1,'[12,59]','[0,0,0,0,0]','村雨改','[1,1,1,1]','[28,79]',3,10,344,'[14,49]',2,'[30,57]','[15,49]',1,'むらさめ'),(245,200,180,55,144,4,'[1,2,10,0]',22,20,15,'こんにちは、白露型駆逐艦「夕立」よ。<br>よろしくね！','[12,49]',1,'[12,59]','[0,0,0,0,0]','夕立改','[1,1,1,1]','[28,79]',3,10,345,'[14,49]',2,'[30,57]','[15,49]',1,'ゆうだち'),(246,0,0,0,0,4,'[1,2,10,0]',22,20,15,'五月雨っていいます！よろしくお願いします。<br>護衛任務はお任せください！','[12,49]',1,'[12,59]','[0,0,0,0,0]','五月雨改','[1,1,1,1]','[28,79]',3,10,346,'[14,49]',2,'[30,57]','[15,49]',1,'さみだれ'),(247,0,0,0,0,4,'[1,2,10,0]',22,20,15,'ちわ！涼風だよ。<br>私が艦隊に加われば百人力さ！','[12,49]',1,'[12,59]','[0,0,0,0,0]','涼風改','[1,1,1,1]','[28,79]',3,10,347,'[14,49]',2,'[30,57]','[15,49]',1,'すずかぜ'),(248,0,0,0,0,4,'[1,2,10,0]',22,20,15,'駆逐艦、朝潮です。<br>勝負ならいつでも受けて立つ覚悟です。','[12,49]',1,'[12,59]','[0,0,0,0,0]','朝潮改','[1,1,1,1]','[28,79]',3,10,348,'[14,49]',2,'[31,59]','[16,49]',1,'あさしお'),(249,0,0,0,0,4,'[1,2,10,0]',22,20,15,'駆逐艦、大潮です～！<br>小さな体に大きな魚雷！　お任せください。','[12,49]',1,'[12,59]','[0,0,0,0,0]','大潮改','[1,1,1,1]','[28,79]',3,10,349,'[14,49]',2,'[31,59]','[16,49]',1,'おおしお'),(250,0,0,0,0,4,'[1,2,10,0]',22,20,15,'満潮よ。<br>私、なんでこんな部隊に配属されたのかしら。','[12,49]',1,'[12,59]','[0,0,0,0,0]','満潮改','[1,1,1,1]','[28,79]',3,10,350,'[14,49]',2,'[31,59]','[16,49]',1,'みちしお'),(251,0,0,0,0,4,'[1,2,10,0]',22,20,15,'あら。自己紹介まだでしたかー。<br>私、荒潮です。','[12,49]',1,'[12,59]','[0,0,0,0,0]','荒潮改','[1,1,1,1]','[28,79]',3,10,351,'[14,49]',2,'[31,59]','[16,49]',1,'あらしお'),(252,0,0,0,0,4,'[1,2,10,0]',22,20,15,'霰です…<br>んちゃ…とかはいいません…よろしく…','[12,49]',1,'[12,59]','[0,0,0,0,0]','霰改','[1,1,1,1]','[28,79]',3,10,352,'[14,49]',2,'[31,59]','[16,49]',1,'あられ'),(253,0,0,0,0,4,'[1,2,10,0]',22,20,15,'霞よ。<br>ガンガンいくわよ。ついてらっしゃい。','[12,49]',1,'[20,79]','[0,0,0,0,0]','霞改','[1,1,1,1]','[28,79]',3,10,353,'[14,49]',2,'[31,59]','[16,49]',1,'かすみ'),(254,100,170,65,434,4,'[1,1,4,0]',18,15,15,'睦月です。<br>はりきって、まいりましょー！','[9,39]',1,'[12,59]','[0,0,0,0,0]','睦月改','[1,1,0,0]','[18,69]',3,10,354,'[11,39]',2,'[24,39]','[12,39]',1,'むつき'),(255,100,170,65,435,4,'[1,1,4,0]',18,15,15,'如月と申します。<br>おそばに置いてくださいね。','[9,39]',1,'[12,59]','[0,0,0,0,0]','如月改','[0,1,0,0]','[18,69]',3,10,355,'[11,39]',2,'[24,39]','[12,39]',1,'きさらぎ'),(256,0,0,0,0,4,'[1,1,4,0]',18,15,15,'皐月だよっ。<br>よろしくな！','[9,39]',1,'[12,59]','[0,0,0,0,0]','皐月改','[0,1,0,0]','[18,69]',3,10,356,'[11,39]',2,'[24,39]','[12,39]',1,'さつき'),(257,0,0,0,0,4,'[1,1,4,0]',18,15,15,'あたし、文月っていうの。<br>よろしくぅ～。','[9,39]',1,'[12,59]','[0,0,0,0,0]','文月改','[0,1,0,0]','[18,69]',3,10,357,'[11,39]',2,'[24,39]','[12,39]',1,'ふみづき'),(258,0,0,0,0,4,'[1,1,4,0]',18,15,15,'長月だ。<br>駆逐艦と侮るなよ。役に立つはずだ。','[9,39]',1,'[20,79]','[0,0,0,0,0]','長月改','[0,1,0,0]','[18,69]',3,10,358,'[11,39]',2,'[24,39]','[12,39]',1,'ながつき'),(259,0,0,0,0,4,'[1,1,4,0]',18,15,15,'私が菊月だ、共にゆこう。','[9,39]',1,'[12,59]','[0,0,0,0,0]','菊月改','[0,1,0,0]','[18,69]',3,10,359,'[11,39]',2,'[24,39]','[12,39]',1,'きくづき'),(260,0,0,0,0,4,'[1,1,4,0]',18,15,15,'あなたが司令官ですね。三日月です。<br>どうぞお手柔らかにお願いします。','[9,39]',1,'[12,59]','[0,0,0,0,0]','三日月改','[0,1,0,0]','[18,69]',3,10,360,'[11,39]',2,'[24,39]','[12,39]',1,'みかづき'),(261,0,0,0,0,4,'[1,1,4,0]',18,15,15,'ん？あぁ、望月でーす。','[9,39]',1,'[12,59]','[0,0,0,0,0]','望月改','[0,1,0,0]','[18,69]',3,10,361,'[11,39]',2,'[24,39]','[12,39]',1,'もちづき'),(262,480,380,65,416,4,'[3,6,15,1]',60,55,35,'古鷹と言います。<br>重巡洋艦のいいところ、たくさん知ってもらえると嬉しいです。','[36,70]',2,'[10,59]','[2,2,2,2,0]','古鷹改','[2,1,1,2]','[18,59]',4,10,362,'[32,70]',5,'[48,65]','[18,59]',1,'ふるたか'),(263,0,0,0,0,4,'[3,6,15,1]',60,55,35,'古鷹型重巡の2番艦、加古ってんだ、よっろしくぅー！','[36,70]',2,'[10,59]','[2,2,2,2,0]','加古改','[2,1,1,2]','[18,59]',4,10,363,'[32,70]',5,'[48,65]','[18,59]',0,'かこ'),(264,0,0,0,0,4,'[3,6,15,1]',60,55,35,'ども、恐縮です、青葉ですぅ！<br>一言お願いします！','[36,72]',2,'[30,79]','[2,2,2,2,0]','青葉改','[2,1,1,2]','[18,59]',4,10,364,'[34,70]',5,'[49,65]','[18,59]',0,'あおば'),(265,900,800,70,319,5,'[4,7,20,2]',80,70,40,'私、妙高型重巡洋艦、妙高と申します。<br>共に頑張りましょう。','[48,76]',2,'[10,59]','[2,2,2,2,0]','妙高改','[3,1,1,2]','[24,79]',4,10,365,'[42,73]',5,'[55,69]','[18,69]',3,'みょうこう'),(266,900,800,65,192,4,'[4,7,20,2]',80,70,40,'貴様が司令官か。<br>私は那智。よろしくお願いする。','[48,76]',2,'[10,59]','[2,2,2,2,0]','那智改','[3,1,1,2]','[24,69]',4,10,366,'[42,73]',5,'[55,69]','[18,69]',1,'なち'),(267,900,800,65,193,4,'[4,7,20,2]',80,70,40,'足柄よ。砲雷撃戦が得意なの。<br>ふふ、よろしくね。','[48,77]',2,'[10,59]','[2,2,2,2,0]','足柄改','[3,1,1,2]','[24,69]',4,10,367,'[42,73]',5,'[55,69]','[18,69]',3,'あしがら'),(268,900,800,65,194,4,'[4,7,20,2]',80,70,40,'羽黒です。妙高型重巡洋艦姉妹の末っ娘です。<br>あ、あの…ごめんなさいっ！','[48,77]',2,'[10,59]','[2,2,2,2,0]','羽黒改','[3,1,1,2]','[24,69]',4,10,368,'[42,73]',5,'[55,69]','[18,69]',1,'はぐろ'),(269,0,0,0,0,5,'[4,7,20,2]',85,70,40,'こんにちは。高雄です。<br>貴方のような素敵な提督で良かったわ。','[48,77]',2,'[10,59]','[2,2,2,2,0]','高雄改','[3,1,1,2]','[24,79]',4,10,369,'[45,75]',5,'[57,69]','[20,69]',0,'たかお'),(270,0,0,0,0,5,'[4,7,20,2]',85,70,40,'私は愛宕、提督、覚えてくださいね。','[48,77]',2,'[10,59]','[2,2,2,2,0]','愛宕改','[3,1,1,2]','[24,79]',4,10,370,'[45,75]',5,'[57,69]','[20,69]',0,'あたご'),(271,1150,750,75,428,4,'[4,7,20,2]',85,70,40,'よ！アタシ、摩耶ってんだ、よろしくな。','[43,78]',2,'[10,59]','[2,2,2,2,0]','摩耶改','[2,1,4,2]','[24,69]',4,10,371,'[45,75]',5,'[55,69]','[55,89]',1,'まや'),(272,1300,650,65,427,4,'[4,7,20,2]',85,70,40,'私が鳥海です。よろしくです。','[48,78]',2,'[10,59]','[2,2,2,2,0]','鳥海改','[3,1,1,2]','[24,69]',4,10,372,'[45,75]',5,'[57,69]','[20,69]',1,'ちょうかい'),(273,700,1000,70,188,5,'[5,7,18,3]',90,65,45,'吾輩が利根である！<br>吾輩が艦隊に加わる以上、もう、索敵の心配はないぞ！','[42,76]',2,'[10,59]','[4,4,4,4,0]','利根改','[3,1,2,2]','[24,79]',4,10,373,'[46,77]',5,'[56,69]','[24,79]',1,'とね'),(274,700,1000,70,189,5,'[5,7,18,3]',90,65,45,'はじめまして、利根型２番艦、筑摩と申します。','[42,76]',2,'[10,59]','[4,4,4,4,0]','筑摩改','[3,1,2,2]','[24,79]',4,10,374,'[46,77]',5,'[56,69]','[24,79]',1,'ちくま'),(275,0,0,0,0,7,'[20,30,50,3]',300,160,100,'私が、戦艦長門だ。よろしく頼むぞ。<br>敵戦艦との殴り合いなら任せておけ。','[90,99]',3,'[32,99]','[3,3,3,3,0]','長門改','[5,0,2,5]','[0,0]',4,5,375,'[85,98]',9,'[90,98]','[33,99]',1,'ながと'),(276,0,0,0,0,7,'[20,30,50,3]',300,160,100,'長門型戦艦２番艦の陸奥よ。よろしくね。<br>あまり火遊びはしないでね…お願いよ。','[90,99]',3,'[6,59]','[3,3,3,3,0]','陸奥改','[5,0,2,5]','[0,0]',4,5,376,'[85,98]',9,'[90,98]','[33,99]',1,'むつ'),(277,0,0,0,0,7,'[10,15,35,12]',270,75,75,'航空母艦、赤城です。<br>空母機動部隊を編制するなら、私にお任せくださいませ。','[0,49]',1,'[12,59]','[20,20,32,10,0]','赤城改','[0,0,5,4]','[0,0]',4,10,377,'[40,79]',11,'[77,92]','[35,79]',1,'あかぎ'),(278,0,0,0,0,6,'[10,17,40,15]',260,80,80,'航空母艦、加賀です。<br>貴方が私の提督なの？　それなりに期待はしているわ。','[0,49]',1,'[12,59]','[20,20,46,12,0]','加賀改','[0,0,5,4]','[0,0]',4,10,378,'[40,79]',11,'[79,92]','[30,79]',3,'かが'),(279,1700,1200,78,197,6,'[9,13,30,10]',250,65,65,'航空母艦、蒼龍です。<br>空母機動部隊を編制するなら、私もぜひ入れてね！','[0,39]',1,'[12,59]','[18,27,18,10,0]','蒼龍改','[0,0,4,4]','[0,0]',4,10,379,'[35,69]',11,'[65,89]','[30,79]',0,'そうりゅう'),(280,1700,1200,77,196,7,'[9,13,30,10]',250,65,65,'航空母艦、飛龍です。<br>空母戦ならお任せ！どんな苦境でも戦えます！','[0,39]',1,'[40,89]','[18,27,18,10,0]','飛龍改','[0,0,4,4]','[0,0]',4,10,380,'[35,69]',11,'[65,89]','[30,79]',0,'ひりゅう'),(281,600,600,75,157,5,'[4,6,20,6]',170,40,40,'軽空母、龍驤や。独特なシルエットでしょ？<br>でも、艦載機を次々繰り出す、ちゃーんとした空母なんや。期待してや！','[0,29]',1,'[12,59]','[9,24,5,5,0]','龍驤改','[0,0,3,2]','[0,0]',4,10,381,'[25,59]',7,'[45,69]','[20,39]',1,'りゅうじょう'),(282,0,0,0,0,5,'[4,6,20,6]',160,40,40,'軽空母、祥鳳です。<br>はい、ちょっと小柄ですけど、ぜひ提督の機動部隊に加えてくださいね！','[0,29]',1,'[12,59]','[18,12,12,6,0]','祥鳳改','[0,0,3,2]','[0,0]',4,10,382,'[25,59]',7,'[45,69]','[18,39]',1,'しょうほう'),(283,0,0,0,0,5,'[6,10,25,8]',180,45,45,'名前は出雲ま…じゃなかった、飛鷹です。<br>航空母艦よ。よろしくね、提督！','[0,29]',1,'[12,59]','[18,18,18,12,0]','飛鷹改','[0,0,3,3]','[0,0]',4,5,383,'[30,59]',7,'[50,79]','[25,69]',1,'ひよう'),(284,1400,900,80,408,5,'[6,10,25,8]',180,45,45,'商船改装空母、隼鷹でーすっ！<br>ひゃっはぁー！','[0,29]',1,'[30,79]','[18,18,18,12,0]','隼鷹改','[0,0,3,3]','[0,0]',4,5,384,'[30,59]',7,'[50,79]','[25,69]',1,'じゅんよう'),(285,0,0,0,0,4,'[3,4,15,4]',120,30,30,'航空母艦、鳳翔です。<br>ふつつか者ですが、よろしくお願い致します。','[0,29]',1,'[30,79]','[14,16,12,0,0]','鳳翔改','[0,0,2,2]','[0,0]',3,5,385,'[25,49]',7,'[40,59]','[15,39]',1,'ほうしょう'),(286,2400,3500,80,411,5,'[10,15,35,3]',260,105,95,'扶桑型超弩級戦艦、姉の扶桑です。<br>妹の山城ともども、よろしくお願い致します。','[63,79]',3,'[10,59]','[10,10,10,10,0]','扶桑改','[4,0,2,4]','[0,0]',4,5,386,'[72,89]',10,'[75,89]','[40,89]',1,'ふそう'),(287,2400,3500,80,412,5,'[10,15,35,3]',260,105,95,'扶桑型戦艦姉妹、妹のほう、山城です。<br>あの、扶桑姉さま、見ませんでした？','[63,79]',3,'[10,59]','[10,10,10,10,0]','山城改','[4,0,2,4]','[0,0]',4,5,387,'[72,89]',10,'[75,89]','[40,89]',1,'やましろ'),(288,0,0,0,0,6,'[7,10,30,10]',360,70,65,'翔鶴型航空母艦１番艦、翔鶴です。<br>一航戦、二航戦の先輩方に、少しでも近づけるように<br>瑞鶴と一緒に頑張ります！','[0,39]',1,'[12,89]','[24,24,24,12,0]','翔鶴改','[0,0,4,3]','[0,0]',4,10,388,'[42,72]',11,'[75,90]','[40,79]',3,'しょうかく'),(289,0,0,0,0,5,'[2,2,10,0]',75,35,25,'きたきたぁ！　鬼怒、いよいよ到着しましたよ！','[20,59]',2,'[12,59]','[1,1,1,0,0]','鬼怒改','[1,1,1,2]','[24,79]',3,10,389,'[29,59]',3,'[41,59]','[15,59]',3,'きぬ'),(290,0,0,0,0,6,'[2,2,10,0]',75,35,25,'こ、こんにちは、軽巡、阿武隈です。','[20,59]',2,'[12,59]','[1,1,1,0,0]','阿武隈改','[1,1,1,2]','[24,79]',3,10,390,'[29,59]',3,'[42,59]','[15,59]',3,'あぶくま'),(291,370,430,50,296,5,'[5,10,24,7]',190,40,45,'はじめまして。どうぞ、よろしくお願いいたします！','[0,34]',1,'[12,59]','[24,16,8,8,0]','千歳航改','[0,0,3,3]','[0,0]',4,10,391,'[32,64]',7,'[57,79]','[27,69]',3,'ちとせ'),(292,370,430,50,297,5,'[5,10,24,7]',190,40,45,'はじめまして。どうぞ、よろしくお願いいたします！','[0,34]',1,'[12,59]','[24,16,8,8,0]','千代田航改','[0,0,3,3]','[0,0]',4,10,392,'[32,64]',7,'[57,79]','[27,69]',3,'ちよだ'),(293,0,0,0,0,6,'[2,2,7,0]',82,40,25,'はーい、お待たせ？<br>兵装実験軽巡、夕張、到着いたしました！','[23,63]',2,'[17,69]','[0,0,0,0,0]','夕張改','[1,1,2,1]','[24,79]',4,10,393,'[28,49]',3,'[36,49]','[20,69]',3,'ゆうばり'),(294,0,0,0,0,5,'[1,2,10,0]',24,20,15,'こんにちは！陽炎型駆逐艦、舞風です。<br>暗い雰囲気は苦手です！','[12,49]',1,'[12,59]','[0,0,0,0,0]','舞風改','[1,1,1,1]','[28,79]',3,10,394,'[14,49]',2,'[32,49]','[16,49]',3,'まいかぜ'),(295,480,380,55,142,5,'[3,6,15,1]',60,60,35,'はーいっ！衣笠さんの登場よ！<br>青葉ともども、よろしくね！','[36,66]',2,'[10,59]','[2,2,2,2,0]','衣笠改','[2,1,1,2]','[18,59]',4,10,395,'[34,64]',5,'[49,65]','[18,59]',3,'きぬがさ'),(296,0,0,0,0,6,'[5,10,24,7]',190,40,45,'ダイエットして空母になった千歳です！<br>足も速くなったの。本でも出そうかしら！','[0,34]',1,'[13,59]','[24,16,11,8,0]','千歳航改二','[0,0,3,3]','[0,0]',4,10,121,'[32,65]',7,'[58,79]','[30,72]',3,'ちとせ'),(297,0,0,0,0,6,'[5,10,24,7]',190,40,45,'空母になった千代田です。<br>ぜひ、千歳お姉と一緒に機動部隊を編制してね！','[0,34]',1,'[13,59]','[24,16,11,8,0]','千代田航改二','[0,0,3,3]','[0,0]',4,10,122,'[32,65]',7,'[58,79]','[30,72]',3,'ちよだ'),(300,0,0,0,0,5,'[1,2,10,0]',24,20,15,'初風です、よろしく。<br>提督さんにとって私は何人目の私かしら？','[12,49]',1,'[12,59]','[0,0,0,0,0]','初風改','[1,1,1,1]','[28,79]',3,10,396,'[14,49]',2,'[32,49]','[16,49]',3,'はつかぜ'),(301,0,0,0,0,5,'[1,2,10,0]',24,20,15,'秋雲、着任！<br>提督よろしくねっ！','[8,44]',1,'[15,59]','[0,0,0,0,0]','秋雲改','[1,1,1,1]','[28,79]',3,10,397,'[14,49]',2,'[32,49]','[22,59]',3,'あきぐも'),(302,0,0,0,0,5,'[1,2,10,0]',24,20,15,'夕雲型一番艦、夕雲、着任しました。<br>提督、甘えてくれても、いいんですよ？','[12,50]',1,'[12,59]','[0,0,0,0,0]','夕雲改','[1,1,1,1]','[28,80]',3,10,398,'[14,49]',2,'[32,49]','[16,50]',3,'ゆうぐも'),(303,0,0,0,0,5,'[1,2,10,0]',24,20,15,'夕雲型駆逐艦、巻雲といいます。<br>夕雲姉さんを見習って、頑張ります！','[12,50]',1,'[12,59]','[0,0,0,0,0]','巻雲改','[1,1,1,1]','[28,80]',3,10,399,'[14,49]',2,'[32,49]','[16,50]',3,'まきぐも'),(304,0,0,0,0,5,'[1,2,10,0]',24,20,15,'夕雲型駆逐艦四番艦、長波サマだよ！<br>さーいくぜ、オーッ！','[12,50]',1,'[14,59]','[0,0,0,0,0]','長波改','[1,1,1,1]','[28,80]',3,10,400,'[14,49]',2,'[32,49]','[16,50]',3,'ながなみ'),(305,0,0,0,0,6,'[3,5,14,1]',60,40,30,'こんにちはーっ！<br>最新鋭軽巡の阿賀野でーすっ。ふふ。','[28,62]',2,'[10,59]','[2,2,2,0,0]','阿賀野改','[2,1,1,2]','[24,79]',3,10,401,'[31,69]',3,'[45,62]','[20,72]',3,'あがの'),(306,0,0,0,0,6,'[3,5,14,1]',60,40,30,'阿賀野型軽巡二番艦、能代。<br>着任しました。よろしくどうぞ！','[28,62]',2,'[10,59]','[2,2,2,0,0]','能代改','[2,1,1,2]','[24,79]',3,10,402,'[31,69]',3,'[45,62]','[20,72]',3,'のしろ'),(307,0,0,0,0,8,'[3,5,14,1]',60,40,30,'軽巡矢矧、着任したわ。<br>提督、最後まで頑張っていきましょう！','[28,64]',2,'[14,69]','[2,2,2,0,0]','矢矧改','[2,1,1,2]','[24,79]',3,10,403,'[32,69]',3,'[47,63]','[22,74]',3,'やはぎ'),(308,0,0,0,0,5,'[1,1,4,0]',18,15,15,'初めまして、弥生、着任…。<br>あ、気を使わないでくれていい…です。','[9,39]',1,'[12,59]','[0,0,0,0,0]','弥生改','[1,1,0,0]','[18,69]',3,10,404,'[11,39]',2,'[24,39]','[12,39]',1,'やよい'),(309,0,0,0,0,5,'[1,1,4,0]',18,15,15,'やったぁ！ でたっぴょん！ 卯月でっす！ <br>うーちゃんって呼ばれてまっす！','[7,34]',1,'[14,59]','[0,0,0,0,0]','卯月改','[0,1,0,0]','[18,69]',3,10,405,'[12,39]',2,'[24,39]','[18,49]',1,'うづき'),(310,300,350,70,179,6,'[1,1,6,0]',24,25,20,'Guten Morgen.<br>僕の名前はレーベレヒト・マース。<br>レーベでいいよ…うん。','[11,45]',1,'[12,49]','[0,0,0,0,0]','Z1改','[1,1,0,0]','[25,70]',3,10,406,'[15,45]',2,'[33,59]','[15,45]',3,'レーベレヒト・マース'),(311,300,350,70,180,6,'[1,1,6,0]',24,25,20,'Guten Tag.<br>私は駆逐艦マックス・シュルツよ。<br>マックス…でもいいけれど。よろしく。','[11,45]',1,'[12,49]','[0,0,0,0,0]','Z3改','[1,1,0,0]','[25,70]',3,10,407,'[15,45]',2,'[33,59]','[15,45]',3,'マックス・シュルツ'),(312,0,0,0,0,5,'[1,2,10,0]',24,20,15,'駆逐艦、浜風です。<br>これより貴艦隊所属となります。','[12,48]',1,'[17,59]','[0,0,0,0,0]','浜風改','[1,1,1,1]','[28,79]',3,10,408,'[14,49]',2,'[32,49]','[22,60]',1,'はまかぜ'),(313,0,0,0,0,5,'[1,2,10,0]',24,20,15,'提督、谷風だよ。<br>これからお世話になるね！','[12,48]',1,'[16,59]','[0,0,0,0,0]','谷風改','[1,1,1,1]','[28,79]',3,10,409,'[14,49]',2,'[32,49]','[16,49]',1,'たにかぜ'),(314,0,0,0,0,6,'[3,5,14,1]',60,40,30,'ぴゃん♪　阿賀野型軽巡四番艦、酒匂です！<br>司令、よろしくね！','[27,61]',2,'[30,69]','[2,2,2,0,0]','酒匂改','[2,1,1,2]','[23,78]',3,10,410,'[31,69]',3,'[46,62]','[19,73]',3,'さかわ'),(315,0,0,0,0,0,'[0,0,0,0]',0,0,0,'','[0,0]',0,'[0,0]','[0,0,0,0,0]','なし','[0,0,0,0]','[0,0]',0,0,0,'[0,0]',2,'[0,0]','[0,0]',0,'なし'),(316,0,0,0,0,7,'[1,2,10,0]',24,20,20,'いい風きてる？<br>次世代型駆逐艦のプロトタイプ、<br>あたし、天津風の出番ね。','[12,49]',1,'[17,69]','[0,0,0,0,0]','天津風改','[1,1,1,1]','[32,84]',3,10,411,'[14,61]',2,'[34,54]','[23,63]',3,'あまつかぜ'),(317,0,0,0,0,5,'[1,2,10,0]',24,20,15,'うち、浦風じゃ、よろしくね！','[12,48]',1,'[13,59]','[0,0,0,0,0]','浦風改','[1,1,1,1]','[28,79]',3,10,412,'[14,49]',2,'[32,49]','[16,49]',1,'うらかぜ'),(318,0,0,0,0,6,'[4,8,24,5]',160,40,35,'潜水母艦改装空母の龍鳳です。<br>航空母艦として、私、頑張ります！','[0,32]',1,'[24,79]','[21,9,9,6,0]','龍鳳改','[0,0,2,2]','[0,0]',4,5,190,'[24,57]',7,'[48,70]','[28,62]',3,'たいげい・りゅうほう'),(319,0,0,0,0,6,'[4,7,20,2]',80,75,45,'私、妙高型重巡洋艦、妙高と申します。<br>共に頑張りましょう。','[50,80]',2,'[32,79]','[2,2,4,4,0]','妙高改二','[3,1,2,2]','[36,88]',4,10,191,'[47,78]',5,'[56,71]','[28,80]',3,'みょうこう'),(320,0,0,0,0,6,'[1,2,10,0]',24,20,15,'陽炎型駆逐艦十二番艦、磯風。<br>司令、共に進もう…心配はいらない。','[12,48]',1,'[18,59]','[0,0,0,0,0]','磯風改','[1,1,1,1]','[28,79]',3,10,413,'[14,49]',2,'[33,49]','[24,64]',3,'いそかぜ'),(321,0,0,0,0,7,'[4,3,14,3]',80,35,35,'提督、旗艦大淀、お供いたします。<br>前線艦隊指揮はどうぞお任せください！','[32,63]',2,'[30,79]','[0,6,6,0,0]','大淀改','[2,0,2,2]','[0,49]',4,10,414,'[32,68]',3,'[47,64]','[22,74]',3,'おおよど'),(322,0,0,0,0,6,'[1,2,10,0]',24,20,15,'陽炎型駆逐艦十番艦。<br>時津風……出るよ。','[12,48]',1,'[12,59]','[0,0,0,0,0]','時津風改','[1,1,1,1]','[28,79]',3,10,415,'[14,49]',2,'[32,49]','[16,49]',3,'ときつかぜ'),(323,0,0,0,0,5,'[1,2,10,0]',22,20,15,'白露型駆逐艦五番艦の春雨です、はい。<br>輸送作戦はお任せください……です。','[12,49]',1,'[12,59]','[0,0,0,0,0]','春雨改','[1,1,1,1]','[28,79]',3,10,416,'[14,49]',2,'[30,57]','[15,49]',3,'はるさめ'),(324,0,0,0,0,5,'[1,2,10,0]',24,20,15,'また…来てしまったのね、この海に。<br>夕雲型駆逐艦、早霜…着任しました。','[12,50]',1,'[12,59]','[0,0,0,0,0]','早霜改','[1,1,1,1]','[28,80]',3,10,417,'[14,49]',2,'[32,49]','[16,50]',3,'はやしも'),(325,0,0,0,0,5,'[1,2,10,0]',24,20,15,'どうも！夕雲型の最終艦、清霜です。<br>到着遅れました、よろしくお願いです！','[12,50]',1,'[13,59]','[0,0,0,0,0]','清霜改','[1,1,1,1]','[28,80]',3,10,418,'[14,49]',2,'[32,49]','[16,50]',3,'きよしも'),(326,0,0,0,0,6,'[1,2,10,0]',20,20,15,'わらわが初春じゃ。<br>よろしく頼みますぞ。','[13,52]',1,'[16,59]','[0,0,0,0,0]','初春改二','[1,2,1,1]','[32,88]',3,10,204,'[14,51]',2,'[31,52]','[23,73]',1,'はつはる'),(327,0,0,0,0,5,'[1,2,10,0]',22,20,15,'朝潮型駆逐艦、朝雲、着任したわ！<br>貴方が司令…かあ。ふうーん。ま、いいわ。私がやったげる！','[12,49]',1,'[12,59]','[0,0,0,0,0]','朝雲改','[1,1,1,1]','[28,79]',3,10,419,'[14,49]',2,'[31,59]','[16,49]',3,'あさぐも'),(328,0,0,0,0,5,'[1,2,10,0]',22,20,15,'おはようございます～。<br>朝潮型駆逐艦六番艦、山雲、入ります～。','[12,49]',1,'[11,58]','[0,0,0,0,0]','山雲改','[1,1,1,1]','[28,79]',3,10,420,'[14,48]',2,'[31,59]','[16,49]',3,'やまぐも'),(329,0,0,0,0,6,'[1,2,10,0]',24,20,15,'陽炎型駆逐艦、野分。参上しました。<br>さあ、司令。いきましょう。','[12,48]',1,'[13,59]','[0,0,0,0,0]','野分改','[1,1,1,1]','[28,79]',3,10,421,'[14,49]',2,'[32,49]','[16,49]',3,'のわき'),(330,0,0,0,0,7,'[1,2,6,1]',30,25,20,'秋月型防空駆逐艦、一番艦、秋月。<br>ここに推参致しました。お任せください！','[24,57]',1,'[12,69]','[0,0,0,0,0]','秋月改','[1,1,3,1]','[24,54]',3,10,422,'[16,53]',2,'[37,57]','[80,116]',3,'あきづき'),(331,1000,750,50,429,6,'[7,9,26,5]',210,45,50,'雲龍型航空母艦、天城と申します。<br>提督、どうぞよろしくお願い致します。<br>天城、精進致します！','[0,25]',1,'[13,59]','[18,24,3,6,0]','天城','[0,0,3,3]','[0,0]',4,10,202,'[26,51]',11,'[48,79]','[27,72]',1,'あまぎ'),(332,0,0,0,0,0,'[0,0,0,0]',0,0,0,'','[0,0]',0,'[0,0]','[0,0,0,0,0]','なし','[0,0,0,0]','[0,0]',0,0,0,'[0,0]',2,'[0,0]','[0,0]',0,'なし'),(333,0,0,0,0,0,'[0,0,0,0]',0,0,0,'','[0,0]',0,'[0,0]','[0,0,0,0,0]','なし','[0,0,0,0]','[0,0]',0,0,0,'[0,0]',2,'[0,0]','[0,0]',0,'なし'),(334,270,170,55,436,6,'[1,2,2,1]',22,20,10,'ドイツ海軍所属、潜水艦U-511です。<br>ユーとお呼びください。<br>少し遠出してきました。よろしくお願い致します……。','[3,12]',1,'[34,67]','[0,0,0,0,0]','U-511改','[1,2,0,0]','[27,64]',2,5,504,'[6,20]',13,'[13,18]','[0,0]',1,'ゆー511・ろ500'),(335,0,0,0,0,0,'[0,0,0,0]',0,0,0,'','[0,0]',0,'[0,0]','[0,0,0,0,0]','なし','[0,0,0,0]','[0,0]',0,0,0,'[0,0]',2,'[0,0]','[0,0]',0,'なし'),(336,0,0,0,0,0,'[0,0,0,0]',0,0,0,'','[0,0]',0,'[0,0]','[0,0,0,0,0]','なし','[0,0,0,0]','[0,0]',0,0,0,'[0,0]',2,'[0,0]','[0,0]',0,'なし'),(337,0,0,0,0,0,'[0,0,0,0]',0,0,0,'','[0,0]',0,'[0,0]','[0,0,0,0,0]','なし','[0,0,0,0]','[0,0]',0,0,0,'[0,0]',2,'[0,0]','[0,0]',0,'なし'),(338,0,0,0,0,0,'[0,0,0,0]',0,0,0,'','[0,0]',0,'[0,0]','[0,0,0,0,0]','なし','[0,0,0,0]','[0,0]',0,0,0,'[0,0]',2,'[0,0]','[0,0]',0,'なし'),(339,0,0,0,0,0,'[0,0,0,0]',0,0,0,'','[0,0]',0,'[0,0]','[0,0,0,0,0]','なし','[0,0,0,0]','[0,0]',0,0,0,'[0,0]',2,'[0,0]','[0,0]',0,'なし'),(340,0,0,0,0,0,'[0,0,0,0]',0,0,0,'','[0,0]',0,'[0,0]','[0,0,0,0,0]','なし','[0,0,0,0]','[0,0]',0,0,0,'[0,0]',2,'[0,0]','[0,0]',0,'なし'),(341,0,0,0,0,0,'[0,0,0,0]',0,0,0,'','[0,0]',0,'[0,0]','[0,0,0,0,0]','なし','[0,0,0,0]','[0,0]',0,0,0,'[0,0]',2,'[0,0]','[0,0]',0,'なし'),(342,0,0,0,0,0,'[0,0,0,0]',0,0,0,'','[0,0]',0,'[0,0]','[0,0,0,0,0]','なし','[0,0,0,0]','[0,0]',0,0,0,'[0,0]',2,'[0,0]','[0,0]',0,'なし'),(343,0,0,0,0,5,'[3,2,11,1]',70,20,35,'練習巡洋艦、香取です。<br>心配しないで…。色々と優しく、指導させて頂きますから。','[16,36]',2,'[12,54]','[2,2,2,2,0]','香取改','[1,1,2,1]','[14,40]',4,5,423,'[15,39]',21,'[40,54]','[24,48]',3,'かとり'),(344,0,0,0,0,5,'[1,3,10,1]',24,20,15,'よお！　夕雲型駆逐艦、十六番艦の朝霜、いつでも出撃できんぜ。<br>まだまだ、暴れよう…な、司令！','[12,47]',1,'[18,68]','[0,0,0,0,0]','朝霜改','[0,1,1,1]','[28,78]',3,10,424,'[14,49]',2,'[33,49]','[22,62]',1,'あさしも'),(398,0,0,0,0,4,'[1,2,2,1]',22,20,10,'伊１６８よ。何よ、言いにくいの？<br>じゃ、イムヤでいいわ…よろしくねっ！','[3,11]',1,'[10,49]','[0,0,0,0,0]','伊168改','[0,2,0,0]','[30,69]',2,5,498,'[5,18]',13,'[15,19]','[0,0]',3,'い168'),(399,0,0,0,0,5,'[1,2,2,2]',22,25,10,'こんにちは！ 伊五十八です。<br>ゴーヤって呼んでもいいよ！苦くなんかないよぉ！','[3,12]',1,'[50,79]','[1,1,0,0,0]','伊58改','[0,2,1,0]','[36,84]',2,5,499,'[5,19]',14,'[18,24]','[0,0]',3,'い58'),(400,0,0,0,0,6,'[1,2,2,2]',22,25,10,'グーテンターク…あ、違った、ごめんなさいね…<br>「はち」と呼んでくださいね。','[4,14]',1,'[25,69]','[1,1,0,0,0]','伊8改','[0,2,1,0]','[36,84]',2,5,500,'[5,19]',14,'[19,25]','[0,0]',3,'い8'),(401,0,0,0,0,5,'[1,2,2,2]',22,25,10,'素敵な提督で嬉しいのね。<br>伊十九なの。そう、イクって呼んでもいいの！','[3,12]',1,'[13,59]','[1,1,0,0,0]','伊19改','[0,2,1,0]','[42,89]',2,5,501,'[5,19]',14,'[18,24]','[0,0]',3,'い19'),(402,0,0,0,0,6,'[1,0,1,0]',17,10,10,'隊長、もっとまるゆに頑張らせてくださいね。','[1,5]',1,'[7,77]','[0,0,0,0,0]','まるゆ改','[0,1,0,1]','[0,19]',1,5,502,'[2,11]',13,'[7,13]','[0,0]',3,'まるゆ'),(403,0,0,0,0,7,'[1,2,4,3]',200,30,25,'提督、ごきげんよう。<br>潜特型二番艦伊401、改良型です！','[6,19]',1,'[20,59]','[3,3,0,0,0]','伊401改','[0,2,1,1]','[40,80]',2,5,503,'[7,24]',14,'[24,39]','[0,0]',3,'い401'),(404,1000,750,50,406,6,'[7,9,26,5]',210,45,50,'雲龍型航空母艦、雲龍、推参しました。<br>提督、よろしくお願いしますね。','[0,27]',1,'[10,49]','[18,24,3,6,0]','雲龍','[0,0,3,3]','[0,0]',4,10,201,'[26,52]',11,'[48,79]','[28,72]',1,'うんりゅう'),(405,120,110,30,323,4,'[1,1,5,0]',22,20,15,'白露型駆逐艦五番艦の春雨です、はい。<br>輸送作戦はお任せください……です。','[10,29]',1,'[10,49]','[0,0,0,0,0]','春雨','[1,1,0,0]','[24,69]',2,10,205,'[6,19]',2,'[16,32]','[9,39]',1,'はるさめ'),(406,0,0,0,0,7,'[7,13,30,10]',210,55,50,'雲龍型航空母艦、雲龍、参ります。<br>提督、新生機動部隊はお任せください！','[0,48]',1,'[12,59]','[18,21,27,3,0]','雲龍改','[0,0,4,3]','[0,0]',4,10,206,'[35,77]',11,'[60,84]','[32,78]',3,'うんりゅう'),(407,0,0,0,0,6,'[1,2,10,0]',20,20,15,'特型駆逐艦…綾波型の「潮」です。<br>もう下がってよろしいでしょうか…。','[10,50]',1,'[32,80]','[0,0,0,0,0]','潮改二','[1,2,2,1]','[25,80]',3,10,207,'[15,55]',2,'[33,53]','[24,74]',1,'うしお'),(408,0,0,0,0,6,'[6,14,26,10]',180,50,45,'商船改装空母、隼鷹でーすっ！<br>ひゃっはぁー！','[0,40]',1,'[41,84]','[24,18,20,4,0]','隼鷹改二','[0,0,4,3]','[0,0]',4,5,208,'[31,62]',7,'[55,82]','[36,74]',1,'じゅんよう'),(409,140,110,30,324,4,'[1,1,6,0]',24,20,15,'また…来てしまったのね、この海に。<br>夕雲型駆逐艦、早霜…着任しました。','[10,30]',1,'[11,49]','[0,0,0,0,0]','早霜','[0,1,0,1]','[24,69]',2,10,209,'[6,19]',2,'[16,34]','[9,39]',1,'はやしも'),(410,140,110,30,325,4,'[1,1,6,0]',24,20,15,'どうも！夕雲型の最終艦、清霜です。<br>到着遅れました、よろしくお願いです！','[10,30]',1,'[12,49]','[0,0,0,0,0]','清霜','[0,1,0,1]','[24,69]',2,10,210,'[6,19]',2,'[16,34]','[9,39]',1,'きよしも'),(411,0,0,0,0,6,'[12,15,38,5]',260,140,105,'扶桑型超弩級戦艦、姉の扶桑です。<br>妹の山城ともども、よろしくお願い致します。','[80,99]',3,'[13,69]','[4,4,9,23,0]','扶桑改二','[5,0,3,4]','[0,0]',4,5,211,'[72,90]',10,'[77,94]','[44,88]',1,'ふそう'),(412,0,0,0,0,6,'[12,15,38,5]',260,140,105,'扶桑型戦艦姉妹、妹のほう、山城です。<br>あの、扶桑姉さま、見ませんでした？','[80,98]',3,'[14,70]','[4,4,9,23,0]','山城改二','[5,0,3,4]','[0,0]',4,5,212,'[73,91]',10,'[77,94]','[43,87]',1,'やましろ'),(413,140,110,35,327,4,'[1,1,5,0]',22,20,15,'朝潮型駆逐艦、朝雲、着任したわ！<br>貴方が司令…かあ。ふうーん。ま、いいわ。私がやったげる！','[10,29]',1,'[8,49]','[0,0,0,0,0]','朝雲','[0,1,0,1]','[24,69]',2,10,213,'[6,19]',2,'[16,33]','[9,39]',1,'あさぐも'),(414,140,110,35,328,4,'[1,1,5,0]',22,20,15,'おはようございます～。<br>朝潮型駆逐艦六番艦、山雲です～。<br>よろしくお願い致します～。','[10,29]',1,'[7,49]','[0,0,0,0,0]','山雲','[0,1,0,1]','[24,69]',2,10,214,'[6,19]',2,'[16,33]','[9,39]',1,'やまぐも'),(415,140,110,35,329,5,'[1,1,6,0]',24,20,15,'陽炎型駆逐艦、野分。参上しました。<br>さあ、司令。いきましょう。','[10,29]',1,'[14,49]','[0,0,0,0,0]','野分','[0,1,0,1]','[24,69]',2,10,215,'[6,19]',2,'[16,34]','[12,44]',1,'のわき'),(416,0,0,0,0,6,'[3,7,16,1]',60,65,35,'古鷹と言います。<br>重巡洋艦のいいところ、たくさん知ってもらえると嬉しいです。','[39,77]',2,'[14,64]','[2,2,2,2,0]','古鷹改二','[2,1,1,2]','[24,75]',4,10,216,'[34,72]',5,'[53,65]','[22,64]',1,'ふるたか'),(417,0,0,0,0,0,'[0,0,0,0]',0,0,0,'','[0,0]',0,'[0,0]','[0,0,0,0,0]','なし','[0,0,0,0]','[0,0]',0,0,0,'[0,0]',2,'[0,0]','[0,0]',0,'なし'),(418,0,0,0,0,0,'[0,0,0,0]',0,0,0,'','[0,0]',0,'[0,0]','[0,0,0,0,0]','なし','[0,0,0,0]','[0,0]',0,0,0,'[0,0]',2,'[0,0]','[0,0]',0,'なし'),(419,0,0,0,0,6,'[1,2,10,0]',22,20,15,'初春型四番艦、初霜です。<br>皆さん、よろしくお願いします！','[12,50]',1,'[53,100]','[0,0,0,0,0]','初霜改二','[2,2,1,1]','[28,84]',3,10,219,'[14,51]',2,'[31,52]','[34,79]',1,'はつしも'),(420,0,0,0,0,6,'[1,2,10,0]',22,20,15,'あんたが司令官ね。<br>ま、せいぜい頑張りなさい！','[14,55]',1,'[15,57]','[0,0,0,0,0]','叢雲改二','[1,2,1,1]','[32,89]',3,10,220,'[14,50]',2,'[31,49]','[27,74]',3,'むらくも'),(421,270,170,40,330,6,'[1,2,6,1]',30,25,20,'秋月型防空駆逐艦、一番艦、秋月。<br>ここに推参致しました。お任せください！','[16,48]',1,'[10,59]','[0,0,0,0,0]','秋月','[0,1,3,1]','[16,48]',3,10,221,'[9,27]',2,'[20,40]','[70,104]',1,'あきづき'),(422,0,0,0,0,0,'[0,0,0,0]',0,0,0,'','[0,0]',0,'[0,0]','[0,0,0,0,0]','なし','[0,0,0,0]','[0,0]',0,0,0,'[0,0]',2,'[0,0]','[0,0]',0,'なし'),(423,0,0,0,0,0,'[0,0,0,0]',0,0,0,'','[0,0]',0,'[0,0]','[0,0,0,0,0]','なし','[0,0,0,0]','[0,0]',0,0,0,'[0,0]',2,'[0,0]','[0,0]',0,'なし'),(424,0,0,0,0,0,'[0,0,0,0]',0,0,0,'','[0,0]',0,'[0,0]','[0,0,0,0,0]','なし','[0,0,0,0]','[0,0]',0,0,0,'[0,0]',2,'[0,0]','[0,0]',0,'なし'),(425,170,150,45,344,4,'[1,1,6,0]',24,20,15,'よお！　あたいは、夕雲型駆逐艦、十六番艦の朝霜さ。<br>覚えといてよ。忘れんなよ……なあ！','[10,29]',1,'[16,59]','[0,0,0,0,0]','朝霜','[0,1,0,1]','[24,68]',2,10,225,'[6,19]',2,'[16,34]','[9,44]',1,'あさしも'),(426,0,0,0,0,6,'[1,2,10,0]',20,20,15,'はじめまして吹雪です。<br>よろしくお願い致します。','[15,59]',1,'[17,77]','[0,0,0,0,0]','吹雪改二','[2,2,1,1]','[30,88]',3,10,226,'[14,50]',2,'[31,49]','[35,78]',3,'ふぶき'),(427,0,0,0,0,6,'[4,7,21,3]',85,80,45,'私が鳥海です。よろしくです。','[55,85]',2,'[19,68]','[3,3,3,3,0]','鳥海改二','[4,1,2,2]','[35,86]',4,10,227,'[46,78]',5,'[57,72]','[24,70]',1,'ちょうかい'),(428,0,0,0,0,6,'[4,6,21,4]',85,80,45,'よ！アタシ、摩耶ってんだ、よろしくな。','[42,77]',2,'[14,64]','[3,3,3,3,0]','摩耶改二','[2,1,5,2]','[34,84]',4,10,228,'[48,78]',5,'[57,71]','[72,106]',1,'まや'),(429,0,0,0,0,7,'[7,13,30,10]',210,55,50,'雲龍型航空母艦、天城です。<br>提督、天城、今なら十分活躍できます！','[0,45]',1,'[17,69]','[18,21,27,3,0]','天城改','[0,0,4,3]','[0,0]',4,10,229,'[35,76]',11,'[60,84]','[33,79]',3,'あまぎ'),(430,0,0,0,0,0,'[0,0,0,0]',0,0,0,'','[0,0]',0,'[0,0]','[0,0,0,0,0]','なし','[0,0,0,0]','[0,0]',0,0,0,'[0,0]',2,'[0,0]','[0,0]',0,'なし'),(431,270,170,35,334,5,'[1,2,2,1]',22,20,10,'ドイツ海軍所属、潜水艦U-511です。<br>ユーとお呼びください。<br>少し遠出してきました。よろしくお願い致します……。','[2,8]',1,'[30,63]','[0,0,0,0,0]','U-511','[0,2,0,0]','[22,58]',1,5,231,'[4,16]',13,'[8,16]','[0,0]',1,'ゆー511・ろ500'),(432,0,0,0,0,0,'[0,0,0,0]',0,0,0,'','[0,0]',0,'[0,0]','[0,0,0,0,0]','なし','[0,0,0,0]','[0,0]',0,0,0,'[0,0]',2,'[0,0]','[0,0]',0,'なし'),(433,0,0,0,0,0,'[0,0,0,0]',0,0,0,'','[0,0]',0,'[0,0]','[0,0,0,0,0]','なし','[0,0,0,0]','[0,0]',0,0,0,'[0,0]',2,'[0,0]','[0,0]',0,'なし'),(434,0,0,0,0,6,'[1,2,7,0]',18,15,15,'睦月です。<br>はりきって、まいりましょー！','[10,45]',1,'[14,64]','[0,0,0,0,0]','睦月改二','[1,2,1,0]','[28,79]',3,10,234,'[12,43]',2,'[27,43]','[16,56]',1,'むつき'),(435,0,0,0,0,6,'[1,2,7,0]',18,15,15,'如月と申します。<br>おそばに置いてくださいね。','[10,46]',1,'[13,60]','[0,0,0,0,0]','如月改二','[1,2,1,0]','[28,80]',3,10,235,'[12,43]',2,'[27,43]','[18,57]',1,'きさらぎ'),(436,0,0,0,0,7,'[1,2,2,1]',22,20,10,'UボートU-511改め、呂号第500潜水艦です。<br>ユーちゃん改め、ローちゃんです。<br>テイトク、よろしくお願いしまーす！','[4,13]',1,'[44,77]','[0,0,0,0,0]','呂500','[1,2,0,0]','[30,69]',2,5,236,'[7,21]',13,'[13,19]','[0,0]',3,'ゆー511・ろ500'),(501,0,0,0,0,0,'[0,0,0,0]',0,0,0,'','[5,5]',1,'[1,1]','[0,0,0,0,0]','駆逐イ級','[0,0,0,0]','[15,15]',2,10,0,'[5,5]',2,'[20,20]','[6,6]',0,'-'),(502,0,0,0,0,0,'[0,0,0,0]',0,0,0,'','[7,7]',1,'[1,1]','[0,0,0,0,0]','駆逐ロ級','[0,0,0,0]','[16,16]',2,10,0,'[6,6]',2,'[22,22]','[7,7]',0,'-'),(503,0,0,0,0,0,'[0,0,0,0]',0,0,0,'','[6,6]',1,'[1,1]','[0,0,0,0,0]','駆逐ハ級','[0,0,0,0]','[16,16]',2,10,0,'[7,7]',2,'[24,24]','[6,6]',0,'-'),(504,0,0,0,0,0,'[0,0,0,0]',0,0,0,'','[8,8]',1,'[5,5]','[0,0,0,0,0]','駆逐ニ級','[0,0,0,0]','[24,24]',2,10,0,'[9,9]',2,'[28,28]','[8,8]',0,'-'),(505,0,0,0,0,0,'[0,0,0,0]',0,0,0,'','[14,14]',2,'[1,1]','[1,1,0,0,0]','軽巡ホ級','[0,0,0,0]','[24,24]',2,10,0,'[15,15]',3,'[33,33]','[10,10]',0,'-'),(506,0,0,0,0,0,'[0,0,0,0]',0,0,0,'','[16,16]',2,'[1,1]','[1,1,0,0,0]','軽巡ヘ級','[0,0,0,0]','[28,28]',2,10,0,'[18,18]',3,'[36,36]','[12,12]',0,'-'),(507,0,0,0,0,0,'[0,0,0,0]',0,0,0,'','[24,24]',2,'[5,5]','[2,2,2,0,0]','軽巡ト級','[0,0,0,0]','[28,28]',3,10,0,'[20,20]',3,'[39,39]','[12,12]',0,'-'),(508,0,0,0,0,0,'[0,0,0,0]',0,0,0,'','[18,18]',2,'[5,5]','[2,2,2,0,0]','雷巡チ級','[0,0,0,0]','[48,48]',3,10,0,'[22,22]',4,'[48,48]','[10,10]',0,'-'),(509,0,0,0,0,0,'[0,0,0,0]',0,0,0,'','[32,32]',2,'[1,1]','[3,3,3,0,0]','重巡リ級','[0,0,0,0]','[32,32]',3,10,0,'[28,28]',5,'[58,58]','[16,16]',0,'-'),(510,0,0,0,0,0,'[0,0,0,0]',0,0,0,'','[0,0]',0,'[1,1]','[18,18,18,0,0]','軽母ヌ級','[0,0,0,0]','[0,0]',3,5,0,'[25,25]',7,'[65,65]','[15,15]',0,'-'),(511,0,0,0,0,0,'[0,0,0,0]',0,0,0,'','[65,65]',3,'[5,5]','[3,3,3,0,0]','戦艦ル級','[0,0,0,0]','[0,0]',3,5,0,'[70,70]',9,'[90,90]','[70,70]',0,'-'),(512,0,0,0,0,0,'[0,0,0,0]',0,0,0,'','[0,0]',0,'[1,1]','[27,27,27,0,0]','空母ヲ級','[0,0,0,0]','[0,0]',3,10,0,'[40,40]',11,'[85,85]','[30,30]',0,'-'),(513,0,0,0,0,0,'[0,0,0,0]',0,0,0,'','[0,0]',0,'[1,1]','[0,0,0,0,0]','輸送ワ級','[0,0,0,0]','[0,0]',0,5,0,'[10,10]',15,'[70,70]','[0,0]',0,'-'),(514,0,0,0,0,0,'[0,0,0,0]',0,0,0,'','[15,15]',1,'[10,10]','[0,0,0,0,0]','駆逐イ級','[0,0,0,0]','[32,32]',2,10,0,'[12,12]',2,'[30,30]','[10,10]',0,'elite'),(515,0,0,0,0,0,'[0,0,0,0]',0,0,0,'','[20,20]',1,'[10,10]','[0,0,0,0,0]','駆逐ロ級','[0,0,0,0]','[32,32]',2,10,0,'[14,14]',2,'[35,35]','[12,12]',0,'elite'),(516,0,0,0,0,0,'[0,0,0,0]',0,0,0,'','[15,15]',1,'[10,10]','[0,0,0,0,0]','駆逐ハ級','[0,0,0,0]','[32,32]',2,10,0,'[16,16]',2,'[40,40]','[14,14]',0,'elite'),(517,0,0,0,0,0,'[0,0,0,0]',0,0,0,'','[20,20]',1,'[10,10]','[0,0,0,0,0]','駆逐ニ級','[0,0,0,0]','[40,40]',2,10,0,'[18,18]',2,'[45,45]','[18,18]',0,'elite'),(518,0,0,0,0,0,'[0,0,0,0]',0,0,0,'','[30,30]',2,'[10,10]','[1,1,0,0,0]','軽巡ホ級','[0,0,0,0]','[40,40]',2,10,0,'[30,30]',3,'[48,48]','[20,20]',0,'elite'),(519,0,0,0,0,0,'[0,0,0,0]',0,0,0,'','[34,34]',2,'[10,10]','[1,1,0,0,0]','軽巡ヘ級','[0,0,0,0]','[48,48]',2,10,0,'[32,32]',3,'[52,52]','[23,23]',0,'elite'),(520,0,0,0,0,0,'[0,0,0,0]',0,0,0,'','[36,36]',2,'[10,10]','[2,2,2,0,0]','軽巡ト級','[0,0,0,0]','[48,48]',3,10,0,'[36,36]',3,'[55,55]','[24,24]',0,'elite'),(521,0,0,0,0,0,'[0,0,0,0]',0,0,0,'','[35,35]',2,'[10,10]','[2,2,2,0,0]','雷巡チ級','[0,0,0,0]','[72,72]',3,10,0,'[34,34]',4,'[50,50]','[20,20]',0,'elite'),(522,0,0,0,0,0,'[0,0,0,0]',0,0,0,'','[58,58]',2,'[10,10]','[3,3,3,3,0]','重巡リ級','[0,0,0,0]','[42,42]',4,10,0,'[60,60]',5,'[60,60]','[30,30]',0,'elite'),(523,0,0,0,0,0,'[0,0,0,0]',0,0,0,'','[0,0]',0,'[10,10]','[24,24,24,0,0]','軽母ヌ級','[0,0,0,0]','[0,0]',3,5,0,'[35,35]',7,'[70,70]','[15,15]',0,'elite'),(524,0,0,0,0,0,'[0,0,0,0]',0,0,0,'','[85,85]',3,'[10,10]','[3,3,3,3,0]','戦艦ル級','[0,0,0,0]','[0,0]',4,5,0,'[85,85]',9,'[90,90]','[70,70]',0,'elite'),(525,0,0,0,0,0,'[0,0,0,0]',0,0,0,'','[0,0]',0,'[10,10]','[30,30,30,0,0]','空母ヲ級','[0,0,0,0]','[0,0]',3,10,0,'[55,55]',11,'[88,88]','[40,40]',0,'elite'),(526,0,0,0,0,0,'[0,0,0,0]',0,0,0,'','[15,15]',1,'[10,10]','[0,0,0,0,0]','輸送ワ級','[0,0,0,0]','[0,0]',3,5,0,'[35,35]',15,'[80,80]','[0,0]',0,'elite'),(527,0,0,0,0,0,'[0,0,0,0]',0,0,0,'','[68,68]',2,'[20,20]','[4,4,4,4,0]','重巡リ級','[0,0,0,0]','[48,48]',4,10,0,'[70,70]',5,'[76,76]','[40,40]',0,'flagship'),(528,0,0,0,0,0,'[0,0,0,0]',0,0,0,'','[25,25]',0,'[20,20]','[32,32,32,0,0]','空母ヲ級','[0,0,0,0]','[0,0]',3,10,0,'[80,80]',11,'[96,96]','[50,50]',0,'flagship'),(529,0,0,0,0,0,'[0,0,0,0]',0,0,0,'','[90,90]',3,'[20,20]','[5,5,5,5,0]','戦艦ル級','[0,0,0,0]','[0,0]',4,5,0,'[99,99]',9,'[98,98]','[80,80]',0,'flagship'),(530,0,0,0,0,0,'[0,0,0,0]',0,0,0,'','[0,0]',1,'[1,1]','[0,0,0,0,0]','潜水カ級','[0,0,0,0]','[42,42]',2,5,0,'[7,7]',13,'[19,19]','[0,0]',0,''),(531,0,0,0,0,0,'[0,0,0,0]',0,0,0,'','[0,0]',1,'[5,5]','[0,0,0,0,0]','潜水ヨ級','[0,0,0,0]','[52,52]',2,5,0,'[9,9]',13,'[24,24]','[0,0]',0,''),(532,0,0,0,0,0,'[0,0,0,0]',0,0,0,'','[0,0]',1,'[10,10]','[0,0,0,0,0]','潜水カ級','[0,0,0,0]','[64,64]',3,5,0,'[21,21]',13,'[27,27]','[0,0]',0,'elite'),(533,0,0,0,0,0,'[0,0,0,0]',0,0,0,'','[0,0]',1,'[10,10]','[0,0,0,0,0]','潜水ヨ級','[0,0,0,0]','[74,74]',3,5,0,'[27,27]',13,'[34,34]','[0,0]',0,'elite'),(534,0,0,0,0,0,'[0,0,0,0]',0,0,0,'','[0,0]',1,'[20,20]','[0,0,0,0,0]','潜水カ級','[0,0,0,0]','[86,86]',3,5,0,'[30,30]',13,'[37,37]','[0,0]',0,'flagship'),(535,0,0,0,0,0,'[0,0,0,0]',0,0,0,'','[0,0]',1,'[20,20]','[0,0,0,0,0]','潜水ヨ級','[0,0,0,0]','[96,96]',3,5,0,'[36,36]',13,'[44,44]','[0,0]',0,'flagship'),(536,0,0,0,0,0,'[0,0,0,0]',0,0,0,'','[50,50]',2,'[1,1]','[30,30,30,0,0]','浮遊要塞','[0,0,0,0]','[40,40]',3,10,0,'[40,40]',10,'[88,88]','[20,20]',0,''),(537,0,0,0,0,0,'[0,0,0,0]',0,0,0,'','[50,50]',2,'[1,1]','[30,30,30,0,0]','浮遊要塞','[0,0,0,0]','[40,40]',3,10,0,'[40,40]',10,'[88,88]','[20,20]',0,''),(538,0,0,0,0,0,'[0,0,0,0]',0,0,0,'','[50,50]',2,'[1,1]','[30,30,30,0,0]','浮遊要塞','[0,0,0,0]','[40,40]',3,10,0,'[40,40]',10,'[88,88]','[20,20]',0,''),(539,0,0,0,0,0,'[0,0,0,0]',0,0,0,'','[90,90]',3,'[30,30]','[60,60,60,0,0]','泊地棲鬼','[0,0,0,0]','[60,60]',3,5,0,'[80,80]',10,'[180,180]','[70,70]',0,''),(540,0,0,0,0,0,'[0,0,0,0]',0,0,0,'','[96,96]',3,'[40,40]','[60,60,60,0,0]','泊地棲姫','[0,0,0,0]','[90,90]',3,5,0,'[90,90]',10,'[300,300]','[80,80]',0,''),(541,0,0,0,0,0,'[0,0,0,0]',0,0,0,'','[60,60]',3,'[10,10]','[4,4,4,4,0]','戦艦タ級','[0,0,0,0]','[0,0]',4,10,0,'[80,80]',8,'[84,84]','[60,60]',0,''),(542,0,0,0,0,0,'[0,0,0,0]',0,0,0,'','[75,75]',3,'[20,20]','[4,4,4,4,0]','戦艦タ級','[0,0,0,0]','[0,0]',4,10,0,'[88,88]',8,'[88,88]','[65,65]',0,'elite'),(543,0,0,0,0,0,'[0,0,0,0]',0,0,0,'','[85,85]',3,'[30,30]','[4,4,4,4,0]','戦艦タ級','[0,0,0,0]','[0,0]',4,10,0,'[96,96]',8,'[90,90]','[70,70]',0,'flagship'),(544,0,0,0,0,0,'[0,0,0,0]',0,0,0,'','[70,70]',2,'[10,10]','[80,80,0,0,0]','装甲空母鬼','[0,0,0,0]','[80,80]',3,10,0,'[80,80]',10,'[150,150]','[60,60]',0,''),(545,0,0,0,0,0,'[0,0,0,0]',0,0,0,'','[90,90]',2,'[20,20]','[96,96,0,0,0]','装甲空母姫','[0,0,0,0]','[90,90]',3,10,0,'[90,90]',10,'[270,270]','[70,70]',0,''),(546,0,0,0,0,0,'[0,0,0,0]',0,0,0,'','[90,90]',3,'[30,30]','[0,0,50,0,0]','南方棲鬼','[0,0,0,0]','[80,80]',3,5,0,'[90,90]',10,'[180,180]','[70,70]',0,''),(547,0,0,0,0,0,'[0,0,0,0]',0,0,0,'','[120,120]',3,'[40,40]','[0,70,70,0,0]','南方棲戦鬼','[0,0,0,0]','[90,90]',3,5,0,'[10,10]',10,'[240,240]','[80,80]',0,''),(548,0,0,0,0,0,'[0,0,0,0]',0,0,0,'','[160,160]',3,'[50,50]','[0,0,90,0,0]','南方棲戦姫','[0,0,0,0]','[100,100]',3,5,0,'[120,120]',10,'[350,350]','[80,80]',0,''),(549,0,0,0,0,0,'[0,0,0,0]',0,0,0,'','[55,55]',2,'[1,1]','[0,35,35,0,0]','護衛要塞','[0,0,0,0]','[45,45]',3,10,0,'[50,50]',10,'[66,66]','[20,20]',0,''),(550,0,0,0,0,0,'[0,0,0,0]',0,0,0,'','[55,55]',2,'[1,1]','[0,35,35,0,0]','護衛要塞','[0,0,0,0]','[45,45]',3,10,0,'[50,50]',10,'[66,66]','[20,20]',0,''),(551,0,0,0,0,0,'[0,0,0,0]',0,0,0,'','[55,55]',2,'[1,1]','[0,35,35,0,0]','護衛要塞','[0,0,0,0]','[45,45]',3,10,0,'[50,50]',10,'[66,66]','[20,20]',0,''),(552,0,0,0,0,0,'[0,0,0,0]',0,0,0,'','[33,33]',1,'[20,20]','[0,0,0,0,0]','駆逐ロ級','[0,0,0,0]','[60,60]',3,10,0,'[24,24]',2,'[43,43]','[24,24]',0,'flagship'),(553,0,0,0,0,0,'[0,0,0,0]',0,0,0,'','[30,30]',1,'[20,20]','[0,0,0,0,0]','駆逐ハ級','[0,0,0,0]','[60,60]',3,10,0,'[27,27]',2,'[47,47]','[24,24]',0,'flagship'),(554,0,0,0,0,0,'[0,0,0,0]',0,0,0,'','[42,42]',2,'[20,20]','[2,2,2,2,0]','軽巡ホ級','[0,0,0,0]','[72,72]',3,10,0,'[36,36]',3,'[53,53]','[27,27]',0,'flagship'),(555,0,0,0,0,0,'[0,0,0,0]',0,0,0,'','[48,48]',2,'[20,20]','[2,2,2,2,0]','軽巡ヘ級','[0,0,0,0]','[80,80]',4,10,0,'[39,39]',3,'[57,57]','[30,30]',0,'flagship'),(556,0,0,0,0,0,'[0,0,0,0]',0,0,0,'','[70,70]',2,'[10,10]','[98,98,98,98,0]','飛行場姫','[0,0,0,0]','[0,0]',4,0,0,'[140,140]',10,'[500,500]','[120,120]',0,''),(557,0,0,0,0,0,'[0,0,0,0]',0,0,0,'','[180,180]',3,'[40,40]','[0,0,0,0,0]','戦艦棲姫','[0,0,0,0]','[0,0]',4,5,0,'[160,160]',9,'[400,400]','[80,80]',0,''),(558,0,0,0,0,0,'[0,0,0,0]',0,0,0,'','[55,55]',2,'[20,20]','[0,0,0,0,0]','輸送ワ級','[0,0,0,0]','[0,0]',3,5,0,'[65,65]',15,'[130,130]','[40,40]',0,'flagship'),(559,0,0,0,0,0,'[0,0,0,0]',0,0,0,'','[50,50]',2,'[30,30]','[1,1,1,0,0]','雷巡チ級','[0,0,0,0]','[120,120]',3,10,0,'[60,60]',4,'[70,70]','[30,30]',0,'flagship'),(560,0,0,0,0,0,'[0,0,0,0]',0,0,0,'','[18,18]',0,'[30,30]','[22,22,22,22,0]','軽母ヌ級','[0,0,0,0]','[0,0]',4,5,0,'[70,70]',7,'[84,84]','[36,36]',0,'flagship'),(561,0,0,0,0,0,'[0,0,0,0]',0,0,0,'','[90,90]',3,'[60,60]','[0,0,0,140,0]','戦艦レ級','[0,0,0,0]','[100,100]',4,10,0,'[110,110]',10,'[180,180]','[80,80]',0,''),(562,0,0,0,0,0,'[0,0,0,0]',0,0,0,'','[130,130]',3,'[70,70]','[0,0,0,180,0]','戦艦レ級','[0,0,0,0]','[120,120]',4,10,0,'[130,130]',10,'[270,270]','[100,100]',0,'elite'),(563,0,0,0,0,0,'[0,0,0,0]',0,0,0,'','[0,0]',0,'[0,0]','[0,0,0,0,0]','なし','[0,0,0,0]','[0,0]',0,0,0,'[0,0]',2,'[0,0]','[0,0]',0,'なし'),(564,0,0,0,0,0,'[0,0,0,0]',0,0,0,'','[32,32]',1,'[30,30]','[0,0,0,0,0]','駆逐イ級','[0,0,0,0]','[60,60]',3,10,0,'[24,24]',2,'[39,39]','[24,24]',0,'flagship'),(565,0,0,0,0,0,'[0,0,0,0]',0,0,0,'','[40,40]',0,'[30,30]','[36,36,36,36,0]','空母ヲ級改','[0,0,0,0]','[0,0]',4,10,0,'[120,120]',11,'[160,160]','[90,90]',0,'flagship'),(566,0,0,0,0,0,'[0,0,0,0]',0,0,0,'','[88,88]',2,'[40,40]','[4,4,4,4,0]','重巡リ級改','[0,0,0,0]','[80,80]',4,10,0,'[80,80]',5,'[88,88]','[58,58]',0,'flagship'),(567,0,0,0,0,0,'[0,0,0,0]',0,0,0,'','[110,110]',3,'[50,50]','[5,5,5,5,0]','戦艦ル級改','[0,0,0,0]','[0,0]',4,5,0,'[110,110]',9,'[130,130]','[88,88]',0,'flagship'),(568,0,0,0,0,0,'[0,0,0,0]',0,0,0,'','[0,0]',0,'[0,0]','[0,0,0,0,0]','なし','[0,0,0,0]','[0,0]',0,0,0,'[0,0]',2,'[0,0]','[0,0]',0,'なし'),(569,0,0,0,0,0,'[0,0,0,0]',0,0,0,'','[0,0]',0,'[0,0]','[0,0,0,0,0]','なし','[0,0,0,0]','[0,0]',0,0,0,'[0,0]',2,'[0,0]','[0,0]',0,'なし'),(570,0,0,0,0,0,'[0,0,0,0]',0,0,0,'','[24,24]',1,'[15,15]','[0,0,0,0,0]','潜水ソ級','[0,0,0,0]','[70,70]',2,5,0,'[15,15]',13,'[33,33]','[0,0]',0,''),(571,0,0,0,0,0,'[0,0,0,0]',0,0,0,'','[30,30]',1,'[30,30]','[0,0,0,0,0]','潜水ソ級','[0,0,0,0]','[100,100]',3,5,0,'[30,30]',13,'[45,45]','[0,0]',0,'elite'),(572,0,0,0,0,0,'[0,0,0,0]',0,0,0,'','[30,30]',1,'[45,45]','[0,0,0,0,0]','潜水ソ級','[0,0,0,0]','[135,135]',3,5,0,'[42,42]',13,'[48,48]','[0,0]',0,'flagship'),(573,0,0,0,0,0,'[0,0,0,0]',0,0,0,'','[100,100]',2,'[20,20]','[80,80,80,80,0]','港湾棲姫','[0,0,0,0]','[0,0]',4,0,0,'[135,135]',10,'[380,380]','[150,150]',0,''),(574,0,0,0,0,0,'[0,0,0,0]',0,0,0,'','[150,150]',2,'[50,50]','[90,90,90,90,0]','離島棲鬼','[0,0,0,0]','[0,0]',4,0,0,'[150,150]',10,'[450,450]','[100,100]',0,''),(575,0,0,0,0,0,'[0,0,0,0]',0,0,0,'','[38,38]',1,'[30,30]','[0,0,0,0,0]','駆逐イ級後期型','[0,0,0,0]','[60,60]',3,10,0,'[22,22]',2,'[35,35]','[30,30]',0,''),(576,0,0,0,0,0,'[0,0,0,0]',0,0,0,'','[38,38]',1,'[36,36]','[0,0,0,0,0]','駆逐ロ級後期型','[0,0,0,0]','[66,66]',3,10,0,'[26,26]',2,'[37,37]','[32,32]',0,''),(577,0,0,0,0,0,'[0,0,0,0]',0,0,0,'','[44,44]',1,'[42,42]','[0,0,0,0,0]','駆逐ハ級後期型','[0,0,0,0]','[72,72]',3,10,0,'[29,29]',2,'[38,38]','[36,36]',0,''),(578,0,0,0,0,0,'[0,0,0,0]',0,0,0,'','[48,48]',1,'[48,48]','[0,0,0,0,0]','駆逐ニ級後期型','[0,0,0,0]','[84,84]',3,10,0,'[33,33]',2,'[40,40]','[38,38]',0,''),(579,0,0,0,0,0,'[0,0,0,0]',0,0,0,'','[25,25]',0,'[30,30]','[32,32,27,5,0]','空母ヲ級','[0,0,0,0]','[0,0]',3,10,0,'[80,80]',11,'[96,96]','[50,50]',0,'flagship'),(580,0,0,0,0,0,'[0,0,0,0]',0,0,0,'','[0,0]',0,'[0,0]','[0,0,0,0,0]','なし','[0,0,0,0]','[0,0]',0,0,0,'[0,0]',2,'[0,0]','[0,0]',0,'なし'),(581,0,0,0,0,0,'[0,0,0,0]',0,0,0,'','[90,90]',2,'[40,40]','[0,72,64,36,0]','北方棲姫','[0,0,0,0]','[0,0]',4,0,0,'[135,135]',10,'[360,360]','[130,130]',0,''),(582,0,0,0,0,0,'[0,0,0,0]',0,0,0,'','[170,170]',2,'[50,50]','[0,72,80,40,0]','北方棲姫','[0,0,0,0]','[0,0]',4,0,0,'[145,145]',10,'[500,500]','[160,160]',0,''),(583,0,0,0,0,0,'[0,0,0,0]',0,0,0,'','[100,100]',3,'[50,50]','[0,64,58,58,0]','中間棲姫','[0,0,0,0]','[0,0]',5,0,0,'[135,135]',10,'[550,550]','[140,140]',0,''),(584,0,0,0,0,0,'[0,0,0,0]',0,0,0,'','[180,180]',3,'[60,60]','[0,84,96,0,0]','中間棲姫','[0,0,0,0]','[0,0]',5,0,0,'[180,180]',10,'[600,600]','[180,180]',0,''),(585,0,0,0,0,0,'[0,0,0,0]',0,0,0,'','[120,120]',3,'[50,50]','[48,48,48,0,0]','空母棲鬼','[0,0,0,0]','[0,0]',4,10,0,'[138,138]',11,'[250,250]','[100,100]',0,''),(586,0,0,0,0,0,'[0,0,0,0]',0,0,0,'','[180,180]',3,'[70,70]','[60,52,56,0,0]','空母棲姫','[0,0,0,0]','[0,0]',4,10,0,'[150,150]',11,'[350,350]','[130,130]',0,''),(587,0,0,0,0,0,'[0,0,0,0]',0,0,0,'','[80,80]',2,'[40,40]','[0,72,64,36,0]','北方棲姫','[0,0,0,0]','[0,0]',4,0,0,'[125,125]',10,'[300,300]','[120,120]',0,''),(588,0,0,0,0,0,'[0,0,0,0]',0,0,0,'','[140,140]',2,'[50,50]','[0,72,72,40,0]','北方棲姫','[0,0,0,0]','[0,0]',4,0,0,'[140,140]',10,'[390,390]','[140,140]',0,''),(589,0,0,0,0,0,'[0,0,0,0]',0,0,0,'','[60,60]',2,'[35,35]','[0,64,48,36,0]','北方棲姫','[0,0,0,0]','[0,0]',4,0,0,'[110,110]',10,'[300,300]','[100,100]',0,''),(590,0,0,0,0,0,'[0,0,0,0]',0,0,0,'','[140,140]',2,'[40,40]','[0,64,68,40,0]','北方棲姫','[0,0,0,0]','[0,0]',4,0,0,'[125,125]',10,'[390,390]','[120,120]',0,''),(591,0,0,0,0,0,'[0,0,0,0]',0,0,0,'','[58,58]',2,'[55,55]','[0,0,3,3,0]','軽巡ツ級','[0,0,0,0]','[84,84]',4,10,0,'[55,55]',3,'[48,48]','[88,88]',0,''),(592,0,0,0,0,0,'[0,0,0,0]',0,0,0,'','[64,64]',2,'[66,66]','[0,0,3,3,0]','軽巡ツ級','[0,0,0,0]','[92,92]',4,10,0,'[68,68]',3,'[66,66]','[96,96]',0,'elite'),(593,0,0,0,0,0,'[0,0,0,0]',0,0,0,'','[0,0]',0,'[0,0]','[0,0,0,0,0]','なし','[0,0,0,0]','[0,0]',0,0,0,'[0,0]',2,'[0,0]','[0,0]',0,'なし'),(594,0,0,0,0,0,'[0,0,0,0]',0,0,0,'','[73,73]',2,'[60,60]','[0,0,0,4,0]','重巡ネ級','[0,0,0,0]','[66,66]',4,10,0,'[82,82]',5,'[80,80]','[72,72]',0,''),(595,0,0,0,0,0,'[0,0,0,0]',0,0,0,'','[79,79]',2,'[70,70]','[0,0,0,4,0]','重巡ネ級','[0,0,0,0]','[74,74]',4,10,0,'[89,89]',5,'[88,88]','[79,79]',0,'elite'),(596,0,0,0,0,0,'[0,0,0,0]',0,0,0,'','[0,0]',0,'[0,0]','[0,0,0,0,0]','なし','[0,0,0,0]','[0,0]',0,0,0,'[0,0]',2,'[0,0]','[0,0]',0,'なし'),(597,0,0,0,0,0,'[0,0,0,0]',0,0,0,'','[59,59]',1,'[70,70]','[0,0,0,0,0]','駆逐棲姫','[0,0,0,0]','[90,90]',3,10,0,'[100,100]',2,'[150,150]','[60,60]',0,''),(598,0,0,0,0,0,'[0,0,0,0]',0,0,0,'','[69,69]',1,'[80,80]','[0,0,0,0,0]','駆逐棲姫','[0,0,0,0]','[90,90]',3,10,0,'[115,115]',2,'[190,190]','[60,60]',0,''),(599,0,0,0,0,0,'[0,0,0,0]',0,0,0,'','[140,140]',3,'[70,70]','[66,60,60,0,0]','空母水鬼','[0,0,0,0]','[0,0]',4,10,0,'[170,170]',11,'[370,370]','[110,110]',0,''),(600,0,0,0,0,0,'[0,0,0,0]',0,0,0,'','[190,190]',3,'[70,70]','[66,60,60,0,0]','空母水鬼','[0,0,0,0]','[0,0]',4,10,0,'[190,190]',11,'[390,390]','[140,140]',0,''),(601,0,0,0,0,0,'[0,0,0,0]',0,0,0,'','[59,59]',2,'[70,70]','[0,0,0,3,0]','軽巡棲鬼','[0,0,0,0]','[88,88]',4,10,0,'[135,135]',3,'[210,210]','[60,60]',0,''),(602,0,0,0,0,0,'[0,0,0,0]',0,0,0,'','[69,69]',2,'[90,90]','[0,0,0,3,0]','軽巡棲鬼','[0,0,0,0]','[98,98]',4,10,0,'[170,170]',3,'[270,270]','[60,60]',0,''),(603,0,0,0,0,0,'[0,0,0,0]',0,0,0,'','[188,188]',3,'[60,60]','[0,0,0,6,0]','戦艦水鬼','[0,0,0,0]','[0,0]',4,5,0,'[168,168]',9,'[415,415]','[88,88]',0,''),(604,0,0,0,0,0,'[0,0,0,0]',0,0,0,'','[198,198]',3,'[90,90]','[0,0,0,6,0]','戦艦水鬼','[0,0,0,0]','[0,0]',4,5,0,'[200,200]',9,'[500,500]','[96,96]',0,''),(901,0,0,0,0,2,'[2,2,10,0]',60,25,25,'','[14,39]',2,'[10,49]','[1,1,0,0,0]','Xmas那珂','[0,1,0,1]','[24,79]',2,10,901,'[11,29]',3,'[26,39]','[13,49]',0,'なか'),(902,0,0,0,0,6,'[2,2,10,0]',60,35,25,'','[22,68]',2,'[13,69]','[1,1,1,0,0]','Xmas那珂改二','[1,1,1,2]','[28,84]',3,10,902,'[29,68]',3,'[48,62]','[24,72]',1,'なか'),(903,0,0,0,0,6,'[1,2,10,0]',22,20,15,'','[13,57]',1,'[50,79]','[0,0,0,0,0]','Xmas時雨改二','[2,2,1,1]','[28,84]',3,10,903,'[14,52]',2,'[31,49]','[24,72]',3,'しぐれ'),(904,0,0,0,0,4,'[2,2,14,4]',170,35,35,'','[0,19]',1,'[10,49]','[9,24,5,0,0]','Xmas龍驤','[0,0,2,2]','[0,0]',3,10,904,'[17,39]',7,'[31,54]','[16,29]',0,'りゅうじょう'),(905,0,0,0,0,6,'[4,12,22,6]',170,45,40,'','[0,40]',1,'[15,59]','[18,28,6,3,0]','Xmas龍驤改二','[0,0,3,3]','[0,0]',4,10,905,'[28,62]',7,'[50,72]','[24,48]',1,'りゅうじょう'),(906,0,0,0,0,2,'[1,1,5,0]',20,20,15,'','[10,29]',1,'[10,49]','[0,0,0,0,0]','Xmas漣','[0,1,0,0]','[27,69]',2,10,906,'[5,19]',2,'[15,29]','[12,39]',0,'さざなみ'),(907,0,0,0,0,1,'[1,1,5,0]',20,20,15,'','[10,29]',1,'[10,49]','[0,0,0,0,0]','年末曙','[0,1,0,0]','[27,69]',2,10,907,'[5,19]',2,'[15,29]','[12,39]',0,'あけぼの'),(908,0,0,0,0,6,'[1,2,10,0]',22,20,15,'','[17,73]',1,'[20,59]','[0,0,0,0,0]','正月夕立改二','[2,2,1,1]','[37,93]',3,10,908,'[14,52]',2,'[31,58]','[16,59]',1,'ゆうだち'),(909,0,0,0,0,6,'[3,1,15,3]',220,10,50,'','[4,14]',1,'[10,39]','[0,0,0,0,0]','正月明石','[0,0,1,1]','[0,0]',3,5,909,'[7,19]',19,'[39,48]','[10,24]',1,'あかし'),(910,0,0,0,0,7,'[3,2,16,3]',150,15,55,'','[6,24]',1,'[12,49]','[0,0,0,0,0]','正月明石改','[0,0,1,1]','[0,0]',4,5,910,'[9,27]',19,'[45,58]','[16,36]',3,'あかし'),(911,0,0,0,0,6,'[4,2,14,2]',80,30,35,'','[24,48]',2,'[24,69]','[0,6,6,0,0]','正月大淀','[1,0,2,2]','[0,39]',3,10,911,'[19,34]',3,'[34,47]','[18,62]',1,'おおよど'),(912,0,0,0,0,7,'[4,3,14,3]',80,35,35,'','[32,63]',2,'[30,79]','[0,6,6,0,0]','正月大淀改','[2,0,2,2]','[0,49]',4,10,912,'[32,68]',3,'[47,64]','[22,74]',3,'おおよど'),(913,0,0,0,0,3,'[1,1,4,0]',18,15,15,'','[6,29]',1,'[12,49]','[0,0,0,0,0]','Valentine睦月','[1,1,0,0]','[18,59]',2,10,913,'[5,18]',2,'[13,24]','[7,29]',0,'むつき'),(914,0,0,0,0,2,'[1,1,4,0]',18,15,15,'','[6,29]',1,'[10,49]','[0,0,0,0,0]','Valentine如月','[0,1,0,0]','[18,49]',2,10,914,'[5,18]',2,'[13,24]','[7,29]',0,'きさらぎ'),(915,0,0,0,0,2,'[1,1,5,0]',20,20,15,'','[10,29]',1,'[10,49]','[0,0,0,0,0]','Valentine叢雲','[0,1,0,0]','[27,69]',2,10,915,'[5,19]',2,'[15,29]','[10,39]',0,'むらくも'),(916,0,0,0,0,6,'[1,2,10,0]',22,20,15,'','[13,57]',1,'[50,79]','[0,0,0,0,0]','Valentine時雨改二','[2,2,1,1]','[28,84]',3,10,916,'[14,52]',2,'[31,49]','[24,72]',3,'しぐれ'),(917,0,0,0,0,4,'[1,1,6,0]',24,20,15,'','[10,29]',1,'[15,49]','[0,0,0,0,0]','Valentine浜風','[0,1,0,1]','[24,69]',2,10,917,'[6,19]',2,'[16,34]','[13,42]',0,'はまかぜ');

/*Table structure for table `t_ship_exp` */

DROP TABLE IF EXISTS `t_ship_exp`;

CREATE TABLE `t_ship_exp` (
  `LV` int(11) unsigned NOT NULL,
  `EXP` bigint(20) unsigned NOT NULL,
  PRIMARY KEY (`LV`)
) ENGINE=InnoDB DEFAULT CHARSET=utf8;

/*Data for the table `t_ship_exp` */

insert  into `t_ship_exp`(`LV`,`EXP`) values (1,0),(2,100),(3,300),(4,600),(5,1000),(6,1500),(7,2100),(8,2800),(9,3600),(10,4500),(11,5500),(12,6600),(13,7800),(14,9100),(15,10500),(16,12000),(17,13600),(18,15300),(19,17100),(20,19000),(21,21000),(22,23100),(23,25300),(24,27600),(25,30000),(26,32500),(27,35100),(28,37800),(29,40600),(30,43500),(31,46500),(32,49600),(33,52800),(34,56100),(35,59500),(36,63000),(37,66600),(38,70300),(39,74100),(40,78000),(41,82000),(42,86100),(43,90300),(44,94600),(45,99000),(46,103500),(47,108100),(48,112800),(49,117600),(50,122500),(51,127500),(52,132700),(53,138100),(54,143700),(55,149500),(56,155500),(57,161700),(58,168100),(59,174700),(60,181500),(61,188500),(62,195800),(63,203400),(64,211300),(65,219500),(66,228000),(67,236800),(68,245900),(69,255300),(70,265000),(71,275000),(72,285400),(73,296200),(74,307400),(75,319000),(76,331000),(77,343400),(78,356200),(79,369400),(80,383000),(81,397000),(82,411500),(83,426500),(84,442000),(85,458000),(86,474500),(87,491500),(88,509000),(89,527000),(90,545500),(91,564500),(92,584500),(93,606500),(94,631500),(95,661500),(96,701500),(97,761500),(98,851500),(99,1000000),(100,1000000),(101,1010000),(102,1011000),(103,1013000),(104,1016000),(105,1020000),(106,1025000),(107,1031000),(108,1038000),(109,1046000),(110,1055000),(111,1065000),(112,1077000),(113,1091000),(114,1107000),(115,1125000),(116,1145000),(117,1168000),(118,1194000),(119,1223000),(120,1255000),(121,1290000),(122,1329000),(123,1372000),(124,1419000),(125,1470000),(126,1525000),(127,1584000),(128,1647000),(129,1714000),(130,1785000),(131,1860000),(132,1940000),(133,2025000),(134,2115000),(135,2210000),(136,2310000),(137,2415000),(138,2525000),(139,2640000),(140,2760000),(141,2887000),(142,3021000),(143,3162000),(144,3310000),(145,3465000),(146,3628000),(147,3799000),(148,3978000),(149,4165000),(150,4360000);

/*Table structure for table `t_ship_graph` */

DROP TABLE IF EXISTS `t_ship_graph`;

CREATE TABLE `t_ship_graph` (
  `ID` int(11) NOT NULL,
  `SORTNO` int(11) NOT NULL,
  `FILENAME` varchar(255) NOT NULL,
  `VERSION` varchar(255) NOT NULL,
  `BOKO_N` varchar(255) NOT NULL,
  `BOKO_D` varchar(255) NOT NULL,
  `KAISYU_N` varchar(255) NOT NULL,
  `KAISYU_D` varchar(255) NOT NULL,
  `KAIZO_N` varchar(255) NOT NULL,
  `KAIZO_D` varchar(255) NOT NULL,
  `MAP_N` varchar(255) NOT NULL,
  `MAP_D` varchar(255) NOT NULL,
  `ENSYUF_N` varchar(255) NOT NULL,
  `ENSYUF_D` varchar(255) NOT NULL,
  `ENSYUE_N` varchar(255) NOT NULL,
  `BATTLE_N` varchar(255) NOT NULL,
  `BATTLE_D` varchar(255) NOT NULL,
  `WEDA` varchar(255) NOT NULL,
  `WEDB` varchar(255) NOT NULL,
  PRIMARY KEY (`ID`)
) ENGINE=InnoDB DEFAULT CHARSET=utf8;

/*Data for the table `t_ship_graph` */

insert  into `t_ship_graph`(`ID`,`SORTNO`,`FILENAME`,`VERSION`,`BOKO_N`,`BOKO_D`,`KAISYU_N`,`KAISYU_D`,`KAIZO_N`,`KAIZO_D`,`MAP_N`,`MAP_D`,`ENSYUF_N`,`ENSYUF_D`,`ENSYUE_N`,`BATTLE_N`,`BATTLE_D`,`WEDA`,`WEDB`) values (1,31,'snohitatusbk','7','[125,24]','[83,25]','[28,7]','[28,7]','[70,-31]','[29,-32]','[29,24]','[-13,15]','[129,18]','[-3,-32]','[129,0]','[73,27]','[29,21]','[112,108]','[145,153]'),(2,32,'wujywbyjntbp','7','[130,68]','[114,59]','[19,8]','[28,7]','[75,13]','[60,2]','[34,68]','[18,49]','[126,66]','[32,11]','[126,0]','[79,63]','[66,51]','[106,63]','[139,114]'),(3,0,'mhqqhhvvpzxg','1','[0,0]','[0,0]','[0,0]','[0,0]','[0,0]','[0,0]','[0,0]','[0,0]','[0,0]','[0,0]','[0,0]','[0,0]','[0,0]','[0,0]','[0,0]'),(4,0,'rzgndzraoddu','1','[0,0]','[0,0]','[0,0]','[0,0]','[0,0]','[0,0]','[0,0]','[0,0]','[0,0]','[0,0]','[0,0]','[0,0]','[0,0]','[0,0]','[0,0]'),(5,0,'hbhkiyykheeq','1','[0,0]','[0,0]','[0,0]','[0,0]','[0,0]','[0,0]','[0,0]','[0,0]','[0,0]','[0,0]','[0,0]','[0,0]','[0,0]','[0,0]','[0,0]'),(6,35,'kksiqffpclxh','2','[86,45]','[59,-47]','[-10,-1]','[28,-21]','[56,-12]','[15,-133]','[15,43]','[-37,-57]','[79,39]','[10,-108]','[79,0]','[41,46]','[29,-52]','[134,91]','[134,153]'),(7,37,'ujhxqqlcorxv','2','[86,90]','[59,-3]','[37,11]','[28,7]','[31,35]','[6,-65]','[-10,90]','[-37,-13]','[79,84]','[-27,-39]','[79,0]','[42,98]','[-13,6]','[151,41]','[142,149]'),(8,0,'boxlrnnmjkhb','1','[0,0]','[0,0]','[0,0]','[0,0]','[0,0]','[0,0]','[0,0]','[0,0]','[0,0]','[0,0]','[0,0]','[0,0]','[0,0]','[0,0]','[0,0]'),(9,11,'gyckjmemgqoe','8','[6,59]','[5,59]','[10,10]','[28,7]','[-49,4]','[-11,-34]','[-22,48]','[-49,50]','[-3,42]','[-75,1]','[-3,0]','[-14,38]','[-14,38]','[234,80]','[133,125]'),(10,12,'xqnkdultpvaf','4','[25,88]','[12,97]','[-6,13]','[28,7]','[-30,33]','[-30,-4]','[-3,79]','[-13,83]','[24,74]','[-62,36]','[24,0]','[-19,63]','[-19,63]','[221,49]','[125,134]'),(11,14,'cdidanqovcfr','4','[128,84]','[132,75]','[1,11]','[28,7]','[73,29]','[70,-6]','[50,71]','[36,65]','[115,73]','[43,24]','[115,0]','[87,54]','[86,54]','[120,60]','[136,136]'),(12,16,'ljesxnctkmmf','5','[27,77]','[17,95]','[5,10]','[28,7]','[-28,22]','[-29,3]','[10,71]','[-79,67]','[-9,69]','[-64,41]','[-9,0]','[-19,63]','[-20,63]','[219,58]','[133,126]'),(13,17,'icpexclhwthr','2','[94,82]','[92,96]','[13,16]','[28,7]','[39,27]','[17,2]','[37,78]','[-4,86]','[87,80]','[43,37]','[87,0]','[35,72]','[35,72]','[146,52]','[140,130]'),(14,18,'gcbiuhgmgjbm','2','[96,88]','[98,95]','[16,16]','[28,7]','[41,33]','[23,-7]','[37,87]','[2,85]','[89,87]','[55,46]','[89,0]','[38,74]','[38,74]','[152,46]','[134,136]'),(15,68,'fwptxiocqkyd','7','[86,-11]','[93,-6]','[29,-23]','[28,-19]','[31,-66]','[26,-87]','[10,-11]','[-3,-16]','[48,-7]','[67,-50]','[48,0]','[35,-18]','[19,-16]','[144,130]','[153,168]'),(16,70,'xqjemfzdbjox','6','[137,11]','[47,30]','[21,9]','[28,7]','[82,-44]','[11,-53]','[41,11]','[-49,20]','[103,8]','[23,-23]','[103,0]','[62,16]','[-15,19]','[106,116]','[134,145]'),(17,91,'nkvvrszimkre','2','[17,71]','[13,62]','[20,-16]','[28,-9]','[-38,16]','[-41,-13]','[-22,70]','[-83,52]','[17,71]','[-23,21]','[17,0]','[-45,54]','[-45,54]','[221,65]','[145,147]'),(18,92,'louolngpmrwj','2','[-17,106]','[-3,107]','[4,-9]','[28,-11]','[-72,51]','[-16,2]','[-38,106]','[-99,97]','[-8,85]','[-27,46]','[-8,0]','[-29,86]','[-29,86]','[242,38]','[163,119]'),(19,93,'ihengpjwmfrt','2','[87,90]','[83,94]','[17,-4]','[28,-4]','[32,35]','[24,-16]','[26,87]','[-13,84]','[75,71]','[19,17]','[75,0]','[47,74]','[47,74]','[143,51]','[155,130]'),(20,5,'pueufyccujmd','2','[43,25]','[130,60]','[8,10]','[28,23]','[-12,-30]','[62,-24]','[-20,24]','[34,50]','[49,18]','[50,5]','[49,0]','[-8,29]','[65,63]','[176,84]','[163,156]'),(21,42,'debsnofmttkx','1','[107,117]','[111,136]','[7,20]','[28,20]','[52,62]','[59,16]','[60,107]','[15,126]','[114,100]','[49,54]','[114,0]','[75,94]','[75,94]','[133,19]','[132,132]'),(22,43,'tcqsalkhzurk','1','[11,109]','[0,120]','[14,13]','[28,7]','[-44,54]','[-12,8]','[-7,107]','[-96,110]','[10,106]','[-29,57]','[10,0]','[-13,88]','[-14,88]','[230,25]','[144,145]'),(23,45,'shjlydqjdfcl','6','[123,90]','[115,105]','[10,23]','[28,19]','[68,35]','[70,1]','[78,92]','[19,95]','[101,86]','[49,53]','[101,0]','[61,77]','[61,77]','[134,35]','[114,137]'),(24,19,'yomyfjkhndny','7','[90,-14]','[71,-1]','[28,8]','[28,7]','[71,-68]','[50,-103]','[39,-21]','[4,-12]','[97,-4]','[82,-61]','[97,0]','[47,-27]','[47,-27]','[138,150]','[92,108]'),(25,20,'oxqlrctsmegi','7','[12,11]','[9,25]','[7,-41]','[11,-16]','[3,-38]','[-46,-64]','[-24,11]','[-83,9]','[1,31]','[-37,-23]','[1,0]','[-33,50]','[-33,50]','[196,124]','[97,112]'),(26,26,'ubntuiyurxwk','3','[-151,4]','[-154,15]','[15,-1]','[28,7]','[-206,-51]','[-222,-83]','[-205,13]','[-250,5]','[-153,7]','[-197,-53]','[-153,0]','[-222,18]','[-223,17]','[417,131]','[99,106]'),(27,27,'dyurkaeenkdh','2','[-138,44]','[-85,56]','[8,-5]','[28,7]','[-100,-11]','[-122,-50]','[-77,37]','[-181,46]','[-22,33]','[-106,-20]','[-22,0]','[-156,53]','[-156,53]','[352,95]','[107,109]'),(28,33,'qvmfwjitflgw','2','[-71,96]','[107,-89]','[23,-9]','[28,7]','[-126,41]','[42,-177]','[-91,95]','[11,-99]','[-80,90]','[22,-151]','[-80,0]','[-120,98]','[25,-102]','[311,31]','[142,155]'),(29,34,'pjkwpxniwgge','2','[100,-10]','[97,104]','[26,6]','[28,7]','[45,-65]','[42,9]','[58,-14]','[1,94]','[90,-14]','[28,40]','[90,0]','[42,-2]','[32,109]','[139,149]','[140,143]'),(30,36,'jatvhskutlck','2','[21,89]','[64,82]','[40,0]','[28,7]','[-86,29]','[23,-10]','[-49,79]','[-32,72]','[32,80]','[20,36]','[32,0]','[-28,97]','[4,89]','[171,41]','[141,157]'),(31,38,'isiuepygxdzq','4','[-3,112]','[63,93]','[5,7]','[28,7]','[-58,57]','[58,-14]','[-56,107]','[-33,83]','[-12,114]','[34,32]','[-12,0]','[-55,120]','[35,98]','[250,18]','[134,157]'),(32,13,'pxogwcltgjkn','8','[101,53]','[109,68]','[25,16]','[28,7]','[46,-2]','[41,-37]','[40,48]','[13,58]','[94,47]','[56,2]','[94,0]','[52,33]','[52,33]','[144,83]','[122,124]'),(33,15,'hpfcwdqxgyvl','9','[-117,-8]','[-119,-2]','[15,-6]','[28,7]','[-202,-65]','[-128,-96]','[-168,-14]','[-215,-12]','[-158,-16]','[-152,-60]','[-158,0]','[-187,-8]','[-187,-7]','[411,147]','[122,117]'),(34,71,'mtvkfikepcfr','1','[17,67]','[58,61]','[2,6]','[28,7]','[-65,11]','[-16,-28]','[-47,60]','[-3,51]','[-23,64]','[-1,5]','[-23,0]','[-43,76]','[17,67]','[246,69]','[142,144]'),(35,72,'nfzmalhtwved','1','[73,66]','[49,85]','[5,3]','[28,7]','[9,11]','[-13,-10]','[38,62]','[-47,75]','[59,57]','[5,25]','[59,0]','[44,68]','[5,70]','[172,70]','[146,145]'),(36,73,'aejfywpsegbv','1','[63,90]','[48,60]','[17,15]','[28,7]','[-2,40]','[-8,-39]','[-8,87]','[-48,50]','[27,78]','[17,0]','[27,0]','[5,91]','[-15,55]','[188,44]','[131,145]'),(37,74,'uuilouoffjoj','1','[70,82]','[24,97]','[6,4]','[28,7]','[15,27]','[-40,-17]','[11,78]','[-72,87]','[59,77]','[-6,29]','[59,0]','[28,83]','[-22,83]','[152,47]','[171,153]'),(38,75,'nlobofyxzvku','8','[28,26]','[11,35]','[29,-42]','[28,-30]','[-27,-29]','[-44,-50]','[-23,40]','[-85,25]','[9,27]','[-32,-16]','[9,0]','[-33,27]','[-35,28]','[218,123]','[131,133]'),(39,76,'zgerairddhko','8','[83,-49]','[74,-31]','[37,-45]','[46,-28]','[-10,-103]','[-8,-119]','[18,-48]','[-22,-41]','[49,-56]','[20,-102]','[49,0]','[32,-36]','[32,-36]','[128,189]','[132,127]'),(40,77,'ihuijkvksqky','5','[92,-3]','[108,47]','[11,-17]','[37,-10]','[45,-57]','[55,-40]','[39,2]','[12,37]','[86,-4]','[72,-4]','[86,0]','[50,13]','[60,53]','[153,136]','[124,151]'),(41,78,'qngptlxhrwhj','6','[-68,51]','[113,55]','[1,-24]','[50,-33]','[-47,-5]','[8,-24]','[-39,41]','[17,45]','[-77,40]','[19,6]','[-77,0]','[-101,65]','[57,72]','[304,85]','[148,151]'),(42,79,'ahztpphnuvco','9','[-34,6]','[-23,131]','[-16,-12]','[-5,7]','[-89,-49]','[-72,27]','[-100,4]','[-119,121]','[-51,-8]','[-52,67]','[-51,0]','[-91,-18]','[-91,112]','[283,140]','[129,137]'),(43,80,'kclrmkyzpnpc','9','[128,29]','[145,40]','[22,-4]','[28,7]','[73,-26]','[97,-45]','[61,32]','[49,30]','[109,24]','[89,-16]','[109,0]','[69,2]','[69,2]','[120,107]','[130,146]'),(44,81,'fhaelooubkbi','9','[113,76]','[109,73]','[3,17]','[15,7]','[58,21]','[55,-9]','[46,70]','[13,63]','[101,68]','[63,21]','[101,0]','[51,53]','[41,53]','[135,63]','[118,143]'),(45,82,'pnpixtolsebg','9','[147,39]','[122,57]','[4,26]','[28,7]','[92,-16]','[67,-24]','[70,39]','[26,47]','[125,37]','[74,-10]','[125,0]','[81,24]','[47,24]','[106,98]','[110,135]'),(46,83,'tyjrubumfpxy','2','[32,101]','[40,119]','[14,10]','[28,7]','[-23,46]','[-19,5]','[-11,101]','[-56,109]','[17,88]','[-17,49]','[17,0]','[-40,88]','[-34,88]','[236,29]','[122,147]'),(47,84,'qaryaychpubb','2','[56,87]','[55,105]','[10,6]','[28,7]','[1,32]','[1,0]','[3,88]','[-41,95]','[46,80]','[-8,38]','[46,0]','[-10,76]','[-14,77]','[196,41]','[118,141]'),(48,89,'oiknslickotp','1','[46,47]','[43,55]','[11,32]','[28,7]','[-9,-8]','[-15,-21]','[-50,47]','[-53,45]','[23,26]','[3,-29]','[23,0]','[-37,18]','[-37,18]','[198,100]','[145,141]'),(49,90,'qukusrsftcgy','1','[48,39]','[44,33]','[43,-12]','[47,-7]','[32,-9]','[52,-24]','[71,26]','[29,21]','[55,26]','[51,-15]','[55,0]','[62,41]','[62,41]','[67,102]','[154,165]'),(50,10,'uffgxggsrtti','1','[110,-19]','[19,42]','[32,-21]','[28,7]','[67,-87]','[-30,-11]','[49,-2]','[-75,53]','[106,-14]','[-18,4]','[106,0]','[27,-33]','[0,25]','[129,159]','[119,117]'),(51,28,'vswgjojfoqdc','1','[13,-4]','[14,-9]','[55,-4]','[46,7]','[-19,-61]','[-10,-95]','[48,10]','[-19,-4]','[63,-22]','[14,-60]','[44,0]','[34,4]','[34,4]','[90,150]','[134,141]'),(52,29,'qvqlfmytkmor','1','[-68,-54]','[-68,-41]','[-9,-23]','[11,-16]','[-69,-97]','[-72,-140]','[-47,-56]','[-133,-62]','[-40,-39]','[-92,-103]','[-40,0]','[-104,-57]','[-104,-57]','[299,198]','[121,125]'),(53,44,'bqwjdltjktls','1','[-13,69]','[-26,92]','[21,20]','[28,7]','[-68,14]','[-84,-27]','[-80,70]','[-77,77]','[-31,71]','[-43,12]','[-31,0]','[-72,50]','[-72,50]','[258,59]','[135,141]'),(54,46,'nehcyhpiviue','1','[29,65]','[72,23]','[20,24]','[28,7]','[-26,10]','[12,-34]','[-22,59]','[23,53]','[10,68]','[25,-4]','[10,0]','[-30,33]','[8,9]','[236,68]','[111,119]'),(55,47,'icmlpbiditqy','1','[57,63]','[14,80]','[10,19]','[28,-16]','[2,8]','[-7,-17]','[-28,54]','[-54,67]','[51,45]','[-20,17]','[51,0]','[-7,30]','[-18,50]','[208,74]','[103,119]'),(56,48,'vopfxipptsrt','5','[41,68]','[24,71]','[9,28]','[28,7]','[28,17]','[25,-33]','[20,61]','[-29,49]','[64,64]','[13,16]','[72,0]','[6,42]','[18,31]','[186,73]','[92,109]'),(57,97,'gonohkjynpmb','8','[90,-14]','[71,-1]','[28,8]','[28,7]','[71,-68]','[50,-103]','[39,-21]','[4,-12]','[97,-4]','[82,-61]','[97,0]','[47,-27]','[47,-27]','[138,150]','[92,108]'),(58,98,'jdqefjcpslli','8','[12,11]','[9,25]','[7,-41]','[11,-16]','[3,-38]','[-46,-64]','[-24,11]','[-83,9]','[1,31]','[-37,-23]','[1,0]','[-33,50]','[-33,50]','[196,124]','[97,112]'),(59,52,'sfbwblstvfmw','6','[7,86]','[2,94]','[14,16]','[28,7]','[-5,33]','[-12,-5]','[-13,84]','[-46,84]','[-4,87]','[3,51]','[-4,0]','[-16,71]','[-16,71]','[197,40]','[131,143]'),(60,53,'vkmjguonqcsg','5','[1,71]','[0,72]','[26,1]','[28,7]','[-17,14]','[-12,-8]','[-23,63]','[-65,61]','[-5,55]','[-3,14]','[-5,0]','[-28,49]','[-28,49]','[191,70]','[140,136]'),(61,54,'bhyiqjjifflp','2','[-19,69]','[-10,77]','[8,11]','[28,7]','[-54,16]','[-35,-27]','[-30,60]','[-106,67]','[-4,68]','[-12,25]','[-4,0]','[-26,41]','[-26,41]','[219,53]','[153,162]'),(62,55,'grppcbegkphv','4','[99,120]','[21,67]','[11,26]','[28,7]','[44,65]','[-10,-27]','[32,108]','[-75,57]','[85,106]','[-13,14]','[85,0]','[30,83]','[-7,34]','[164,24]','[94,93]'),(63,56,'wnkageqzigwd','4','[151,76]','[63,9]','[15,32]','[28,7]','[96,21]','[15,-66]','[73,76]','[-33,-1]','[135,64]','[-19,-39]','[135,0]','[84,41]','[0,-19]','[98,48]','[110,108]'),(64,57,'opprvckvhrkv','4','[73,71]','[75,75]','[8,19]','[28,7]','[18,16]','[32,-22]','[15,62]','[-21,65]','[49,64]','[22,9]','[49,0]','[4,37]','[29,24]','[200,63]','[93,103]'),(65,58,'lvfswfzywnql','4','[81,93]','[75,74]','[-3,6]','[21,23]','[55,40]','[27,-10]','[54,102]','[-21,64]','[71,82]','[28,15]','[71,0]','[34,55]','[30,26]','[149,40]','[106,114]'),(66,59,'eqpvjbnbjlhy','2','[79,104]','[78,115]','[13,28]','[28,18]','[24,49]','[24,12]','[28,103]','[20,96]','[64,96]','[29,55]','[64,0]','[12,89]','[12,89]','[178,36]','[100,117]'),(67,60,'aqpnbsizhjij','1','[87,99]','[61,110]','[8,20]','[28,16]','[27,47]','[39,13]','[29,103]','[-9,92]','[66,98]','[40,51]','[66,0]','[14,83]','[14,83]','[178,36]','[104,118]'),(68,61,'gpshoozxgutk','6','[96,48]','[105,52]','[29,4]','[28,7]','[34,-14]','[13,-11]','[30,39]','[9,42]','[42,39]','[-5,-2]','[42,0]','[30,30]','[30,30]','[104,92]','[145,147]'),(69,62,'qmmdyeprdqsu','6','[-16,41]','[-23,27]','[-19,-9]','[15,7]','[-31,-8]','[4,-45]','[-21,32]','[-60,18]','[-11,27]','[1,-20]','[-11,0]','[-31,6]','[-31,6]','[266,111]','[126,128]'),(70,51,'lcmobkdeizph','1','[71,-16]','[64,-4]','[18,7]','[28,7]','[45,-68]','[48,-95]','[30,-11]','[0,-16]','[56,-14]','[56,-59]','[56,0]','[32,-26]','[32,-26]','[162,161]','[109,94]'),(71,63,'kmcllyhenjnk','1','[92,41]','[99,79]','[11,21]','[28,7]','[78,-12]','[71,-21]','[54,50]','[3,69]','[83,33]','[70,16]','[83,0]','[54,23]','[63,49]','[137,95]','[94,106]'),(72,64,'gcqjowlpkbde','1','[94,77]','[116,92]','[4,32]','[28,7]','[66,13]','[53,-23]','[52,70]','[23,68]','[100,70]','[68,16]','[100,0]','[36,49]','[66,48]','[155,62]','[86,94]'),(73,101,'ethdbrvnuznc','2','[37,-20]','[17,-2]','[25,-2]','[28,7]','[12,-54]','[0,-113]','[27,-18]','[-47,-13]','[21,-24]','[9,-71]','[21,0]','[-7,-26]','[-7,-26]','[198,158]','[109,97]'),(74,94,'qihrkkfwekpo','4','[119,-28]','[29,53]','[18,15]','[28,7]','[67,-57]','[27,-53]','[67,-18]','[-67,43]','[83,-34]','[48,-15]','[83,0]','[67,-49]','[7,26]','[85,154]','[97,117]'),(75,65,'sdiauxhgyfkj','4','[-12,93]','[-16,98]','[33,4]','[28,7]','[-13,37]','[-25,13]','[-18,92]','[-90,83]','[-17,83]','[-36,45]','[-17,0]','[-26,81]','[-26,81]','[211,40]','[109,119]'),(76,30,'iyondwbusgym','4','[4,75]','[8,82]','[10,0]','[28,7]','[-28,19]','[28,-10]','[38,70]','[-16,72]','[5,70]','[-3,64]','[5,0]','[-37,53]','[-38,53]','[245,51]','[111,134]'),(77,3,'skgpomqtcedb','7','[-3,90]','[-7,104]','[22,5]','[28,7]','[-39,36]','[-18,9]','[-24,79]','[-66,85]','[-13,80]','[-18,38]','[-13,0]','[-42,60]','[-42,60]','[253,59]','[101,100]'),(78,21,'oygjwmgvcdyv','6','[-27,74]','[-34,46]','[41,2]','[40,-39]','[-3,24]','[4,-33]','[-4,72]','[-67,46]','[-5,69]','[-3,2]','[-5,0]','[5,55]','[12,41]','[174,51]','[99,130]'),(79,23,'vzgrqylbwegp','6','[93,67]','[104,55]','[40,1]','[52,-16]','[43,13]','[50,-2]','[68,65]','[28,56]','[77,56]','[37,28]','[53,0]','[66,42]','[65,42]','[75,76]','[136,140]'),(80,1,'jnxoytktolbb','5','[9,78]','[47,85]','[12,0]','[28,17]','[-39,23]','[-7,1]','[-30,77]','[-24,73]','[-5,69]','[-6,31]','[-5,0]','[-36,57]','[0,61]','[240,60]','[90,96]'),(81,2,'jkjqeleyhbus','1','[26,79]','[25,81]','[12,16]','[34,-5]','[-30,31]','[-31,-4]','[-39,78]','[-65,67]','[3,59]','[-22,12]','[3,0]','[-32,46]','[-37,104]','[235,62]','[108,108]'),(82,102,'guwzhmxxnwol','8','[-6,85]','[-3,95]','[20,8]','[28,7]','[-49,42]','[-12,3]','[-51,75]','[-83,95]','[-13,82]','[-42,36]','[-13,0]','[-42,60]','[-42,60]','[253,59]','[101,100]'),(83,6,'uswetrxvttms','4','[42,76]','[39,80]','[12,22]','[28,25]','[9,25]','[36,-16]','[8,68]','[-35,64]','[48,58]','[45,23]','[48,0]','[-7,44]','[-7,44]','[198,65]','[95,100]'),(84,7,'oeimwwkynzlt','2','[-88,-1]','[-79,6]','[12,21]','[28,7]','[-119,-56]','[-120,-79]','[-93,5]','[-154,-1]','[-69,-16]','[-87,-44]','[-69,0]','[-132,-28]','[-132,-28]','[325,131]','[93,107]'),(85,24,'icwowutxbvgh','6','[115,125]','[119,130]','[12,3]','[28,7]','[60,70]','[57,25]','[59,127]','[22,128]','[87,121]','[84,70]','[87,0]','[44,104]','[44,104]','[134,4]','[127,148]'),(86,22,'bxzhnjffdppv','6','[28,106]','[31,114]','[14,6]','[28,7]','[-27,51]','[-38,5]','[-19,105]','[-35,94]','[16,90]','[-7,46]','[16,0]','[-49,78]','[-49,78]','[233,33]','[104,122]'),(87,4,'cfqmhviykuup','9','[43,43]','[36,40]','[9,2]','[28,7]','[-25,-18]','[-7,-61]','[-14,33]','[-46,30]','[36,29]','[14,-1]','[36,0]','[-45,11]','[-45,11]','[234,106]','[94,109]'),(88,103,'jprpbvbeillv','10','[41,91]','[33,92]','[21,1]','[28,7]','[-29,26]','[-5,-11]','[-33,84]','[-48,82]','[35,76]','[16,49]','[35,0]','[-45,60]','[-45,60]','[232,59]','[96,107]'),(89,25,'bwgbubdrhvfg','1','[-13,-17]','[-20,-3]','[2,-21]','[28,-19]','[-68,-72]','[-84,-114]','[-72,-22]','[-91,-16]','[-15,-26]','[-26,-74]','[-15,0]','[-103,-48]','[-103,-48]','[294,167]','[90,100]'),(90,8,'nppdykjbwmkx','9','[56,64]','[65,70]','[12,-9]','[28,-17]','[1,9]','[21,-28]','[3,59]','[-11,61]','[77,67]','[56,30]','[77,0]','[-10,43]','[-10,43]','[231,75]','[94,105]'),(91,9,'gobumojesgfi','8','[-29,-36]','[-51,-34]','[13,-48]','[28,-27]','[-84,-91]','[-112,-122]','[-60,-35]','[-122,-43]','[-51,-58]','[-77,-90]','[-51,0]','[-113,-58]','[-113,-58]','[292,182]','[94,98]'),(92,66,'ltdlvothcqnr','2','[14,81]','[4,94]','[14,-2]','[28,7]','[-41,26]','[-50,37]','[-82,81]','[-92,84]','[-7,76]','[-21,35]','[-29,0]','[-57,61]','[-57,61]','[253,54]','[83,120]'),(93,67,'jqexjuembtvh','5','[94,52]','[100,58]','[24,-5]','[28,7]','[33,-4]','[28,-39]','[51,51]','[4,48]','[84,39]','[47,-3]','[84,0]','[26,47]','[26,47]','[140,88]','[128,135]'),(94,69,'lnarycubyzrr','7','[108,52]','[118,64]','[26,5]','[28,7]','[53,-3]','[49,-22]','[36,51]','[22,54]','[112,49]','[64,32]','[85,0]','[36,62]','[40,55]','[134,84]','[123,134]'),(95,85,'eeyrwdehbixg','2','[-48,64]','[-50,64]','[-34,-38]','[-27,-24]','[-30,-8]','[-21,1]','[-34,55]','[-47,66]','[-38,54]','[-40,22]','[-38,0]','[-65,58]','[-65,58]','[320,71]','[143,174]'),(96,86,'svcuufdqcqmy','2','[118,85]','[118,85]','[22,27]','[28,20]','[63,30]','[56,6]','[59,86]','[35,82]','[87,77]','[58,19]','[87,0]','[47,63]','[47,63]','[139,67]','[135,138]'),(97,87,'fhpgicaysllm','2','[58,105]','[60,129]','[4,1]','[28,7]','[3,50]','[-19,31]','[19,107]','[-33,125]','[-1,108]','[3,72]','[-1,0]','[-34,116]','[-34,116]','[186,22]','[155,167]'),(98,88,'vksjkggcuvik','1','[99,119]','[86,130]','[12,26]','[28,8]','[44,64]','[42,19]','[25,120]','[-10,120]','[52,115]','[45,59]','[52,0]','[10,116]','[10,116]','[154,14]','[109,137]'),(99,39,'zrmviexnupjy','1','[66,29]','[71,40]','[2,-12]','[28,7]','[24,-9]','[-14,-20]','[21,26]','[-26,40]','[30,14]','[-2,-26]','[30,0]','[-19,9]','[-19,9]','[175,108]','[121,129]'),(100,40,'jiftwdxqwtin','1','[47,91]','[58,102]','[9,2]','[10,7]','[-6,42]','[-20,-4]','[-21,87]','[-38,92]','[-14,79]','[-12,29]','[-14,0]','[-29,68]','[-29,68]','[209,48]','[118,131]'),(101,41,'veulocbvzaqy','3','[52,72]','[65,78]','[0,2]','[28,7]','[-11,17]','[-10,-27]','[-15,65]','[-31,68]','[-4,57]','[-1,-1]','[-4,0]','[-18,34]','[-19,34]','[218,86]','[103,121]'),(102,49,'dkmxevqgbxmr','1','[39,101]','[-16,115]','[10,20]','[28,7]','[-16,46]','[-84,5]','[-34,100]','[-112,105]','[-8,85]','[-84,47]','[-8,0]','[-24,80]','[-91,82]','[217,36]','[110,118]'),(103,50,'cayfwlehtvgj','1','[64,88]','[18,49]','[13,2]','[28,7]','[9,33]','[-45,-56]','[-7,88]','[-78,39]','[31,72]','[-43,-19]','[31,0]','[-8,68]','[-58,18]','[199,48]','[95,110]'),(104,95,'wvkpfygaipjq','2','[41,104]','[-7,120]','[19,15]','[28,7]','[-14,49]','[-86,2]','[-29,104]','[-103,110]','[-15,85]','[-80,50]','[-15,0]','[-24,80]','[-91,82]','[217,36]','[110,118]'),(105,96,'tsfbgfyeqxhg','3','[29,66]','[16,50]','[-3,4]','[28,7]','[-26,11]','[-61,-41]','[-21,66]','[-80,40]','[45,41]','[-46,-13]','[45,0]','[-35,38]','[-58,18]','[225,80]','[95,111]'),(106,99,'ttkeodhvrmog','2','[42,103]','[-20,113]','[9,23]','[28,7]','[-13,48]','[-90,0]','[-22,100]','[-116,103]','[-9,93]','[-81,49]','[-9,0]','[-22,79]','[-91,81]','[217,36]','[110,118]'),(107,100,'agybvcshxbpm','3','[27,74]','[8,49]','[14,10]','[28,7]','[-28,19]','[-63,-63]','[-23,65]','[-88,39]','[42,42]','[-48,-10]','[42,0]','[-35,38]','[-58,18]','[225,80]','[95,111]'),(108,104,'wlvvcpnulyer','2','[51,70]','[44,82]','[16,-6]','[28,7]','[-4,15]','[-48,-29]','[28,73]','[-52,72]','[16,56]','[18,8]','[16,0]','[-45,50]','[-55,50]','[238,65]','[110,116]'),(109,105,'rsmzverhwskc','2','[-62,43]','[-44,53]','[2,-2]','[-19,7]','[-80,-11]','[-65,-49]','[-45,42]','[-140,43]','[-26,23]','[-22,-7]','[-26,0]','[-148,21]','[-149,21]','[335,95]','[97,110]'),(110,106,'pdricqoovxfe','2','[64,72]','[59,73]','[11,23]','[15,25]','[12,-2]','[-5,-37]','[-29,53]','[-47,10]','[66,32]','[5,8]','[66,0]','[-6,42]','[-8,41]','[195,66]','[106,123]'),(111,107,'suivtkpjnmpt','2','[66,71]','[98,69]','[11,23]','[23,8]','[-1,-8]','[45,-39]','[-42,47]','[3,8]','[53,26]','[55,6]','[53,0]','[-21,45]','[27,39]','[210,64]','[103,126]'),(112,108,'ihwgeegenykh','3','[67,72]','[98,68]','[11,23]','[23,8]','[-7,-6]','[53,-26]','[-48,49]','[11,21]','[47,28]','[63,19]','[47,0]','[-21,45]','[28,39]','[210,64]','[103,126]'),(113,109,'rgribyhrzjjl','2','[47,59]','[71,66]','[11,23]','[33,-8]','[-7,6]','[-41,-34]','[-16,64]','[27,-22]','[40,45]','[16,0]','[14,0]','[20,45]','[20,45]','[130,73]','[143,148]'),(114,110,'sgwumdfgzais','2','[-31,86]','[-1,91]','[11,23]','[16,-2]','[-45,24]','[-69,-40]','[-29,80]','[-111,7]','[-21,76]','[-52,32]','[-20,0]','[-73,67]','[-73,67]','[255,55]','[130,142]'),(115,111,'hieimxbtcqrt','4','[7,74]','[-12,49]','[29,10]','[29,7]','[-28,19]','[-43,-43]','[27,62]','[-43,54]','[2,65]','[-48,-10]','[42,0]','[-65,58]','[-18,38]','[217,83]','[106,131]'),(116,112,'ktexichqewel','8','[64,72]','[59,73]','[11,23]','[15,25]','[12,-2]','[-5,-37]','[-29,53]','[-47,10]','[66,32]','[5,8]','[66,0]','[-6,42]','[-8,41]','[173,43]','[123,151]'),(117,113,'xmzltsferzto','9','[64,72]','[59,73]','[11,23]','[15,25]','[12,-2]','[-5,-37]','[-29,53]','[-47,10]','[66,32]','[5,8]','[66,0]','[-6,42]','[-8,41]','[173,43]','[123,151]'),(118,114,'khtgrpfyurcm','8','[90,-14]','[71,-1]','[28,8]','[28,7]','[71,-68]','[50,-103]','[39,-21]','[4,-12]','[97,-4]','[82,-61]','[97,0]','[47,-27]','[47,-27]','[151,144]','[94,114]'),(119,115,'cqtlanpwihpj','8','[12,-149]','[12,-149]','[7,-41]','[11,-16]','[3,-188]','[-26,-188]','[-24,-159]','[-83,-159]','[1,-173]','[-37,-173]','[1,0]','[-33,-140]','[-33,-140]','[199,318]','[98,107]'),(120,116,'oqqerytyeisg','1','[16,-16]','[16,-4]','[18,7]','[28,7]','[16,-68]','[16,-95]','[30,-11]','[0,-16]','[20,-14]','[20,-59]','[20,0]','[32,-26]','[32,-26]','[259,141]','[87,106]'),(121,117,'yyvxfxdusxlx','2','[16,-16]','[16,-4]','[18,7]','[28,7]','[16,-68]','[16,-95]','[30,-11]','[0,-16]','[20,-14]','[20,-59]','[20,0]','[32,-26]','[32,-26]','[258,139]','[83,106]'),(122,119,'emjpbjscgcvf','5','[-4,84]','[-4,84]','[18,7]','[28,7]','[16,16]','[16,16]','[30,84]','[0,84]','[20,80]','[20,40]','[20,0]','[32,56]','[32,56]','[140,43]','[136,139]'),(123,120,'tyumrhcigliq','1','[43,47]','[104,55]','[10,1]','[52,4]','[43,13]','[60,-2]','[8,35]','[28,56]','[17,36]','[37,28]','[53,0]','[66,42]','[65,42]','[188,95]','[115,124]'),(124,124,'lvmlqrzbobpe','4','[26,92]','[26,92]','[6,0]','[28,7]','[11,24]','[11,16]','[-22,48]','[-49,50]','[52,80]','[52,80]','[-3,0]','[6,58]','[26,58]','[168,40]','[128,129]'),(125,125,'mlzpthwviwnf','4','[6,92]','[5,92]','[10,-10]','[28,2]','[16,16]','[-11,-14]','[-22,48]','[-49,50]','[60,80]','[60,40]','[-3,0]','[12,58]','[26,58]','[166,56]','[122,134]'),(126,126,'wmzbyvhflrhy','2','[-16,-48]','[-16,-48]','[10,-40]','[28,-32]','[-24,-104]','[-24,-124]','[-20,-88]','[-20,-88]','[-3,-40]','[-60,-90]','[-3,0]','[16,-48]','[16,-48]','[248,175]','[142,162]'),(127,127,'fqbwbmmdcjby','1','[-32,32]','[-32,32]','[10,-32]','[28,-16]','[-49,-4]','[-11,-34]','[-22,48]','[-49,50]','[-3,42]','[-40,1]','[-40,0]','[-14,38]','[-14,38]','[265,94]','[125,143]'),(128,128,'zoaptkoerfpv','1','[64,104]','[64,104]','[16,-8]','[24,8]','[56,32]','[56,32]','[32,64]','[32,64]','[56,72]','[56,20]','[-48,0]','[48,80]','[48,80]','[161,79]','[139,131]'),(129,129,'oyjqdsswurhl','4','[44,112]','[16,88]','[20,10]','[28,7]','[32,32]','[16,0]','[-22,48]','[-49,50]','[32,80]','[52,0]','[-3,0]','[40,58]','[8,48]','[213,37]','[119,137]'),(130,130,'pcdygwofwfib','4','[26,42]','[-16,-88]','[20,0]','[28,7]','[32,4]','[-11,-184]','[0,32]','[-49,-150]','[72,42]','[52,-160]','[-3,0]','[56,38]','[0,-120]','[163,105]','[116,125]'),(131,131,'liqjxscjkogx','2','[-16,59]','[-16,140]','[20,0]','[44,0]','[-10,-12]','[-11,16]','[-22,48]','[-49,92]','[32,42]','[20,80]','[-3,0]','[-14,38]','[-14,96]','[223,93]','[101,96]'),(132,132,'khxsxmiuccsf','1','[6,12]','[-4,62]','[24,-8]','[26,0]','[6,-44]','[6,-24]','[-10,-8]','[-40,32]','[40,0]','[-20,-10]','[0,0]','[0,16]','[0,44]','[174,138]','[144,143]'),(133,133,'jtfihmyrvmiw','1','[-24,82]','[-94,102]','[6,6]','[28,7]','[-49,4]','[-64,6]','[-20,52]','[-50,72]','[0,70]','[-60,40]','[-20,0]','[-20,64]','[-40,110]','[271,47]','[125,145]'),(134,134,'piobwloefpcz','1','[36,52]','[36,88]','[44,-12]','[32,-8]','[70,16]','[24,16]','[29,24]','[32,72]','[120,40]','[16,28]','[80,0]','[72,40]','[32,72]','[149,93]','[129,131]'),(135,135,'xwvykvklvvqk','1','[36,112]','[40,112]','[20,-6]','[40,-8]','[44,56]','[44,16]','[34,68]','[48,92]','[96,96]','[56,52]','[56,0]','[36,96]','[60,104]','[169,33]','[117,137]'),(136,136,'drdaipjrohfl','3','[-16,59]','[-16,140]','[20,0]','[44,0]','[-10,-12]','[-11,16]','[-22,48]','[-49,92]','[32,42]','[20,80]','[-3,0]','[-14,38]','[-14,96]','[223,93]','[101,96]'),(137,137,'ljzijyhhgrnx','1','[-64,76]','[-32,136]','[8,8]','[20,12]','[-84,16]','[-64,32]','[-72,48]','[-40,112]','[-32,72]','[-48,84]','[-80,0]','[-120,60]','[-64,120]','[289,62]','[119,124]'),(138,138,'lpiecumljbyp','1','[64,64]','[24,140]','[48,0]','[48,16]','[56,24]','[16,64]','[80,48]','[16,112]','[120,60]','[32,88]','[64,0]','[72,80]','[32,112]','[87,80]','[122,129]'),(139,139,'hmivswfdmdem','1','[32,72]','[16,136]','[24,0]','[44,24]','[0,24]','[8,56]','[-24,48]','[0,112]','[16,60]','[16,80]','[-24,0]','[16,72]','[32,104]','[209,64]','[119,127]'),(140,140,'vrtbgpzuepqx','1','[-32,104]','[40,128]','[16,16]','[32,32]','[-64,48]','[-24,40]','[-64,96]','[-8,128]','[-8,112]','[32,96]','[-64,0]','[-32,96]','[32,96]','[256,32]','[112,112]'),(141,141,'nnkmuxqyewyk','2','[44,132]','[86,126]','[34,8]','[40,12]','[56,56]','[76,48]','[32,112]','[60,112]','[80,128]','[80,76]','[20,0]','[40,120]','[80,88]','[133,0]','[134,133]'),(142,142,'ykrokmtrnaqw','2','[16,8]','[-32,112]','[32,-16]','[32,16]','[0,-32]','[-40,44]','[16,0]','[-20,96]','[80,0]','[-24,48]','[64,0]','[64,16]','[-16,96]','[124,126]','[117,128]'),(143,143,'ilxnmfogntbo','1','[0,56]','[16,72]','[8,0]','[48,0]','[-32,24]','[24,24]','[-24,48]','[48,72]','[16,60]','[32,16]','[-24,0]','[16,72]','[32,104]','[250,80]','[87,96]'),(144,144,'lngqiqvigduj','9','[32,132]','[86,70]','[34,8]','[40,-8]','[56,56]','[76,-32]','[32,112]','[60,32]','[80,128]','[80,0]','[20,0]','[40,112]','[80,48]','[148,6]','[115,133]'),(145,145,'ogkwigciybxf','11','[112,64]','[72,16]','[12,4]','[36,-4]','[80,16]','[76,-48]','[80,32]','[64,0]','[120,40]','[80,-16]','[64,0]','[96,48]','[80,16]','[122,84]','[137,140]'),(146,146,'gpfqngdreebe','4','[-16,88]','[-32,88]','[16,0]','[32,8]','[-8,44]','[-40,16]','[0,64]','[-32,64]','[32,80]','[-32,32]','[16,0]','[32,64]','[0,64]','[224,63]','[104,110]'),(147,147,'gmqsmiszmftf','1','[56,112]','[44,132]','[16,3]','[40,0]','[40,52]','[24,32]','[32,112]','[28,124]','[80,120]','[52,72]','[48,0]','[40,124]','[48,112]','[155,11]','[147,162]'),(148,148,'eqgvmdsvjerq','2','[0,56]','[16,72]','[8,0]','[48,0]','[-32,24]','[24,24]','[-24,48]','[48,72]','[16,60]','[32,16]','[-24,0]','[16,72]','[32,104]','[250,80]','[87,96]'),(149,149,'wugwvdccggcp','6','[56,112]','[56,112]','[56,0]','[64,-16]','[64,64]','[64,64]','[64,96]','[96,96]','[120,96]','[96,68]','[48,0]','[72,112]','[72,112]','[125,35]','[98,104]'),(150,150,'mhpalcnpxmgz','6','[-104,80]','[-64,72]','[-16,24]','[48,24]','[-104,16]','[-32,0]','[-112,72]','[0,64]','[-52,72]','[-8,16]','[-96,0]','[-80,80]','[-8,80]','[333,60]','[108,120]'),(151,151,'ilxltdgucgbg','6','[24,144]','[56,148]','[32,-8]','[64,16]','[-8,80]','[16,62]','[0,128]','[32,144]','[48,112]','[80,128]','[-8,0]','[32,128]','[56,128]','[160,-8]','[160,112]'),(152,152,'kspwuqsyhipy','6','[0,108]','[32,108]','[0,28]','[60,28]','[-48,48]','[32,16]','[0,128]','[48,96]','[16,112]','[32,48]','[-32,0]','[24,96]','[24,96]','[264,16]','[112,104]'),(153,153,'ysidnchjxvfc','1','[-32,128]','[16,128]','[0,16]','[24,16]','[-32,56]','[-16,32]','[-40,96]','[-8,96]','[0,112]','[32,64]','[-32,0]','[0,96]','[32,96]','[240,4]','[140,132]'),(154,154,'jtyqmhgstese','3','[120,120]','[96,120]','[12,-8]','[32,4]','[64,64]','[48,32]','[64,112]','[80,96]','[96,96]','[80,80]','[64,0]','[80,112]','[80,112]','[128,24]','[144,104]'),(155,155,'hmiwrqvijwvv','1','[-32,128]','[-32,128]','[24,8]','[40,24]','[16,64]','[16,64]','[32,112]','[32,112]','[48,112]','[48,72]','[16,0]','[16,96]','[32,96]','[170,8]','[114,123]'),(156,156,'vsnkqdgtcjbs','2','[-32,128]','[16,128]','[0,16]','[24,16]','[-32,56]','[-16,32]','[-40,96]','[-8,96]','[0,112]','[32,64]','[-32,0]','[0,96]','[32,96]','[240,4]','[140,132]'),(157,157,'mslkutojcolj','6','[24,136]','[112,160]','[32,16]','[48,-16]','[8,64]','[64,80]','[16,112]','[64,128]','[32,104]','[112,112]','[8,0]','[16,112]','[112,112]','[160,8]','[144,96]'),(158,158,'qpnrcirsvqcr','2','[64,136]','[96,152]','[20,16]','[40,8]','[40,64]','[48,72]','[48,112]','[80,128]','[80,120]','[96,120]','[48,0]','[88,128]','[88,128]','[152,0]','[112,104]'),(159,159,'xyqotgpmnjih','2','[64,128]','[96,140]','[8,16]','[56,0]','[44,44]','[44,44]','[48,112]','[128,128]','[88,120]','[128,80]','[80,0]','[72,104]','[96,112]','[160,24]','[112,104]'),(160,160,'lvjcqqulbluo','4','[64,112]','[112,144]','[6,12]','[32,8]','[64,64]','[112,44]','[48,72]','[104,112]','[80,80]','[112,96]','[64,0]','[64,80]','[120,112]','[152,41]','[109,122]'),(161,161,'nvnwjedsdgcl','1','[160,128]','[160,128]','[24,0]','[32,16]','[160,72]','[152,72]','[176,112]','[160,112]','[200,120]','[160,72]','[158,0]','[168,112]','[168,112]','[22,0]','[130,126]'),(162,0,'jqvoyyolpqgv','1','[0,0]','[0,0]','[0,0]','[0,0]','[0,0]','[0,0]','[0,0]','[0,0]','[0,0]','[0,0]','[0,0]','[0,0]','[0,0]','[0,0]','[0,0]'),(163,163,'joaeulumcgbh','1','[128,128]','[128,168]','[24,0]','[72,-8]','[128,72]','[112,96]','[128,128]','[144,128]','[168,120]','[144,72]','[128,0]','[144,112]','[144,128]','[45,0]','[151,144]'),(164,164,'jnvcrrgmtvwl','4','[16,60]','[-16,52]','[16,0]','[40,-16]','[40,8]','[-24,0]','[32,48]','[-8,48]','[64,48]','[-8,-8]','[48,0]','[48,64]','[16,64]','[149,72]','[160,151]'),(165,165,'gjtvekieqatn','4','[0,52]','[0,48]','[8,0]','[20,12]','[16,16]','[0,0]','[48,48]','[48,48]','[48,26]','[32,-16]','[32,0]','[56,48]','[48,48]','[149,72]','[174,160]'),(166,166,'vxryfhvytcig','3','[32,32]','[144,128]','[24,0]','[32,8]','[0,-16]','[128,72]','[64,16]','[128,112]','[112,24]','[136,72]','[56,0]','[80,24]','[168,112]','[126,93]','[145,136]'),(167,167,'bctrxdxrugqp','1','[32,144]','[-8,140]','[8,12]','[24,24]','[-8,72]','[-16,56]','[0,128]','[-16,128]','[32,112]','[16,112]','[0,0]','[32,128]','[-8,128]','[208,0]','[112,112]'),(168,168,'cmupwurocdpn','5','[80,96]','[48,80]','[0,8]','[8,0]','[32,64]','[-16,16]','[32,96]','[-16,64]','[80,96]','[64,48]','[48,0]','[32,96]','[32,64]','[160,32]','[144,144]'),(169,169,'gsrzkautnghc','5','[128,136]','[128,136]','[24,8]','[24,8]','[96,64]','[80,48]','[64,112]','[64,112]','[96,112]','[96,112]','[48,0]','[96,112]','[96,112]','[144,-16]','[144,128]'),(170,170,'rubtymuqfeuq','9','[16,120]','[64,152]','[24,8]','[40,8]','[16,48]','[56,56]','[32,96]','[64,112]','[48,96]','[64,40]','[8,0]','[0,80]','[64,80]','[176,56]','[112,112]'),(171,171,'ntmjjittqkcj','5','[-48,32]','[0,136]','[8,-16]','[24,8]','[-104,16]','[-48,40]','[-80,32]','[-40,120]','[-48,16]','[0,64]','[-80,0]','[-48,40]','[16,128]','[344,112]','[112,112]'),(172,172,'frkfpymtydmg','7','[-48,32]','[0,136]','[8,-16]','[24,8]','[-104,16]','[-48,40]','[-80,32]','[-40,120]','[-48,16]','[0,64]','[-80,0]','[-48,40]','[16,128]','[344,112]','[112,112]'),(173,173,'etxdlqnvwqtx','6','[-48,32]','[0,136]','[8,-16]','[24,8]','[-104,16]','[-48,40]','[-80,32]','[-40,120]','[-48,16]','[0,64]','[-80,0]','[-48,40]','[16,128]','[344,112]','[112,112]'),(174,174,'pvhdtbuddjhb','2','[48,144]','[64,128]','[16,0]','[24,8]','[48,64]','[72,32]','[48,112]','[64,112]','[64,112]','[64,48]','[32,0]','[48,112]','[80,112]','[168,24]','[112,112]'),(175,175,'rxzrrkjqvyqy','2','[48,144]','[64,128]','[16,0]','[24,8]','[48,64]','[72,32]','[48,112]','[64,112]','[64,112]','[64,48]','[32,0]','[48,112]','[80,112]','[168,24]','[112,112]'),(176,176,'shcsmfegtxhf','8','[-48,132]','[32,136]','[16,-8]','[24,16]','[-80,68]','[-8,40]','[-96,112]','[-8,112]','[-64,112]','[32,96]','[-96,0]','[-32,112]','[32,112]','[296,24]','[128,112]'),(177,177,'cmmiahpwdamx','9','[-48,132]','[32,136]','[16,-8]','[24,16]','[-80,68]','[-8,40]','[-96,112]','[-8,112]','[-64,112]','[32,96]','[-96,0]','[-32,112]','[32,112]','[296,24]','[128,112]'),(178,178,'twvnkvqgyiru','5','[-72,116]','[64,136]','[4,-4]','[24,-4]','[-104,60]','[16,32]','[-64,116]','[24,116]','[-48,104]','[32,88]','[-96,0]','[-24,88]','[32,112]','[304,16]','[128,112]'),(179,179,'qgkjswznylty','1','[48,144]','[64,128]','[16,0]','[24,8]','[48,64]','[72,32]','[48,112]','[64,112]','[64,112]','[64,48]','[32,0]','[48,112]','[80,112]','[168,24]','[112,112]'),(180,180,'utmejyqmcvbk','1','[48,144]','[64,128]','[16,0]','[24,8]','[48,64]','[72,32]','[48,112]','[64,112]','[64,112]','[64,48]','[32,0]','[48,112]','[80,112]','[168,24]','[112,112]'),(181,181,'fdpybckruodj','1','[96,136]','[64,144]','[8,8]','[24,0]','[72,64]','[32,64]','[64,96]','[48,128]','[72,112]','[48,112]','[48,0]','[64,104]','[64,112]','[144,8]','[144,144]'),(182,182,'kynputhclcdl','6','[-24,64]','[-24,88]','[24,8]','[8,32]','[-96,16]','[-96,24]','[-48,64]','[-80,96]','[-32,48]','[-48,64]','[-80,0]','[-16,48]','[-48,64]','[224,72]','[128,128]'),(183,183,'uockopeurqdf','7','[-40,108]','[56,144]','[12,16]','[24,16]','[-80,48]','[-8,64]','[-48,104]','[8,136]','[-24,80]','[64,128]','[-96,0]','[-24,88]','[16,128]','[288,40]','[112,112]'),(184,184,'xumujwygrmby','1','[128,120]','[96,128]','[8,8]','[24,16]','[104,56]','[64,40]','[104,112]','[80,128]','[128,112]','[128,112]','[96,0]','[112,112]','[96,112]','[80,24]','[144,144]'),(185,185,'bfsrsnqivpms','1','[-16,128]','[40,160]','[8,8]','[36,16]','[-64,64]','[16,32]','[-32,112]','[32,128]','[-16,112]','[64,128]','[-32,0]','[-32,112]','[32,112]','[208,8]','[160,144]'),(186,186,'dljghewzktat','2','[144,144]','[104,152]','[8,8]','[40,4]','[144,72]','[96,48]','[176,128]','[128,144]','[176,120]','[128,128]','[136,0]','[176,128]','[128,144]','[0,0]','[128,120]'),(187,187,'scobmrrdbmsw','6','[-24,144]','[-24,136]','[40,-8]','[32,-8]','[-80,48]','[-64,40]','[-64,128]','[-56,128]','[-32,128]','[-24,128]','[-80,0]','[-24,128]','[-32,104]','[240,0]','[144,128]'),(188,188,'rjggwwmmppth','2','[48,72]','[48,176]','[16,-16]','[8,-16]','[16,48]','[0,80]','[32,64]','[16,104]','[64,48]','[48,112]','[32,0]','[48,64]','[48,96]','[216,48]','[128,112]'),(189,189,'ilnimhfcivpt','2','[48,128]','[112,144]','[8,16]','[64,-8]','[0,80]','[56,48]','[32,128]','[80,128]','[64,112]','[96,112]','[16,0]','[36,112]','[80,112]','[184,0]','[112,112]'),(190,118,'rwqqgmxpdwbu','4','[16,62]','[16,62]','[28,22]','[34,30]','[16,-31]','[-4,-4]','[29,24]','[29,24]','[65,50]','[10,0]','[40,0]','[-10,27]','[29,21]','[198,78]','[129,127]'),(191,123,'jdsszkolhitg','1','[56,128]','[56,128]','[-4,-8]','[16,8]','[56,64]','[56,64]','[56,96]','[56,96]','[96,120]','[80,68]','[48,0]','[64,112]','[64,112]','[157,22]','[119,134]'),(192,192,'bpegnatlfibc','4','[-96,120]','[24,144]','[16,8]','[32,8]','[-136,64]','[-32,48]','[-128,120]','[0,128]','[-96,112]','[16,128]','[-144,0]','[-112,112]','[16,128]','[320,8]','[128,120]'),(193,193,'bxbyaifmqdxk','4','[-32,140]','[0,144]','[16,4]','[28,12]','[-80,64]','[-32,48]','[-64,128]','[-48,128]','[-48,104]','[-8,112]','[-80,0]','[0,112]','[8,112]','[288,0]','[144,112]'),(194,194,'ecwgnneuzbcv','4','[-16,144]','[144,192]','[16,16]','[64,-8]','[-64,64]','[128,64]','[-48,128]','[144,128]','[0,112]','[176,128]','[-48,0]','[-16,112]','[144,128]','[224,0]','[144,144]'),(195,195,'tiqezicxwpry','3','[64,64]','[64,64]','[24,-8]','[40,8]','[24,8]','[8,-24]','[40,64]','[40,64]','[80,56]','[80,56]','[48,0]','[72,64]','[56,64]','[152,64]','[144,128]'),(196,196,'gbxvfsrqbyxg','9','[-96,-128]','[-96,-128]','[8,4]','[24,4]','[-128,-192]','[-144,-192]','[-96,-128]','[-96,-128]','[-48,-144]','[-64,-144]','[-96,0]','[-48,-128]','[-48,-128]','[320,272]','[128,128]'),(197,197,'mwlzgwdjlpxx','9','[-48,-112]','[-48,-112]','[-16,-8]','[8,4]','[-112,-152]','[-112,-168]','[-96,-112]','[-104,-112]','[-64,-112]','[-64,-112]','[-96,0]','[-112,-104]','[-112,-104]','[336,240]','[104,96]'),(201,301,'dufziinsornt','8','[6,59]','[5,59]','[10,10]','[28,7]','[-49,4]','[-11,-34]','[-22,48]','[-49,50]','[-3,42]','[-75,1]','[-3,0]','[-14,38]','[-14,38]','[234,80]','[133,125]'),(202,302,'kkpwecgmftci','5','[25,88]','[12,97]','[-6,13]','[28,7]','[-30,33]','[-30,-4]','[-3,79]','[-13,83]','[24,74]','[-62,36]','[24,0]','[-19,63]','[-19,63]','[221,49]','[125,134]'),(203,303,'sejqtlkfjwkc','8','[101,53]','[109,68]','[25,16]','[28,7]','[46,-2]','[41,-37]','[40,48]','[13,58]','[94,47]','[56,2]','[94,0]','[52,33]','[52,33]','[144,83]','[122,124]'),(204,304,'zlshfpystoqp','4','[128,84]','[132,75]','[1,11]','[28,7]','[73,29]','[70,-6]','[50,71]','[36,65]','[115,73]','[43,24]','[115,0]','[87,54]','[86,54]','[120,60]','[136,136]'),(205,305,'rmcvsljwdyur','9','[-117,-8]','[-119,-2]','[15,-6]','[28,7]','[-202,-65]','[-128,-96]','[-168,-14]','[-215,-12]','[-158,-16]','[-152,-60]','[-158,0]','[-187,-8]','[-187,-7]','[411,147]','[122,117]'),(206,306,'olkahitypycq','5','[27,77]','[17,95]','[5,10]','[28,7]','[-28,22]','[-29,3]','[10,71]','[-79,67]','[-9,69]','[-64,41]','[-9,0]','[-19,63]','[-20,63]','[219,58]','[133,126]'),(207,307,'sgpilzypnejy','2','[94,82]','[92,96]','[13,16]','[28,7]','[39,27]','[17,2]','[37,78]','[-4,86]','[87,80]','[43,37]','[87,0]','[35,72]','[35,72]','[146,52]','[140,130]'),(208,308,'epjlpvhwcjvw','2','[96,88]','[98,95]','[16,16]','[28,7]','[41,33]','[23,-7]','[37,87]','[2,85]','[89,87]','[55,46]','[89,0]','[38,74]','[38,74]','[152,46]','[134,136]'),(209,309,'fxypdctjnicq','6','[-27,74]','[-34,46]','[41,2]','[40,-39]','[-3,24]','[4,-33]','[-4,72]','[-67,46]','[-5,69]','[-3,2]','[-5,0]','[5,55]','[12,41]','[174,51]','[99,130]'),(210,310,'iatmdvvwlngq','7','[28,106]','[31,114]','[14,6]','[28,7]','[-27,51]','[-38,5]','[-19,105]','[-35,94]','[16,90]','[-7,46]','[16,0]','[-49,78]','[-49,78]','[233,33]','[104,122]'),(211,311,'nolhhoujolpc','6','[93,67]','[104,55]','[40,1]','[52,-16]','[43,13]','[50,-2]','[68,65]','[28,56]','[77,56]','[37,28]','[53,0]','[66,42]','[65,42]','[75,76]','[136,140]'),(212,312,'kexwyrcqjxfs','6','[115,125]','[119,130]','[12,3]','[28,7]','[60,70]','[57,25]','[59,127]','[22,128]','[87,121]','[84,70]','[87,0]','[44,104]','[44,104]','[134,4]','[127,148]'),(213,313,'wjcrloeyiyxw','2','[13,-4]','[14,-9]','[55,-4]','[46,7]','[-19,-61]','[-10,-95]','[48,10]','[-19,-4]','[63,-22]','[14,-60]','[44,0]','[34,4]','[34,4]','[90,150]','[134,141]'),(214,314,'chmytqkkilrv','2','[-68,-54]','[-68,-41]','[-9,-23]','[11,-16]','[-69,-97]','[-72,-140]','[-47,-56]','[-133,-62]','[-40,-39]','[-92,-103]','[-40,0]','[-104,-57]','[-104,-57]','[299,198]','[121,125]'),(215,315,'mbgjkzlvemui','1','[66,29]','[71,40]','[2,-12]','[28,7]','[24,-9]','[-14,-20]','[21,26]','[-26,40]','[30,14]','[-2,-26]','[30,0]','[-19,9]','[-19,9]','[175,108]','[121,129]'),(216,316,'cxhxktltjtbg','1','[47,91]','[58,102]','[9,2]','[10,7]','[-6,42]','[-20,-4]','[-21,87]','[-38,92]','[-14,79]','[-12,29]','[-14,0]','[-29,68]','[-29,68]','[209,48]','[118,131]'),(217,317,'gjyqwffsmfgw','3','[52,72]','[65,78]','[0,2]','[28,7]','[-11,17]','[-10,-27]','[-15,65]','[-31,68]','[-4,57]','[-1,-1]','[-4,0]','[-18,34]','[-19,34]','[218,86]','[103,121]'),(218,318,'jmpkkzqwgxtc','2','[128,144]','[104,144]','[7,16]','[28,20]','[96,84]','[59,56]','[60,107]','[15,126]','[120,130]','[49,80]','[105,0]','[90,120]','[75,116]','[102,0]','[134,130]'),(219,319,'espxbipsjiyt','1','[11,109]','[0,120]','[14,13]','[28,7]','[-44,54]','[-12,8]','[-7,107]','[-96,110]','[10,106]','[-29,57]','[10,0]','[-13,88]','[-14,88]','[230,25]','[144,145]'),(220,320,'xtqbjysffsvx','6','[123,90]','[115,105]','[10,23]','[28,19]','[68,35]','[70,1]','[78,92]','[19,95]','[101,86]','[49,53]','[101,0]','[61,77]','[61,77]','[134,35]','[114,137]'),(221,321,'aqgjvutybsbk','2','[76,132]','[26,132]','[6,4]','[26,7]','[76,56]','[42,56]','[70,112]','[0,112]','[100,120]','[60,80]','[30,0]','[56,110]','[54,110]','[119,0]','[132,140]'),(222,322,'zhixojcwijfj','1','[29,65]','[72,23]','[20,24]','[28,7]','[-26,10]','[12,-34]','[-22,59]','[23,53]','[10,68]','[25,-4]','[10,0]','[-30,33]','[8,9]','[236,68]','[111,119]'),(223,323,'ncijtxixkghu','1','[57,63]','[14,80]','[10,19]','[28,-16]','[2,8]','[-7,-17]','[-28,54]','[-54,67]','[51,45]','[-20,17]','[51,0]','[-7,30]','[-18,50]','[208,74]','[103,119]'),(224,324,'vxkcklmfevkk','5','[41,68]','[24,71]','[9,28]','[28,7]','[28,17]','[25,-33]','[20,61]','[-29,49]','[64,64]','[13,16]','[72,0]','[6,42]','[18,31]','[186,73]','[92,109]'),(225,325,'ffyychaekjsj','2','[17,71]','[13,62]','[20,-16]','[28,-9]','[-38,16]','[-41,-13]','[-22,70]','[-83,52]','[17,71]','[-23,21]','[17,0]','[-45,54]','[-45,54]','[221,65]','[145,147]'),(226,326,'algyyokhbnwz','2','[-17,106]','[-3,107]','[4,-9]','[28,-11]','[-72,51]','[-16,2]','[-38,106]','[-99,97]','[-8,85]','[-27,46]','[-8,0]','[-29,86]','[-29,86]','[242,38]','[163,119]'),(227,327,'qsnkljxqtrgb','2','[87,90]','[83,94]','[17,-4]','[28,-4]','[32,35]','[24,-16]','[26,87]','[-13,84]','[75,71]','[19,17]','[75,0]','[47,74]','[47,74]','[143,51]','[155,130]'),(228,328,'avfbkpphumso','2','[43,25]','[130,60]','[8,10]','[28,23]','[-12,-30]','[62,-24]','[-20,24]','[34,50]','[49,18]','[50,5]','[49,0]','[-8,29]','[65,63]','[176,84]','[163,156]'),(229,329,'cjhtlviffiwb','2','[110,-19]','[19,42]','[32,-21]','[28,7]','[67,-87]','[-30,-11]','[49,-2]','[-75,53]','[106,-14]','[-18,4]','[106,0]','[27,-33]','[0,25]','[129,159]','[119,117]'),(230,330,'sbdfpooechyn','5','[94,52]','[100,58]','[24,-5]','[28,7]','[33,-4]','[28,-39]','[51,51]','[4,48]','[84,39]','[47,-3]','[84,0]','[26,47]','[26,47]','[140,88]','[128,135]'),(231,331,'wnocckxgfmnh','7','[86,-11]','[93,-6]','[29,-23]','[28,-19]','[31,-66]','[26,-87]','[10,-11]','[-3,-16]','[48,-7]','[67,-50]','[48,0]','[35,-18]','[19,-16]','[144,130]','[153,168]'),(232,332,'xfxhmadcxfdq','7','[108,52]','[118,64]','[26,5]','[28,7]','[53,-3]','[49,-22]','[36,51]','[22,54]','[112,49]','[64,32]','[85,0]','[36,62]','[40,55]','[134,84]','[123,134]'),(233,333,'dpqjexkcixhw','6','[137,11]','[47,30]','[21,9]','[28,7]','[82,-44]','[11,-53]','[41,11]','[-49,20]','[103,8]','[23,-23]','[103,0]','[62,16]','[-15,19]','[106,116]','[134,145]'),(234,334,'slzosqvxjxus','1','[17,67]','[58,61]','[2,6]','[28,7]','[-65,11]','[-16,-28]','[-47,60]','[-3,51]','[-23,64]','[-1,5]','[-23,0]','[-43,76]','[17,67]','[246,69]','[142,144]'),(235,335,'wpaqzeclspdr','1','[73,66]','[49,85]','[5,3]','[28,7]','[9,11]','[-13,-10]','[38,62]','[-47,75]','[59,57]','[5,25]','[59,0]','[44,68]','[5,70]','[172,70]','[146,145]'),(236,336,'eathbqlrqvda','1','[63,90]','[48,60]','[17,15]','[28,7]','[-2,40]','[-8,-39]','[-8,87]','[-48,50]','[27,78]','[17,0]','[27,0]','[5,91]','[-15,55]','[188,44]','[131,145]'),(237,337,'bqvrrfdcuvdr','1','[70,82]','[24,97]','[6,4]','[28,7]','[15,27]','[-40,-17]','[11,78]','[-72,87]','[59,77]','[-6,29]','[59,0]','[28,83]','[-22,83]','[152,47]','[171,153]'),(238,338,'tedevipdbvdr','8','[28,26]','[11,35]','[29,-42]','[28,-30]','[-27,-29]','[-44,-50]','[-23,40]','[-85,25]','[9,27]','[-32,-16]','[9,0]','[-33,27]','[-35,28]','[218,123]','[131,133]'),(239,339,'nkrmsykdohgo','8','[83,-49]','[74,-31]','[37,-45]','[46,-28]','[-10,-103]','[-8,-119]','[18,-48]','[-22,-41]','[49,-56]','[20,-102]','[49,0]','[32,-36]','[32,-36]','[128,189]','[132,127]'),(240,340,'tkcwrodgemlj','6','[92,-3]','[108,47]','[11,-17]','[37,-10]','[45,-57]','[55,-40]','[39,2]','[12,37]','[86,-4]','[72,-4]','[86,0]','[50,13]','[60,53]','[153,136]','[124,151]'),(241,341,'woutqrqtdzqi','6','[-68,51]','[113,55]','[1,-24]','[50,-33]','[-47,-5]','[8,-24]','[-39,41]','[17,45]','[-77,40]','[19,6]','[-77,0]','[-101,65]','[57,72]','[304,85]','[148,151]'),(242,342,'xcbmsjqrostq','10','[56,112]','[56,32]','[16,16]','[32,0]','[56,56]','[56,-32]','[32,88]','[48,0]','[80,104]','[48,-32]','[32,0]','[48,104]','[64,16]','[164,18]','[129,138]'),(243,343,'wmskekfmgdio','9','[128,29]','[145,40]','[22,-4]','[28,7]','[73,-26]','[97,-45]','[61,32]','[49,30]','[109,24]','[89,-16]','[109,0]','[69,2]','[69,2]','[120,107]','[130,146]'),(244,344,'wvnchfzhekfo','10','[72,88]','[16,48]','[16,0]','[32,-32]','[96,32]','[-16,-16]','[48,72]','[16,32]','[112,80]','[-16,-40]','[96,0]','[120,64]','[16,16]','[91,40]','[123,133]'),(245,345,'wpsyznjwvlmd','9','[147,39]','[122,57]','[4,26]','[28,7]','[92,-16]','[67,-24]','[70,39]','[26,47]','[125,37]','[74,-10]','[125,0]','[81,24]','[47,24]','[106,98]','[110,135]'),(246,346,'ofneitwqroxe','2','[32,101]','[40,119]','[14,10]','[28,7]','[-23,46]','[-19,5]','[-11,101]','[-56,109]','[17,88]','[-17,49]','[17,0]','[-40,88]','[-34,88]','[236,29]','[122,147]'),(247,347,'jukighzxmudn','2','[56,87]','[55,105]','[10,6]','[28,7]','[1,32]','[1,0]','[3,88]','[-41,95]','[46,80]','[-8,38]','[46,0]','[-10,76]','[-14,77]','[196,41]','[118,141]'),(248,348,'xbbfxeemifpv','2','[-48,64]','[-50,64]','[-34,-38]','[-27,-24]','[-30,-8]','[-21,1]','[-34,55]','[-47,66]','[-38,54]','[-40,22]','[-38,0]','[-65,58]','[-65,58]','[320,71]','[143,174]'),(249,349,'ngcxxfxovpmn','2','[118,85]','[118,85]','[22,27]','[28,20]','[63,30]','[56,6]','[59,86]','[35,82]','[87,77]','[58,19]','[87,0]','[47,63]','[47,63]','[139,67]','[135,138]'),(250,350,'eypcwtnjgoyb','2','[58,105]','[60,129]','[4,1]','[28,7]','[3,50]','[-19,31]','[19,107]','[-33,125]','[-1,108]','[3,72]','[-1,0]','[-34,116]','[-34,116]','[186,22]','[155,167]'),(251,351,'pmjnkqodgjpo','1','[99,119]','[86,130]','[12,26]','[28,8]','[44,64]','[42,19]','[25,120]','[-10,120]','[52,115]','[45,59]','[52,0]','[10,116]','[10,116]','[154,14]','[109,137]'),(252,352,'oxttbkywusfp','1','[46,47]','[43,55]','[11,32]','[28,7]','[-9,-8]','[-15,-21]','[-50,47]','[-53,45]','[23,26]','[3,-29]','[23,0]','[-37,18]','[-37,18]','[198,100]','[145,141]'),(253,353,'ohpnwjgzfesg','1','[48,39]','[44,33]','[43,-12]','[47,-7]','[32,-9]','[52,-24]','[71,26]','[29,21]','[55,26]','[51,-15]','[55,0]','[62,41]','[62,41]','[67,102]','[154,165]'),(254,354,'pvomxydmldoi','7','[125,24]','[83,25]','[28,7]','[28,7]','[70,-31]','[29,-32]','[29,24]','[-13,15]','[129,18]','[-3,-32]','[129,0]','[73,27]','[29,21]','[112,108]','[145,153]'),(255,355,'lwlmcwxyvcyz','7','[130,68]','[114,59]','[19,8]','[28,7]','[75,13]','[60,2]','[34,68]','[18,49]','[126,66]','[32,11]','[126,0]','[79,63]','[66,51]','[106,63]','[139,114]'),(256,356,'ttcofyyswaum','2','[-71,96]','[107,-89]','[23,-9]','[28,7]','[-126,41]','[42,-177]','[-91,95]','[11,-99]','[-80,90]','[22,-151]','[-80,0]','[-120,98]','[25,-102]','[311,31]','[142,155]'),(257,357,'ysgtnamukxoi','2','[100,-10]','[97,104]','[26,6]','[28,7]','[45,-65]','[42,9]','[58,-14]','[1,94]','[90,-14]','[28,40]','[90,0]','[42,-2]','[32,109]','[139,149]','[140,143]'),(258,358,'wrxtfahvtyqi','2','[86,45]','[59,-47]','[-10,-1]','[28,-21]','[56,-12]','[15,-133]','[15,43]','[-37,-57]','[79,39]','[10,-108]','[79,0]','[41,46]','[29,-52]','[134,91]','[134,153]'),(259,359,'zrrxemjrtmql','2','[21,89]','[64,82]','[40,0]','[28,7]','[-86,29]','[23,-10]','[-49,79]','[-32,72]','[32,80]','[20,36]','[32,0]','[-28,97]','[4,89]','[171,41]','[141,157]'),(260,360,'sxrrihbkdkjl','2','[86,90]','[59,-3]','[37,11]','[28,7]','[31,35]','[6,-65]','[-10,90]','[-37,-13]','[79,84]','[-27,-39]','[79,0]','[42,98]','[-13,6]','[151,41]','[142,149]'),(261,361,'aufduiatycow','4','[-3,112]','[63,93]','[5,7]','[28,7]','[-58,57]','[58,-14]','[-56,107]','[-33,83]','[-12,114]','[34,32]','[-12,0]','[-55,120]','[35,98]','[250,18]','[134,157]'),(262,362,'iolnrzaovbhn','6','[7,86]','[2,94]','[14,16]','[28,7]','[-5,33]','[-12,-5]','[-13,84]','[-46,84]','[-4,87]','[3,51]','[-4,0]','[-16,71]','[-16,71]','[197,40]','[131,143]'),(263,363,'qsmurjkprhku','5','[1,71]','[0,72]','[26,1]','[28,7]','[-17,14]','[-12,-8]','[-23,63]','[-65,61]','[-5,55]','[-3,14]','[-5,0]','[-28,49]','[-28,49]','[191,70]','[140,136]'),(264,364,'udkkmzgsimgq','2','[-19,69]','[-10,77]','[8,11]','[28,7]','[-54,16]','[-35,-27]','[-30,60]','[-106,67]','[-4,68]','[-12,25]','[-4,0]','[-26,41]','[-26,41]','[219,53]','[153,162]'),(265,365,'fcydxtnwtaon','4','[99,120]','[21,67]','[11,26]','[28,7]','[44,65]','[-10,-27]','[32,108]','[-75,57]','[85,106]','[-13,14]','[85,0]','[30,83]','[-7,34]','[164,24]','[94,93]'),(266,366,'nvftqenyroyu','4','[151,76]','[63,9]','[15,32]','[28,7]','[96,21]','[15,-66]','[73,76]','[-33,-1]','[135,64]','[-19,-39]','[135,0]','[84,41]','[0,-19]','[98,48]','[110,108]'),(267,367,'bekjyovmrmfd','4','[73,71]','[75,75]','[8,19]','[28,7]','[18,16]','[32,-22]','[15,62]','[-21,65]','[49,64]','[22,9]','[49,0]','[4,37]','[29,24]','[200,63]','[93,103]'),(268,368,'uilfcyypnbwm','4','[81,93]','[75,74]','[-3,6]','[21,23]','[55,40]','[27,-10]','[54,102]','[-21,64]','[71,82]','[28,15]','[71,0]','[34,55]','[30,26]','[149,40]','[106,114]'),(269,369,'ghgphbvmzjrx','2','[79,104]','[78,115]','[13,28]','[28,18]','[24,49]','[24,12]','[28,103]','[20,96]','[64,96]','[29,55]','[64,0]','[12,89]','[12,89]','[178,36]','[100,117]'),(270,370,'gbkqnzirjyid','1','[87,99]','[61,110]','[8,20]','[28,16]','[27,47]','[39,13]','[29,103]','[-9,92]','[66,98]','[40,51]','[66,0]','[14,83]','[14,83]','[178,36]','[104,118]'),(271,371,'ajhdojqfykfu','6','[96,48]','[105,52]','[29,4]','[28,7]','[34,-14]','[13,-11]','[30,39]','[9,42]','[42,39]','[-5,-2]','[42,0]','[30,30]','[30,30]','[104,92]','[145,147]'),(272,372,'nsgytjsjbfdp','6','[-16,41]','[-23,27]','[-19,-9]','[15,7]','[-31,-8]','[4,-45]','[-21,32]','[-60,18]','[-11,27]','[1,-20]','[-11,0]','[-31,6]','[-31,6]','[266,111]','[126,128]'),(273,373,'fkatobgcyygb','1','[92,41]','[99,79]','[11,21]','[28,7]','[78,-12]','[71,-21]','[54,50]','[3,69]','[83,33]','[70,16]','[83,0]','[54,23]','[63,49]','[137,95]','[94,106]'),(274,374,'paqnehcojygu','1','[94,77]','[116,92]','[4,32]','[28,7]','[66,13]','[53,-23]','[52,70]','[23,68]','[100,70]','[68,16]','[100,0]','[36,49]','[66,48]','[155,62]','[86,94]'),(275,375,'szgthkexanxl','5','[9,78]','[47,85]','[12,0]','[28,17]','[-39,23]','[-7,1]','[-30,77]','[-24,73]','[-5,69]','[-6,31]','[-5,0]','[-36,57]','[0,61]','[240,60]','[90,96]'),(276,376,'hujriolkmhzy','1','[26,79]','[25,81]','[12,16]','[34,-5]','[-30,31]','[-31,-4]','[-39,78]','[-65,67]','[3,59]','[-22,12]','[3,0]','[-32,46]','[-37,104]','[235,62]','[108,108]'),(277,377,'gtmwrbaniaud','3','[42,76]','[39,80]','[12,22]','[28,25]','[9,25]','[36,-16]','[8,68]','[-35,64]','[48,58]','[45,23]','[48,0]','[-7,44]','[-7,44]','[198,65]','[95,100]'),(278,378,'uuqdlbtrkmvk','2','[-88,-1]','[-79,6]','[12,21]','[28,7]','[-119,-56]','[-120,-79]','[-93,5]','[-154,-1]','[-69,-16]','[-87,-44]','[-69,0]','[-132,-28]','[-132,-28]','[325,131]','[93,107]'),(279,379,'mxohelwcpocv','9','[56,64]','[65,70]','[12,-9]','[28,-17]','[1,9]','[21,-28]','[3,59]','[-11,61]','[77,67]','[56,30]','[77,0]','[-10,43]','[-10,43]','[231,75]','[94,105]'),(280,380,'kftqxfempust','8','[-29,-36]','[-51,-34]','[13,-48]','[28,-27]','[-84,-91]','[-112,-122]','[-60,-35]','[-122,-43]','[-51,-58]','[-77,-90]','[-51,0]','[-113,-58]','[-113,-58]','[292,182]','[94,98]'),(281,381,'wvcpwlwuxwhq','5','[-16,136]','[152,136]','[0,16]','[28,24]','[-48,72]','[120,64]','[-40,128]','[112,112]','[-32,104]','[128,80]','[-32,0]','[-16,112]','[112,96]','[296,-16]','[104,80]'),(282,382,'numjsnomjspr','4','[119,-28]','[29,53]','[18,15]','[28,7]','[67,-57]','[27,-53]','[67,-18]','[-67,43]','[83,-34]','[48,-15]','[83,0]','[67,-49]','[7,26]','[85,154]','[97,117]'),(283,383,'yiwwnppitqpf','5','[0,120]','[0,120]','[32,16]','[40,24]','[-12,36]','[0,24]','[0,92]','[16,112]','[0,96]','[-32,56]','[-16,0]','[-16,96]','[0,96]','[212,48]','[112,104]'),(284,384,'pwokyefpmqwi','2','[14,81]','[4,94]','[14,-2]','[28,7]','[-41,26]','[-50,37]','[-82,81]','[-92,84]','[-7,76]','[-21,35]','[-29,0]','[-57,61]','[-57,61]','[253,54]','[83,120]'),(285,385,'xjotoxrgwfrj','1','[-13,-17]','[-20,-3]','[2,-21]','[28,-19]','[-68,-72]','[-84,-114]','[-72,-22]','[-91,-16]','[-15,-26]','[-26,-74]','[-15,0]','[-103,-48]','[-103,-48]','[294,167]','[90,100]'),(286,386,'mnkjkgammeds','3','[-84,12]','[-26,33]','[11,-7]','[32,18]','[-90,-29]','[8,-48]','[-56,-19]','[10,6]','[-9,-3]','[40,-24]','[-36,0]','[0,34]','[-5,17]','[291,124]','[98,109]'),(287,387,'bnbdxfioqxtt','3','[-95,51]','[-45,92]','[11,-7]','[32,28]','[-104,18]','[-83,4]','[-107,39]','[-67,59]','[-71,32]','[8,28]','[-79,0]','[-89,80]','[-86,80]','[293,49]','[113,125]'),(288,388,'vcftaofxkvgk','2','[64,72]','[59,73]','[11,23]','[15,25]','[12,-2]','[-5,-37]','[-29,53]','[-47,10]','[66,32]','[5,8]','[66,0]','[-6,42]','[-8,41]','[195,66]','[106,123]'),(289,389,'ikwmknqjpvkg','2','[47,59]','[71,66]','[11,23]','[33,-8]','[-7,6]','[-41,-34]','[-16,64]','[27,-22]','[40,45]','[16,0]','[14,0]','[20,45]','[20,45]','[130,73]','[143,148]'),(290,390,'uuxoixtoemiv','2','[-31,86]','[-1,91]','[11,23]','[16,-2]','[-45,24]','[-69,-40]','[-29,80]','[-111,7]','[-21,76]','[-52,32]','[-20,0]','[-73,67]','[-73,67]','[255,55]','[130,142]'),(291,391,'ufcqfujavyyg','1','[30,70]','[15,75]','[6,-7]','[44,-11]','[-4,15]','[-28,-13]','[14,75]','[-15,69]','[84,34]','[-42,7]','[5,0]','[-45,50]','[-55,50]','[238,65]','[110,116]'),(292,392,'hgitzuyaysvw','1','[-44,50]','[-66,55]','[6,-7]','[-10,-7]','[-80,-11]','[-54,-30]','[-73,41]','[-85,45]','[-59,19]','[-59,-13]','[-62,0]','[-148,21]','[-149,21]','[335,95]','[97,110]'),(293,393,'hfhcjjdyqyzn','4','[7,74]','[-12,49]','[29,10]','[29,7]','[-28,19]','[-43,-43]','[27,62]','[-43,54]','[2,65]','[-48,-10]','[42,0]','[-65,58]','[-18,38]','[217,83]','[106,131]'),(294,394,'ssvrjquubpim','5','[-4,84]','[-4,84]','[18,7]','[28,7]','[16,16]','[16,16]','[30,84]','[0,84]','[20,80]','[20,40]','[20,0]','[32,56]','[32,56]','[140,43]','[136,139]'),(295,395,'qgkmjgfbanxl','1','[43,47]','[104,55]','[10,1]','[52,4]','[43,13]','[60,-2]','[8,35]','[28,56]','[17,36]','[37,28]','[53,0]','[66,42]','[65,42]','[188,95]','[115,124]'),(296,121,'kavryopoywwx','2','[30,70]','[15,75]','[6,-7]','[44,-11]','[-4,15]','[-28,-13]','[14,75]','[-15,69]','[32,59]','[-42,7]','[5,0]','[-45,50]','[-15,50]','[248,67]','[113,120]'),(297,122,'jhefpwucyxiq','2','[-44,50]','[-36,55]','[26,-7]','[10,-7]','[-80,-11]','[-54,-30]','[-73,41]','[-85,45]','[-59,19]','[-59,-13]','[-62,0]','[-48,21]','[-49,21]','[298,101]','[102,111]'),(300,396,'ukwcjqlolezy','4','[16,62]','[16,62]','[28,22]','[34,30]','[16,-31]','[-4,-4]','[29,24]','[29,24]','[65,50]','[10,0]','[40,0]','[-10,27]','[29,21]','[205,80]','[113,118]'),(301,397,'ijhrnvnbqkmj','1','[6,12]','[-4,62]','[24,-8]','[26,0]','[6,-44]','[6,-24]','[-10,-8]','[-40,32]','[40,0]','[-20,-10]','[0,0]','[0,16]','[0,44]','[174,138]','[144,143]'),(302,398,'bbgkikxppksy','1','[-24,82]','[-94,102]','[6,6]','[28,7]','[-49,4]','[-64,6]','[-20,52]','[-50,72]','[0,70]','[-60,40]','[-20,0]','[-20,64]','[-40,110]','[271,47]','[125,145]'),(303,399,'gekgxdsvrliq','1','[36,52]','[36,88]','[44,-12]','[32,-8]','[70,16]','[24,16]','[29,24]','[32,72]','[120,40]','[16,28]','[80,0]','[72,40]','[32,72]','[149,93]','[129,131]'),(304,400,'lovstgcfspwr','1','[36,112]','[40,112]','[20,-6]','[40,-8]','[44,56]','[44,16]','[34,68]','[48,92]','[96,96]','[56,52]','[56,0]','[36,96]','[60,104]','[169,33]','[117,137]'),(305,401,'cmpqwemjahur','1','[-64,76]','[-32,136]','[8,8]','[20,12]','[-84,16]','[-64,32]','[-72,48]','[-40,112]','[-32,72]','[-48,84]','[-80,0]','[-120,60]','[-64,120]','[290,60]','[118,126]'),(306,402,'hvnqlrdovfqe','1','[64,64]','[24,140]','[48,0]','[48,16]','[56,24]','[16,64]','[80,48]','[16,112]','[120,60]','[32,88]','[64,0]','[72,80]','[32,112]','[87,80]','[122,129]'),(307,403,'acajrnrqxplq','1','[32,72]','[16,136]','[24,0]','[44,24]','[0,24]','[8,56]','[-24,48]','[0,112]','[16,60]','[16,80]','[-24,0]','[16,72]','[32,104]','[209,64]','[119,127]'),(308,404,'ozjrctjajnpx','4','[16,60]','[-16,52]','[16,0]','[40,-16]','[40,8]','[-24,0]','[32,48]','[-8,48]','[64,48]','[-8,-8]','[48,0]','[48,64]','[16,64]','[167,76]','[119,125]'),(309,405,'xwjlobdutrwv','5','[0,52]','[0,80]','[8,0]','[12,0]','[16,16]','[0,-24]','[48,48]','[0,32]','[48,26]','[0,0]','[32,0]','[56,48]','[16,32]','[146,100]','[119,120]'),(310,406,'vbuxfozqoemo','1','[48,144]','[64,128]','[16,0]','[24,8]','[48,64]','[72,32]','[48,112]','[64,112]','[64,112]','[64,48]','[32,0]','[48,112]','[80,112]','[168,24]','[112,112]'),(311,407,'vksfcnchqurh','1','[48,144]','[64,128]','[16,0]','[24,8]','[48,64]','[72,32]','[48,112]','[64,112]','[64,112]','[64,48]','[32,0]','[48,112]','[80,112]','[168,24]','[112,112]'),(312,408,'ojkgkujsenly','9','[16,120]','[64,152]','[24,8]','[40,8]','[16,48]','[56,56]','[32,96]','[64,112]','[48,96]','[64,40]','[8,0]','[0,80]','[64,80]','[176,56]','[112,112]'),(313,409,'jdyqtxzmsyng','5','[128,136]','[128,136]','[24,8]','[24,8]','[96,64]','[80,48]','[64,112]','[64,112]','[96,112]','[96,112]','[48,0]','[96,112]','[96,112]','[144,-16]','[144,128]'),(314,410,'kbdewgsfrkra','1','[-32,104]','[40,128]','[16,16]','[32,32]','[-64,48]','[-24,40]','[-64,96]','[-8,128]','[-8,112]','[32,96]','[-64,0]','[-32,96]','[32,96]','[256,32]','[112,112]'),(315,0,'igezlfrivcar','1','[0,0]','[0,0]','[0,0]','[0,0]','[0,0]','[0,0]','[0,0]','[0,0]','[0,0]','[0,0]','[0,0]','[0,0]','[0,0]','[0,0]','[0,0]'),(316,411,'cpcycglgelxd','1','[96,116]','[64,98]','[8,8]','[24,0]','[72,44]','[32,18]','[64,76]','[48,82]','[72,92]','[48,66]','[48,0]','[64,84]','[64,66]','[144,28]','[144,164]'),(317,412,'exedxncqauws','5','[80,96]','[48,80]','[0,8]','[8,0]','[32,64]','[-16,16]','[32,96]','[-16,64]','[80,96]','[64,48]','[48,0]','[32,96]','[32,64]','[160,32]','[144,144]'),(318,190,'rjtnzguullvo','2','[-16,128]','[80,144]','[16,16]','[36,16]','[-56,48]','[64,32]','[-32,112]','[64,128]','[-16,112]','[80,128]','[-32,0]','[-32,112]','[48,112]','[208,8]','[160,144]'),(319,191,'kadfixosusrf','4','[48,144]','[64,144]','[8,16]','[64,-32]','[-8,72]','[32,64]','[0,128]','[48,128]','[32,128]','[64,128]','[0,0]','[32,128]','[48,128]','[192,0]','[128,112]'),(320,413,'dyupugfxshtd','1','[32,144]','[-8,140]','[8,12]','[24,24]','[-8,72]','[-16,56]','[0,128]','[-16,128]','[32,112]','[16,112]','[0,0]','[32,128]','[-8,128]','[208,0]','[112,112]'),(321,414,'gixbrtnuabge','8','[-16,96]','[-32,152]','[32,4]','[40,8]','[-16,40]','[-64,80]','[-24,72]','[-48,128]','[24,64]','[-16,128]','[-16,0]','[24,64]','[-24,128]','[200,40]','[128,104]'),(322,415,'svglgiwjfyxn','2','[144,144]','[104,152]','[8,8]','[40,4]','[144,72]','[96,48]','[176,128]','[128,144]','[176,120]','[128,128]','[136,0]','[176,128]','[128,144]','[0,0]','[128,120]'),(323,416,'cispmgxqaedk','2','[128,144]','[104,64]','[24,12]','[48,-20]','[96,80]','[64,-36]','[80,128]','[64,40]','[112,112]','[112,16]','[96,0]','[96,128]','[80,32]','[80,0]','[128,112]'),(324,417,'uvfgjekdjlcw','1','[-40,92]','[-56,104]','[4,8]','[16,8]','[-48,40]','[-64,48]','[-16,96]','[-32,104]','[-16,72]','[-32,80]','[-40,0]','[0,96]','[-32,104]','[212,64]','[120,104]'),(325,418,'xomrbwrvjwfv','1','[-24,108]','[32,160]','[0,0]','[24,-8]','[-56,72]','[-16,56]','[-32,96]','[8,144]','[-24,92]','[24,128]','[-48,0]','[-16,96]','[32,144]','[256,48]','[120,112]'),(326,204,'xoiprnaxqxbj','9','[0,48]','[0,56]','[8,-32]','[12,-24]','[-64,-32]','[-64,-24]','[-32,32]','[-64,40]','[-24,8]','[-24,8]','[-40,0]','[-32,24]','[-32,32]','[256,104]','[112,88]'),(327,419,'vdieczinfgce','8','[-16,120]','[32,128]','[12,4]','[32,8]','[-56,64]','[-16,64]','[0,112]','[-16,112]','[-32,96]','[32,96]','[-64,0]','[-32,104]','[-32,112]','[256,16]','[120,112]'),(328,420,'pyfdxrfqwldn','4','[120,56]','[80,128]','[12,-8]','[40,-8]','[80,-8]','[48,8]','[88,48]','[64,96]','[96,32]','[80,80]','[88,0]','[112,48]','[64,104]','[112,88]','[112,128]'),(329,421,'qegrehgswrpg','8','[96,144]','[96,144]','[4,12]','[24,20]','[64,96]','[64,72]','[56,144]','[80,144]','[72,120]','[112,120]','[56,0]','[80,128]','[112,128]','[128,-8]','[120,112]'),(330,422,'tubwmcjwtlqx','6','[40,128]','[96,136]','[20,16]','[32,-8]','[16,72]','[80,48]','[48,112]','[80,120]','[32,104]','[96,112]','[16,0]','[48,112]','[80,128]','[184,24]','[112,112]'),(331,202,'gmlbignzjwmq','2','[80,124]','[24,160]','[24,12]','[32,-8]','[40,64]','[-32,-16]','[48,112]','[8,80]','[64,96]','[32,32]','[32,0]','[64,104]','[48,48]','[160,24]','[112,112]'),(332,0,'fgyvwqymkekn','1','[0,0]','[0,0]','[0,0]','[0,0]','[0,0]','[0,0]','[0,0]','[0,0]','[0,0]','[0,0]','[0,0]','[0,0]','[0,0]','[0,0]','[0,0]'),(333,0,'fwywlrdttcoc','1','[0,0]','[0,0]','[0,0]','[0,0]','[0,0]','[0,0]','[0,0]','[0,0]','[0,0]','[0,0]','[0,0]','[0,0]','[0,0]','[0,0]','[0,0]'),(334,504,'dfrmfmjvschh','2','[100,100]','[-32,208]','[16,-8]','[24,0]','[64,56]','[-48,80]','[64,96]','[-80,144]','[80,80]','[-48,144]','[48,0]','[80,96]','[-40,160]','[144,40]','[144,136]'),(335,0,'fuzvvipztlod','1','[0,0]','[0,0]','[0,0]','[0,0]','[0,0]','[0,0]','[0,0]','[0,0]','[0,0]','[0,0]','[0,0]','[0,0]','[0,0]','[0,0]','[0,0]'),(336,0,'nyveugfueqrn','1','[0,0]','[0,0]','[0,0]','[0,0]','[0,0]','[0,0]','[0,0]','[0,0]','[0,0]','[0,0]','[0,0]','[0,0]','[0,0]','[0,0]','[0,0]'),(337,0,'ospkpclnhxkj','1','[0,0]','[0,0]','[0,0]','[0,0]','[0,0]','[0,0]','[0,0]','[0,0]','[0,0]','[0,0]','[0,0]','[0,0]','[0,0]','[0,0]','[0,0]'),(338,0,'yotuoourymyr','1','[0,0]','[0,0]','[0,0]','[0,0]','[0,0]','[0,0]','[0,0]','[0,0]','[0,0]','[0,0]','[0,0]','[0,0]','[0,0]','[0,0]','[0,0]'),(339,0,'utbekttrwkug','1','[0,0]','[0,0]','[0,0]','[0,0]','[0,0]','[0,0]','[0,0]','[0,0]','[0,0]','[0,0]','[0,0]','[0,0]','[0,0]','[0,0]','[0,0]'),(340,0,'tmodouudtfbl','1','[0,0]','[0,0]','[0,0]','[0,0]','[0,0]','[0,0]','[0,0]','[0,0]','[0,0]','[0,0]','[0,0]','[0,0]','[0,0]','[0,0]','[0,0]'),(341,0,'zzjoppqteksh','1','[0,0]','[0,0]','[0,0]','[0,0]','[0,0]','[0,0]','[0,0]','[0,0]','[0,0]','[0,0]','[0,0]','[0,0]','[0,0]','[0,0]','[0,0]'),(342,0,'rybmohpldpuq','1','[0,0]','[0,0]','[0,0]','[0,0]','[0,0]','[0,0]','[0,0]','[0,0]','[0,0]','[0,0]','[0,0]','[0,0]','[0,0]','[0,0]','[0,0]'),(343,423,'kexcbmpnmmwv','4','[120,120]','[96,120]','[12,-8]','[32,4]','[64,64]','[48,32]','[64,112]','[80,96]','[96,96]','[80,80]','[64,0]','[80,112]','[80,112]','[128,24]','[144,104]'),(344,424,'jozbiyweyksl','3','[0,120]','[120,120]','[8,-16]','[64,32]','[-48,64]','[64,32]','[-32,112]','[112,96]','[-32,104]','[112,80]','[-48,0]','[0,112]','[128,104]','[256,36]','[128,128]'),(398,498,'dyfnguymthbd','2','[-16,-48]','[-16,-48]','[10,-40]','[28,-32]','[-24,-104]','[-24,-124]','[-20,-88]','[-20,-88]','[-3,-40]','[-60,-90]','[-3,0]','[16,-48]','[16,-48]','[248,175]','[142,162]'),(399,499,'hosmgvuzyjlw','1','[-32,32]','[-32,32]','[10,-32]','[28,-16]','[-49,-4]','[-11,-34]','[-22,48]','[-49,50]','[-3,42]','[-40,1]','[-40,0]','[-14,38]','[-14,38]','[265,94]','[125,143]'),(400,500,'fggcskrfkpnr','1','[64,104]','[64,104]','[16,-8]','[24,8]','[56,32]','[56,32]','[32,64]','[32,64]','[56,72]','[56,20]','[-48,0]','[48,80]','[48,80]','[161,79]','[139,131]'),(401,501,'jwrlielrnfpr','1','[56,128]','[56,128]','[-4,-8]','[16,8]','[56,64]','[56,64]','[56,96]','[56,96]','[96,120]','[80,68]','[48,0]','[64,112]','[64,112]','[157,22]','[119,134]'),(402,502,'nrdgjqcgecmg','1','[128,128]','[128,168]','[24,0]','[72,-8]','[128,72]','[112,96]','[128,128]','[144,128]','[168,120]','[144,72]','[128,0]','[144,112]','[144,128]','[48,0]','[148,139]'),(403,503,'tuvoqtqrddem','1','[-32,128]','[-32,128]','[24,8]','[40,24]','[16,64]','[16,64]','[32,112]','[32,112]','[48,112]','[48,72]','[16,0]','[16,96]','[32,96]','[170,8]','[114,123]'),(404,201,'xgoisifuerjd','1','[56,120]','[56,172]','[24,-4]','[24,-8]','[0,64]','[16,64]','[24,112]','[40,128]','[32,96]','[48,128]','[16,0]','[48,100]','[48,128]','[184,24]','[120,120]'),(405,205,'dbtrdgatxdpl','1','[64,88]','[40,56]','[0,16]','[24,-16]','[24,40]','[8,-16]','[32,96]','[0,56]','[48,64]','[48,32]','[24,0]','[48,80]','[48,40]','[160,96]','[104,96]'),(406,206,'rqsbaiaqlunp','2','[56,88]','[112,128]','[32,0]','[24,8]','[0,48]','[72,48]','[24,80]','[112,128]','[32,64]','[112,96]','[16,0]','[48,72]','[96,104]','[192,64]','[112,104]'),(407,207,'fsgwccpesgfh','6','[56,112]','[64,96]','[8,8]','[20,-24]','[32,64]','[48,16]','[32,112]','[32,72]','[32,80]','[80,64]','[16,0]','[24,112]','[32,72]','[176,48]','[128,128]'),(408,208,'yyyfqcpumpxj','3','[40,72]','[56,112]','[24,24]','[36,24]','[-8,56]','[16,48]','[-24,72]','[0,112]','[24,56]','[40,104]','[-8,0]','[24,64]','[32,104]','[176,64]','[128,104]'),(409,209,'kgwxvcnblfjb','1','[-40,92]','[-56,104]','[4,8]','[16,8]','[-48,40]','[-64,48]','[-16,96]','[-32,104]','[-16,72]','[-32,80]','[-40,0]','[0,96]','[-32,104]','[212,64]','[120,104]'),(410,210,'gdbwncyaopob','1','[-24,108]','[32,160]','[0,0]','[24,-8]','[-56,72]','[-16,56]','[-32,96]','[8,144]','[-24,92]','[24,128]','[-48,0]','[-16,96]','[32,144]','[256,48]','[120,112]'),(411,211,'gmnsxwkdssmj','3','[-16,104]','[-64,136]','[24,-8]','[32,-16]','[-40,60]','[-112,56]','[-40,88]','[-104,128]','[-8,92]','[-64,120]','[-32,0]','[0,96]','[-72,96]','[232,32]','[120,112]'),(412,212,'xjsgvmgfleuu','3','[-80,88]','[-64,152]','[0,-12]','[0,-20]','[-120,24]','[-96,48]','[-96,64]','[-104,128]','[-64,64]','[-64,120]','[-96,0]','[-64,64]','[-72,128]','[320,64]','[128,112]'),(413,213,'xjtxwkwwfdze','8','[-16,120]','[32,128]','[12,4]','[32,8]','[-56,64]','[-16,64]','[0,112]','[-16,112]','[-32,96]','[32,96]','[-64,0]','[-32,104]','[-32,112]','[256,16]','[120,112]'),(414,214,'xthvimkarzgq','4','[120,56]','[80,128]','[12,-8]','[40,-8]','[80,-8]','[48,8]','[88,48]','[64,96]','[96,32]','[80,80]','[88,0]','[112,48]','[64,104]','[112,88]','[112,128]'),(415,215,'skmmrmdljugc','8','[96,144]','[96,144]','[4,12]','[24,20]','[64,96]','[64,72]','[56,144]','[80,144]','[72,120]','[112,120]','[56,0]','[80,128]','[112,128]','[128,-8]','[120,112]'),(416,216,'vqdgxtrgintc','7','[32,144]','[64,152]','[8,8]','[32,0]','[8,80]','[36,64]','[-8,128]','[40,152]','[24,128]','[64,144]','[0,0]','[16,128]','[48,136]','[208,-8]','[96,104]'),(417,0,'riiwaegupstv','1','[0,0]','[0,0]','[0,0]','[0,0]','[0,0]','[0,0]','[0,0]','[0,0]','[0,0]','[0,0]','[0,0]','[0,0]','[0,0]','[0,0]','[0,0]'),(418,0,'uhbkffblgplp','1','[0,0]','[0,0]','[0,0]','[0,0]','[0,0]','[0,0]','[0,0]','[0,0]','[0,0]','[0,0]','[0,0]','[0,0]','[0,0]','[0,0]','[0,0]'),(419,219,'ufgydlyjdaxb','4','[72,56]','[36,36]','[28,-20]','[40,-32]','[40,0]','[40,-40]','[64,40]','[32,32]','[64,32]','[48,8]','[48,0]','[64,40]','[64,16]','[128,96]','[160,128]'),(420,220,'ugxgvgtjsxud','2','[136,48]','[136,72]','[48,0]','[64,8]','[64,16]','[64,8]','[48,24]','[48,48]','[112,8]','[112,32]','[48,0]','[56,32]','[64,56]','[120,112]','[120,104]'),(421,221,'wkvdcpaogfii','6','[40,128]','[96,136]','[20,16]','[32,-8]','[16,72]','[80,48]','[48,112]','[80,120]','[32,104]','[96,112]','[16,0]','[48,112]','[80,128]','[184,24]','[112,112]'),(422,0,'fvcfdjvmxlko','1','[0,0]','[0,0]','[0,0]','[0,0]','[0,0]','[0,0]','[0,0]','[0,0]','[0,0]','[0,0]','[0,0]','[0,0]','[0,0]','[0,0]','[0,0]'),(423,0,'uscckqoguchc','1','[0,0]','[0,0]','[0,0]','[0,0]','[0,0]','[0,0]','[0,0]','[0,0]','[0,0]','[0,0]','[0,0]','[0,0]','[0,0]','[0,0]','[0,0]'),(424,0,'hvxoppojkyge','1','[0,0]','[0,0]','[0,0]','[0,0]','[0,0]','[0,0]','[0,0]','[0,0]','[0,0]','[0,0]','[0,0]','[0,0]','[0,0]','[0,0]','[0,0]'),(425,225,'cdsgjcufyxlz','2','[0,120]','[120,120]','[8,-16]','[64,32]','[-48,64]','[64,32]','[-32,112]','[112,96]','[-32,104]','[112,80]','[-48,0]','[0,112]','[128,104]','[256,36]','[128,128]'),(426,226,'rtkekdbkqrkg','5','[96,20]','[96,20]','[40,16]','[56,24]','[72,-44]','[64,-68]','[80,8]','[80,8]','[88,8]','[88,8]','[64,0]','[96,0]','[96,0]','[96,120]','[136,136]'),(427,227,'jcrdsdpsjcgj','2','[-56,144]','[24,148]','[-16,-4]','[-12,-8]','[-112,80]','[-16,48]','[-64,144]','[-16,144]','[-64,136]','[0,128]','[-96,0]','[-48,128]','[0,128]','[288,-4]','[144,120]'),(428,228,'xljtrrmemnon','3','[48,112]','[72,168]','[12,-16]','[36,-8]','[0,60]','[16,68]','[0,88]','[32,144]','[32,88]','[48,136]','[-16,0]','[32,88]','[48,128]','[200,16]','[160,152]'),(429,229,'zgscfjpbxnir','3','[80,96]','[56,200]','[24,-8]','[32,-8]','[40,64]','[0,24]','[40,104]','[40,120]','[64,80]','[64,72]','[32,0]','[64,96]','[80,88]','[160,24]','[112,128]'),(430,0,'bohmlbbvqtfs','1','[0,0]','[0,0]','[0,0]','[0,0]','[0,0]','[0,0]','[0,0]','[0,0]','[0,0]','[0,0]','[0,0]','[0,0]','[0,0]','[0,0]','[0,0]'),(431,231,'ksvosfducgbe','1','[100,100]','[-32,208]','[16,-8]','[24,0]','[64,56]','[-48,80]','[64,96]','[-80,144]','[80,80]','[-48,144]','[48,0]','[80,96]','[-40,160]','[144,40]','[144,136]'),(432,0,'tepoqqczfonx','1','[0,0]','[0,0]','[0,0]','[0,0]','[0,0]','[0,0]','[0,0]','[0,0]','[0,0]','[0,0]','[0,0]','[0,0]','[0,0]','[0,0]','[0,0]'),(433,0,'qtuuhjmqmvfh','1','[0,0]','[0,0]','[0,0]','[0,0]','[0,0]','[0,0]','[0,0]','[0,0]','[0,0]','[0,0]','[0,0]','[0,0]','[0,0]','[0,0]','[0,0]'),(434,234,'idhoawqrgkqh','1','[152,120]','[208,104]','[24,4]','[24,-12]','[104,80]','[136,24]','[96,104]','[152,88]','[128,96]','[176,72]','[104,0]','[112,96]','[160,80]','[96,24]','[128,120]'),(435,235,'ygqdfllpkbee','1','[40,140]','[80,160]','[4,4]','[8,-24]','[0,96]','[16,88]','[0,128]','[32,144]','[32,112]','[48,144]','[16,0]','[40,128]','[64,144]','[176,4]','[144,128]'),(436,236,'wnibjvejengh','2','[104,160]','[128,156]','[0,-12]','[24,-4]','[56,88]','[72,64]','[56,144]','[80,144]','[64,128]','[96,128]','[48,0]','[96,136]','[96,144]','[144,-12]','[128,112]'),(501,0,'mtjmdcwtvhdr','2','[0,0]','[0,0]','[0,0]','[0,0]','[0,0]','[0,0]','[0,0]','[0,0]','[0,0]','[0,0]','[0,0]','[82,151]','[82,151]','[0,0]','[0,0]'),(502,0,'pbgkfylkbjuy','2','[0,0]','[0,0]','[0,0]','[0,0]','[0,0]','[0,0]','[0,0]','[0,0]','[0,0]','[0,0]','[0,0]','[100,139]','[100,139]','[0,0]','[0,0]'),(503,0,'pcumlrymlujh','2','[0,0]','[0,0]','[0,0]','[0,0]','[0,0]','[0,0]','[0,0]','[0,0]','[0,0]','[0,0]','[0,0]','[254,81]','[254,81]','[0,0]','[0,0]'),(504,0,'itbrdpdbkynm','2','[0,0]','[0,0]','[0,0]','[0,0]','[0,0]','[0,0]','[0,0]','[0,0]','[0,0]','[0,0]','[0,0]','[239,19]','[239,19]','[0,0]','[0,0]'),(505,0,'itslcqtmrxtf','2','[0,0]','[0,0]','[0,0]','[0,0]','[0,0]','[0,0]','[0,0]','[0,0]','[0,0]','[0,0]','[0,0]','[125,1]','[125,1]','[0,0]','[0,0]'),(506,0,'wuhnhojjxmke','2','[0,0]','[0,0]','[0,0]','[0,0]','[0,0]','[0,0]','[0,0]','[0,0]','[0,0]','[0,0]','[0,0]','[93,11]','[93,11]','[0,0]','[0,0]'),(507,0,'xlqcmisdyfiu','2','[0,0]','[0,0]','[0,0]','[0,0]','[0,0]','[0,0]','[0,0]','[0,0]','[0,0]','[0,0]','[0,0]','[72,12]','[72,12]','[0,0]','[0,0]'),(508,0,'mcouotbbbzpx','2','[0,0]','[0,0]','[0,0]','[0,0]','[0,0]','[0,0]','[0,0]','[0,0]','[0,0]','[0,0]','[0,0]','[79,115]','[79,115]','[0,0]','[0,0]'),(509,0,'iwztvmesrrju','2','[0,0]','[0,0]','[0,0]','[0,0]','[0,0]','[0,0]','[0,0]','[0,0]','[0,0]','[0,0]','[0,0]','[73,95]','[73,95]','[0,0]','[0,0]'),(510,0,'slxvncxmexin','2','[0,0]','[0,0]','[0,0]','[0,0]','[0,0]','[0,0]','[0,0]','[0,0]','[0,0]','[0,0]','[0,0]','[101,21]','[101,21]','[0,0]','[0,0]'),(511,0,'pijdvoaebmxm','2','[0,0]','[0,0]','[0,0]','[0,0]','[0,0]','[0,0]','[0,0]','[0,0]','[0,0]','[0,0]','[0,0]','[61,99]','[61,99]','[0,0]','[0,0]'),(512,0,'yalxvbxgbojg','2','[0,0]','[0,0]','[0,0]','[0,0]','[0,0]','[0,0]','[0,0]','[0,0]','[0,0]','[0,0]','[0,0]','[175,47]','[175,47]','[0,0]','[0,0]'),(513,0,'mednanfcfkil','2','[0,0]','[0,0]','[0,0]','[0,0]','[0,0]','[0,0]','[0,0]','[0,0]','[0,0]','[0,0]','[0,0]','[111,52]','[111,52]','[0,0]','[0,0]'),(514,0,'eusutfvohllh','3','[0,0]','[0,0]','[0,0]','[0,0]','[0,0]','[0,0]','[0,0]','[0,0]','[0,0]','[0,0]','[0,0]','[-33,67]','[-33,67]','[0,0]','[0,0]'),(515,0,'tizkiyetefqx','2','[0,0]','[0,0]','[0,0]','[0,0]','[0,0]','[0,0]','[0,0]','[0,0]','[0,0]','[0,0]','[0,0]','[45,-67]','[45,-67]','[0,0]','[0,0]'),(516,0,'ycjcuuqbxywj','2','[0,0]','[0,0]','[0,0]','[0,0]','[0,0]','[0,0]','[0,0]','[0,0]','[0,0]','[0,0]','[0,0]','[193,-41]','[193,-41]','[0,0]','[0,0]'),(517,0,'zujcpyhiwhfk','2','[0,0]','[0,0]','[0,0]','[0,0]','[0,0]','[0,0]','[0,0]','[0,0]','[0,0]','[0,0]','[0,0]','[185,-69]','[185,-69]','[0,0]','[0,0]'),(518,0,'nylazbctwxxb','2','[0,0]','[0,0]','[0,0]','[0,0]','[0,0]','[0,0]','[0,0]','[0,0]','[0,0]','[0,0]','[0,0]','[68,-108]','[68,-108]','[0,0]','[0,0]'),(519,0,'thxxajqkbcea','2','[0,0]','[0,0]','[0,0]','[0,0]','[0,0]','[0,0]','[0,0]','[0,0]','[0,0]','[0,0]','[0,0]','[-86,-11]','[-86,-11]','[0,0]','[0,0]'),(520,0,'vxeposgfnulm','2','[0,0]','[0,0]','[0,0]','[0,0]','[0,0]','[0,0]','[0,0]','[0,0]','[0,0]','[0,0]','[0,0]','[10,-75]','[10,-75]','[0,0]','[0,0]'),(521,0,'kkdcshdnoqvd','2','[0,0]','[0,0]','[0,0]','[0,0]','[0,0]','[0,0]','[0,0]','[0,0]','[0,0]','[0,0]','[0,0]','[39,-9]','[39,-9]','[0,0]','[0,0]'),(522,0,'jgdkktwkyoep','2','[0,0]','[0,0]','[0,0]','[0,0]','[0,0]','[0,0]','[0,0]','[0,0]','[0,0]','[0,0]','[0,0]','[6,25]','[6,25]','[0,0]','[0,0]'),(523,0,'glsvfugrtdlv','2','[0,0]','[0,0]','[0,0]','[0,0]','[0,0]','[0,0]','[0,0]','[0,0]','[0,0]','[0,0]','[0,0]','[54,-20]','[54,-20]','[0,0]','[0,0]'),(524,0,'jnaynrbswxny','2','[0,0]','[0,0]','[0,0]','[0,0]','[0,0]','[0,0]','[0,0]','[0,0]','[0,0]','[0,0]','[0,0]','[-20,19]','[-20,19]','[0,0]','[0,0]'),(525,0,'lreivfnxjfik','2','[0,0]','[0,0]','[0,0]','[0,0]','[0,0]','[0,0]','[0,0]','[0,0]','[0,0]','[0,0]','[0,0]','[120,-19]','[120,-19]','[0,0]','[0,0]'),(526,0,'nfbfnyqdswvz','2','[0,0]','[0,0]','[0,0]','[0,0]','[0,0]','[0,0]','[0,0]','[0,0]','[0,0]','[0,0]','[0,0]','[17,22]','[17,22]','[0,0]','[0,0]'),(527,0,'cdgslqaonpst','2','[0,0]','[0,0]','[0,0]','[0,0]','[0,0]','[0,0]','[0,0]','[0,0]','[0,0]','[0,0]','[0,0]','[9,-37]','[9,-37]','[0,0]','[0,0]'),(528,0,'kcjagtsviiyn','2','[0,0]','[0,0]','[0,0]','[0,0]','[0,0]','[0,0]','[0,0]','[0,0]','[0,0]','[0,0]','[0,0]','[72,-85]','[72,-85]','[0,0]','[0,0]'),(529,0,'crlyrpscrtad','2','[0,0]','[0,0]','[0,0]','[0,0]','[0,0]','[0,0]','[0,0]','[0,0]','[0,0]','[0,0]','[0,0]','[-45,-10]','[-45,-10]','[0,0]','[0,0]'),(530,0,'zsrtdiesnmum','2','[0,0]','[0,0]','[0,0]','[0,0]','[0,0]','[0,0]','[0,0]','[0,0]','[0,0]','[0,0]','[0,0]','[11,140]','[11,140]','[0,0]','[0,0]'),(531,0,'jyofolfguclj','2','[0,0]','[0,0]','[0,0]','[0,0]','[0,0]','[0,0]','[0,0]','[0,0]','[0,0]','[0,0]','[0,0]','[120,17]','[120,17]','[0,0]','[0,0]'),(532,0,'ebutrlbzkktc','2','[0,0]','[0,0]','[0,0]','[0,0]','[0,0]','[0,0]','[0,0]','[0,0]','[0,0]','[0,0]','[0,0]','[-1,81]','[-1,81]','[0,0]','[0,0]'),(533,0,'ppdicscudnmo','2','[0,0]','[0,0]','[0,0]','[0,0]','[0,0]','[0,0]','[0,0]','[0,0]','[0,0]','[0,0]','[0,0]','[88,-65]','[88,-65]','[0,0]','[0,0]'),(534,0,'duwuexijckgq','2','[0,0]','[0,0]','[0,0]','[0,0]','[0,0]','[0,0]','[0,0]','[0,0]','[0,0]','[0,0]','[0,0]','[-3,89]','[-3,89]','[0,0]','[0,0]'),(535,0,'nvaipajbkgjn','2','[0,0]','[0,0]','[0,0]','[0,0]','[0,0]','[0,0]','[0,0]','[0,0]','[0,0]','[0,0]','[0,0]','[87,-66]','[87,-66]','[0,0]','[0,0]'),(536,0,'cchowgdxysfu','2','[0,0]','[0,0]','[0,0]','[0,0]','[0,0]','[0,0]','[0,0]','[0,0]','[0,0]','[0,0]','[0,0]','[68,40]','[68,40]','[0,0]','[0,0]'),(537,0,'matbibgdovof','2','[0,0]','[0,0]','[0,0]','[0,0]','[0,0]','[0,0]','[0,0]','[0,0]','[0,0]','[0,0]','[0,0]','[13,-23]','[13,-23]','[0,0]','[0,0]'),(538,0,'murfwykjiuog','2','[0,0]','[0,0]','[0,0]','[0,0]','[0,0]','[0,0]','[0,0]','[0,0]','[0,0]','[0,0]','[0,0]','[89,44]','[89,44]','[0,0]','[0,0]'),(539,0,'cyfiwlhsgdji','2','[0,0]','[0,0]','[0,0]','[0,0]','[0,0]','[0,0]','[0,0]','[0,0]','[0,0]','[0,0]','[0,0]','[7,44]','[7,44]','[0,0]','[0,0]'),(540,0,'vewvgeiqybub','2','[0,0]','[0,0]','[0,0]','[0,0]','[0,0]','[0,0]','[0,0]','[0,0]','[0,0]','[0,0]','[0,0]','[-81,-10]','[-81,-10]','[0,0]','[0,0]'),(541,0,'mqzxufdjdjju','1','[0,0]','[0,0]','[0,0]','[0,0]','[0,0]','[0,0]','[0,0]','[0,0]','[0,0]','[0,0]','[0,0]','[-45,115]','[-45,115]','[0,0]','[0,0]'),(542,0,'whhduavjmdki','1','[0,0]','[0,0]','[0,0]','[0,0]','[0,0]','[0,0]','[0,0]','[0,0]','[0,0]','[0,0]','[0,0]','[-45,103]','[-45,103]','[0,0]','[0,0]'),(543,0,'zpzqybyepyte','1','[0,0]','[0,0]','[0,0]','[0,0]','[0,0]','[0,0]','[0,0]','[0,0]','[0,0]','[0,0]','[0,0]','[-45,103]','[-45,103]','[0,0]','[0,0]'),(544,0,'jndnkhfjvnjo','1','[0,0]','[0,0]','[0,0]','[0,0]','[0,0]','[0,0]','[0,0]','[0,0]','[0,0]','[0,0]','[0,0]','[7,44]','[7,44]','[0,0]','[0,0]'),(545,0,'pnvdeewbfyfh','1','[0,0]','[0,0]','[0,0]','[0,0]','[0,0]','[0,0]','[0,0]','[0,0]','[0,0]','[0,0]','[0,0]','[-192,0]','[-192,0]','[0,0]','[0,0]'),(546,0,'jcgarujexcrf','1','[0,0]','[0,0]','[0,0]','[0,0]','[0,0]','[0,0]','[0,0]','[0,0]','[0,0]','[0,0]','[0,0]','[7,64]','[7,64]','[0,0]','[0,0]'),(547,0,'jmlbqlrnajyq','1','[0,0]','[0,0]','[0,0]','[0,0]','[0,0]','[0,0]','[0,0]','[0,0]','[0,0]','[0,0]','[0,0]','[7,68]','[7,68]','[0,0]','[0,0]'),(548,0,'vooogzpoblwf','1','[0,0]','[0,0]','[0,0]','[0,0]','[0,0]','[0,0]','[0,0]','[0,0]','[0,0]','[0,0]','[0,0]','[7,44]','[7,44]','[0,0]','[0,0]'),(549,0,'bwlykdyyjurx','2','[0,0]','[0,0]','[0,0]','[0,0]','[0,0]','[0,0]','[0,0]','[0,0]','[0,0]','[0,0]','[0,0]','[7,44]','[7,44]','[0,0]','[0,0]'),(550,0,'fhjnljxxjpmk','2','[0,0]','[0,0]','[0,0]','[0,0]','[0,0]','[0,0]','[0,0]','[0,0]','[0,0]','[0,0]','[0,0]','[7,44]','[7,44]','[0,0]','[0,0]'),(551,0,'nmwnyjyfezro','2','[0,0]','[0,0]','[0,0]','[0,0]','[0,0]','[0,0]','[0,0]','[0,0]','[0,0]','[0,0]','[0,0]','[7,44]','[7,44]','[0,0]','[0,0]'),(552,0,'szdhvxpyljqe','1','[0,0]','[0,0]','[0,0]','[0,0]','[0,0]','[0,0]','[0,0]','[0,0]','[0,0]','[0,0]','[0,0]','[75,-11]','[75,-11]','[0,0]','[0,0]'),(553,0,'jhjcroxdngqe','1','[0,0]','[0,0]','[0,0]','[0,0]','[0,0]','[0,0]','[0,0]','[0,0]','[0,0]','[0,0]','[0,0]','[179,-49]','[179,-49]','[0,0]','[0,0]'),(554,0,'afrplxszsxit','1','[0,0]','[0,0]','[0,0]','[0,0]','[0,0]','[0,0]','[0,0]','[0,0]','[0,0]','[0,0]','[0,0]','[50,-149]','[50,-149]','[0,0]','[0,0]'),(555,0,'eswghzpycwxb','1','[0,0]','[0,0]','[0,0]','[0,0]','[0,0]','[0,0]','[0,0]','[0,0]','[0,0]','[0,0]','[0,0]','[-32,11]','[-32,11]','[0,0]','[0,0]'),(556,0,'qtygozpoceew','1','[0,0]','[0,0]','[0,0]','[0,0]','[0,0]','[0,0]','[0,0]','[0,0]','[0,0]','[0,0]','[0,0]','[96,64]','[96,64]','[0,0]','[0,0]'),(557,0,'glghkfswtxet','1','[0,0]','[0,0]','[0,0]','[0,0]','[0,0]','[0,0]','[0,0]','[0,0]','[0,0]','[0,0]','[0,0]','[32,32]','[32,32]','[0,0]','[0,0]'),(558,0,'okkjcahxfltg','1','[0,0]','[0,0]','[0,0]','[0,0]','[0,0]','[0,0]','[0,0]','[0,0]','[0,0]','[0,0]','[0,0]','[17,22]','[17,22]','[0,0]','[0,0]'),(559,0,'cojscoppbivn','1','[0,0]','[0,0]','[0,0]','[0,0]','[0,0]','[0,0]','[0,0]','[0,0]','[0,0]','[0,0]','[0,0]','[-16,-48]','[-16,-48]','[0,0]','[0,0]'),(560,0,'pcmfcidohwga','1','[0,0]','[0,0]','[0,0]','[0,0]','[0,0]','[0,0]','[0,0]','[0,0]','[0,0]','[0,0]','[0,0]','[-16,-112]','[-16,-112]','[0,0]','[0,0]'),(561,0,'tkcshwnsnsqr','1','[0,0]','[0,0]','[0,0]','[0,0]','[0,0]','[0,0]','[0,0]','[0,0]','[0,0]','[0,0]','[0,0]','[0,136]','[0,136]','[0,0]','[0,0]'),(562,0,'yrdhekgqgxtg','1','[0,0]','[0,0]','[0,0]','[0,0]','[0,0]','[0,0]','[0,0]','[0,0]','[0,0]','[0,0]','[0,0]','[-80,96]','[-80,96]','[0,0]','[0,0]'),(563,0,'lrjshshjmuym','1','[0,0]','[0,0]','[0,0]','[0,0]','[0,0]','[0,0]','[0,0]','[0,0]','[0,0]','[0,0]','[0,0]','[0,0]','[0,0]','[0,0]','[0,0]'),(564,0,'skifghbnovxl','1','[0,0]','[0,0]','[0,0]','[0,0]','[0,0]','[0,0]','[0,0]','[0,0]','[0,0]','[0,0]','[0,0]','[-33,-16]','[-33,-16]','[0,0]','[0,0]'),(565,0,'ckbtgxrnjvof','1','[0,0]','[0,0]','[0,0]','[0,0]','[0,0]','[0,0]','[0,0]','[0,0]','[0,0]','[0,0]','[0,0]','[72,-85]','[72,-85]','[0,0]','[0,0]'),(566,0,'lfpzrcpfngkf','1','[0,0]','[0,0]','[0,0]','[0,0]','[0,0]','[0,0]','[0,0]','[0,0]','[0,0]','[0,0]','[0,0]','[9,-37]','[9,-37]','[0,0]','[0,0]'),(567,0,'qyfevgdqedyw','1','[0,0]','[0,0]','[0,0]','[0,0]','[0,0]','[0,0]','[0,0]','[0,0]','[0,0]','[0,0]','[0,0]','[-45,-10]','[-45,-10]','[0,0]','[0,0]'),(568,0,'nklodnkbtplk','1','[0,0]','[0,0]','[0,0]','[0,0]','[0,0]','[0,0]','[0,0]','[0,0]','[0,0]','[0,0]','[0,0]','[0,0]','[0,0]','[0,0]','[0,0]'),(569,0,'tyrymrwgeovs','1','[0,0]','[0,0]','[0,0]','[0,0]','[0,0]','[0,0]','[0,0]','[0,0]','[0,0]','[0,0]','[0,0]','[0,0]','[0,0]','[0,0]','[0,0]'),(570,0,'qfwkvipzxqey','1','[0,0]','[0,0]','[0,0]','[0,0]','[0,0]','[0,0]','[0,0]','[0,0]','[0,0]','[0,0]','[0,0]','[11,140]','[11,140]','[0,0]','[0,0]'),(571,0,'gnnicfxddgut','1','[0,0]','[0,0]','[0,0]','[0,0]','[0,0]','[0,0]','[0,0]','[0,0]','[0,0]','[0,0]','[0,0]','[11,140]','[11,140]','[0,0]','[0,0]'),(572,0,'obxvexpgyajg','1','[0,0]','[0,0]','[0,0]','[0,0]','[0,0]','[0,0]','[0,0]','[0,0]','[0,0]','[0,0]','[0,0]','[11,140]','[11,140]','[0,0]','[0,0]'),(573,0,'mvqfkxbebqob','1','[0,0]','[0,0]','[0,0]','[0,0]','[0,0]','[0,0]','[0,0]','[0,0]','[0,0]','[0,0]','[0,0]','[-80,48]','[-80,48]','[0,0]','[0,0]'),(574,0,'ihfrerqprpro','1','[0,0]','[0,0]','[0,0]','[0,0]','[0,0]','[0,0]','[0,0]','[0,0]','[0,0]','[0,0]','[0,0]','[-64,48]','[-64,48]','[0,0]','[0,0]'),(575,0,'dsdrpxrroksm','1','[0,0]','[0,0]','[0,0]','[0,0]','[0,0]','[0,0]','[0,0]','[0,0]','[0,0]','[0,0]','[0,0]','[64,160]','[64,160]','[0,0]','[0,0]'),(576,0,'wnftypfgkdkr','1','[0,0]','[0,0]','[0,0]','[0,0]','[0,0]','[0,0]','[0,0]','[0,0]','[0,0]','[0,0]','[0,0]','[64,160]','[64,160]','[0,0]','[0,0]'),(577,0,'icwosohxkvbd','1','[0,0]','[0,0]','[0,0]','[0,0]','[0,0]','[0,0]','[0,0]','[0,0]','[0,0]','[0,0]','[0,0]','[128,96]','[128,96]','[0,0]','[0,0]'),(578,0,'ohcikvnwgsuh','1','[0,0]','[0,0]','[0,0]','[0,0]','[0,0]','[0,0]','[0,0]','[0,0]','[0,0]','[0,0]','[0,0]','[96,32]','[96,32]','[0,0]','[0,0]'),(579,0,'lhdxfbtoyfer','1','[0,0]','[0,0]','[0,0]','[0,0]','[0,0]','[0,0]','[0,0]','[0,0]','[0,0]','[0,0]','[0,0]','[72,-85]','[72,-85]','[0,0]','[0,0]'),(580,0,'qixlkacosirp','1','[0,0]','[0,0]','[0,0]','[0,0]','[0,0]','[0,0]','[0,0]','[0,0]','[0,0]','[0,0]','[0,0]','[0,0]','[0,0]','[0,0]','[0,0]'),(581,0,'lwrljvbgvkxe','1','[0,0]','[0,0]','[0,0]','[0,0]','[0,0]','[0,0]','[0,0]','[0,0]','[0,0]','[0,0]','[0,0]','[32,160]','[32,160]','[0,0]','[0,0]'),(582,0,'rgjwnwdygctr','1','[0,0]','[0,0]','[0,0]','[0,0]','[0,0]','[0,0]','[0,0]','[0,0]','[0,0]','[0,0]','[0,0]','[-32,72]','[-32,72]','[0,0]','[0,0]'),(583,0,'naucyhpcdjwf','1','[0,0]','[0,0]','[0,0]','[0,0]','[0,0]','[0,0]','[0,0]','[0,0]','[0,0]','[0,0]','[0,0]','[-32,32]','[-32,32]','[0,0]','[0,0]'),(584,0,'fcaeosgyrckf','1','[0,0]','[0,0]','[0,0]','[0,0]','[0,0]','[0,0]','[0,0]','[0,0]','[0,0]','[0,0]','[0,0]','[-32,64]','[-32,64]','[0,0]','[0,0]'),(585,0,'kvllndxefqyr','1','[0,0]','[0,0]','[0,0]','[0,0]','[0,0]','[0,0]','[0,0]','[0,0]','[0,0]','[0,0]','[0,0]','[-24,80]','[-24,80]','[0,0]','[0,0]'),(586,0,'eoaivzseqtwo','1','[0,0]','[0,0]','[0,0]','[0,0]','[0,0]','[0,0]','[0,0]','[0,0]','[0,0]','[0,0]','[0,0]','[-48,80]','[-48,80]','[0,0]','[0,0]'),(587,0,'bcvjduazbvue','3','[0,0]','[0,0]','[0,0]','[0,0]','[0,0]','[0,0]','[0,0]','[0,0]','[0,0]','[0,0]','[0,0]','[8,80]','[8,80]','[0,0]','[0,0]'),(588,0,'jtokvqdkiidv','3','[0,0]','[0,0]','[0,0]','[0,0]','[0,0]','[0,0]','[0,0]','[0,0]','[0,0]','[0,0]','[0,0]','[-32,72]','[-32,72]','[0,0]','[0,0]'),(589,0,'yqxjpfvbrghk','3','[0,0]','[0,0]','[0,0]','[0,0]','[0,0]','[0,0]','[0,0]','[0,0]','[0,0]','[0,0]','[0,0]','[8,80]','[8,80]','[0,0]','[0,0]'),(590,0,'xsjvtttdqhwy','3','[0,0]','[0,0]','[0,0]','[0,0]','[0,0]','[0,0]','[0,0]','[0,0]','[0,0]','[0,0]','[0,0]','[-32,72]','[-32,72]','[0,0]','[0,0]'),(591,0,'vwaghxaewzdw','1','[0,0]','[0,0]','[0,0]','[0,0]','[0,0]','[0,0]','[0,0]','[0,0]','[0,0]','[0,0]','[0,0]','[-8,96]','[-8,96]','[0,0]','[0,0]'),(592,0,'ypbbvxgczbph','1','[0,0]','[0,0]','[0,0]','[0,0]','[0,0]','[0,0]','[0,0]','[0,0]','[0,0]','[0,0]','[0,0]','[-8,64]','[-8,64]','[0,0]','[0,0]'),(593,0,'bickiyziobgh','1','[0,0]','[0,0]','[0,0]','[0,0]','[0,0]','[0,0]','[0,0]','[0,0]','[0,0]','[0,0]','[0,0]','[-32,64]','[-32,64]','[0,0]','[0,0]'),(594,0,'yowvcxyrqiqe','1','[0,0]','[0,0]','[0,0]','[0,0]','[0,0]','[0,0]','[0,0]','[0,0]','[0,0]','[0,0]','[0,0]','[96,64]','[96,64]','[0,0]','[0,0]'),(595,0,'aaklgdwughjy','1','[0,0]','[0,0]','[0,0]','[0,0]','[0,0]','[0,0]','[0,0]','[0,0]','[0,0]','[0,0]','[0,0]','[64,32]','[64,32]','[0,0]','[0,0]'),(596,0,'gbccmymngqwj','1','[0,0]','[0,0]','[0,0]','[0,0]','[0,0]','[0,0]','[0,0]','[0,0]','[0,0]','[0,0]','[0,0]','[8,80]','[8,80]','[0,0]','[0,0]'),(597,0,'xdcuopswoflo','1','[0,0]','[0,0]','[0,0]','[0,0]','[0,0]','[0,0]','[0,0]','[0,0]','[0,0]','[0,0]','[0,0]','[64,32]','[64,32]','[0,0]','[0,0]'),(598,0,'ogjyulhxjvhr','1','[0,0]','[0,0]','[0,0]','[0,0]','[0,0]','[0,0]','[0,0]','[0,0]','[0,0]','[0,0]','[0,0]','[64,32]','[64,32]','[0,0]','[0,0]'),(599,0,'zkkzcjehulfi','1','[0,0]','[0,0]','[0,0]','[0,0]','[0,0]','[0,0]','[0,0]','[0,0]','[0,0]','[0,0]','[0,0]','[-48,96]','[-48,96]','[0,0]','[0,0]'),(600,0,'ptotvjxlwqgh','1','[0,0]','[0,0]','[0,0]','[0,0]','[0,0]','[0,0]','[0,0]','[0,0]','[0,0]','[0,0]','[0,0]','[-48,96]','[-48,96]','[0,0]','[0,0]'),(601,0,'dpmgoqtslers','1','[0,0]','[0,0]','[0,0]','[0,0]','[0,0]','[0,0]','[0,0]','[0,0]','[0,0]','[0,0]','[0,0]','[64,120]','[64,120]','[0,0]','[0,0]'),(602,0,'jzweeqxgragj','1','[0,0]','[0,0]','[0,0]','[0,0]','[0,0]','[0,0]','[0,0]','[0,0]','[0,0]','[0,0]','[0,0]','[24,120]','[24,120]','[0,0]','[0,0]'),(603,0,'iepccppipopa','1','[0,0]','[0,0]','[0,0]','[0,0]','[0,0]','[0,0]','[0,0]','[0,0]','[0,0]','[0,0]','[0,0]','[-48,96]','[-48,96]','[0,0]','[0,0]'),(604,0,'srqsizwuyvfm','1','[0,0]','[0,0]','[0,0]','[0,0]','[0,0]','[0,0]','[0,0]','[0,0]','[0,0]','[0,0]','[0,0]','[-48,96]','[-48,96]','[0,0]','[0,0]'),(901,901,'rrbdyhfiywqg','1','[44,96]','[72,120]','[9,28]','[28,7]','[28,44]','[80,64]','[20,61]','[96,72]','[72,74]','[80,24]','[72,0]','[64,80]','[80,72]','[143,65]','[94,117]'),(902,902,'nkxhelerqbjl','1','[-8,128]','[12,56]','[6,12]','[32,8]','[-32,40]','[-32,-48]','[-56,104]','[-24,24]','[-32,104]','[-16,-16]','[-48,0]','[-24,112]','[8,24]','[288,48]','[104,80]'),(903,903,'rnofsrlqiegx','1','[40,120]','[-48,32]','[12,4]','[36,-4]','[-8,44]','[-32,-48]','[-8,96]','[-56,16]','[8,96]','[-32,8]','[16,0]','[32,112]','[-8,16]','[192,40]','[104,96]'),(904,904,'qzsmwrrbnefu','1','[144,136]','[144,136]','[10,0]','[28,7]','[128,72]','[128,72]','[144,112]','[144,112]','[144,128]','[144,128]','[112,0]','[112,128]','[112,128]','[32,12]','[136,128]'),(905,905,'khvcelmbxlsq','1','[104,100]','[56,112]','[32,16]','[48,-16]','[104,40]','[24,-8]','[64,80]','[48,96]','[112,80]','[80,64]','[56,0]','[64,80]','[80,80]','[96,40]','[152,168]'),(906,906,'jsmytovrrxyx','1','[96,96]','[96,96]','[26,5]','[28,7]','[80,20]','[104,16]','[80,96]','[112,96]','[128,64]','[128,80]','[80,0]','[96,80]','[112,96]','[80,64]','[128,112]'),(907,907,'hfqetnvodyhm','1','[16,88]','[120,36]','[29,-23]','[28,-19]','[-32,8]','[120,-64]','[4,64]','[128,-4]','[32,56]','[144,-16]','[-16,0]','[32,56]','[144,0]','[224,48]','[128,104]'),(908,908,'xfvfvoryqbyi','1','[32,-80]','[96,80]','[34,8]','[40,-8]','[-8,-144]','[64,-32]','[-8,-96]','[80,64]','[32,-96]','[96,56]','[-32,0]','[40,-80]','[72,72]','[192,216]','[136,128]'),(909,909,'krnmyizepihr','1','[-24,64]','[-24,88]','[24,8]','[8,32]','[-96,16]','[-96,24]','[-48,64]','[-80,96]','[-32,48]','[-48,64]','[-80,0]','[-16,48]','[-48,64]','[224,72]','[128,128]'),(910,910,'dvxetgdwyopk','1','[-24,144]','[-24,136]','[40,-8]','[32,-8]','[-80,48]','[-64,40]','[-64,128]','[-56,128]','[-32,128]','[-24,128]','[-80,0]','[-24,128]','[-32,104]','[240,0]','[144,128]'),(911,911,'wodfmwagpixg','1','[-40,108]','[56,144]','[12,16]','[24,16]','[-80,48]','[-8,64]','[-48,104]','[8,136]','[-24,80]','[64,128]','[-96,0]','[-24,88]','[16,128]','[288,40]','[112,112]'),(912,912,'klargseqljrb','1','[-16,96]','[-32,152]','[32,4]','[40,8]','[-16,40]','[-64,80]','[-24,72]','[-48,128]','[24,64]','[-16,128]','[-16,0]','[24,64]','[-24,128]','[200,40]','[128,104]'),(913,913,'qwbicuxeliqj','1','[112,144]','[112,144]','[28,7]','[28,7]','[80,96]','[80,96]','[80,112]','[80,112]','[128,128]','[128,128]','[96,0]','[112,128]','[112,128]','[112,-8]','[136,136]'),(914,914,'vptgugtdxqec','1','[104,144]','[104,144]','[19,8]','[28,7]','[80,96]','[80,96]','[80,112]','[80,112]','[96,128]','[96,128]','[64,0]','[112,128]','[112,128]','[128,-8]','[136,136]'),(915,915,'pgazsjgtftrv','1','[-24,56]','[-119,-2]','[15,-6]','[28,7]','[0,32]','[-128,-96]','[-32,64]','[-215,-12]','[-16,32]','[-152,-60]','[-48,0]','[0,64]','[-187,-7]','[256,72]','[144,112]'),(916,916,'ggxbxoylnlkv','1','[128,128]','[128,72]','[12,4]','[36,-4]','[112,80]','[96,0]','[104,112]','[104,64]','[128,112]','[128,64]','[104,0]','[128,120]','[112,72]','[80,12]','[152,128]'),(917,917,'jfpblepvbqlv','1','[144,136]','[64,176]','[24,8]','[40,8]','[144,64]','[56,80]','[160,112]','[64,136]','[176,144]','[64,64]','[128,0]','[128,96]','[64,128]','[28,8]','[144,128]');

/*Table structure for table `t_ship_type` */

DROP TABLE IF EXISTS `t_ship_type`;

CREATE TABLE `t_ship_type` (
  `ID` tinyint(4) unsigned NOT NULL,
  `EQUIP_TYPE` text NOT NULL,
  `KCNT` tinyint(4) unsigned NOT NULL,
  `NAME` varchar(255) NOT NULL,
  `SCNT` tinyint(4) unsigned NOT NULL,
  `SORTNO` tinyint(4) unsigned NOT NULL,
  PRIMARY KEY (`ID`)
) ENGINE=InnoDB DEFAULT CHARSET=utf8;

/*Data for the table `t_ship_type` */

insert  into `t_ship_type`(`ID`,`EQUIP_TYPE`,`KCNT`,`NAME`,`SCNT`,`SORTNO`) values (1,'{\"1\":0,\"2\":0,\"3\":0,\"4\":0,\"5\":0,\"6\":0,\"7\":0,\"8\":0,\"9\":0,\"10\":0,\"11\":0,\"12\":0,\"13\":0,\"14\":0,\"15\":0,\"16\":0,\"17\":0,\"18\":0,\"19\":0,\"20\":0,\"21\":0,\"22\":0,\"23\":0,\"24\":0,\"25\":0,\"26\":0,\"27\":0,\"28\":0,\"29\":0,\"30\":0,\"31\":0,\"32\":0,\"33\":0,\"34\":0,\"35\":0,\"36\":0,\"37\":0,\"38\":0,\"39\":0,\"40\":0}',2,'海防艦',1,1),(2,'{\"1\":1,\"2\":0,\"3\":0,\"4\":0,\"5\":1,\"6\":0,\"7\":0,\"8\":0,\"9\":0,\"10\":0,\"11\":0,\"12\":1,\"13\":0,\"14\":1,\"15\":1,\"16\":0,\"17\":1,\"18\":0,\"19\":0,\"20\":1,\"21\":1,\"22\":0,\"23\":1,\"24\":0,\"25\":0,\"26\":0,\"27\":0,\"28\":0,\"29\":1,\"30\":1,\"31\":0,\"32\":0,\"33\":1,\"34\":0,\"35\":0,\"36\":1,\"37\":1,\"38\":0,\"39\":1,\"40\":0}',3,'駆逐艦',2,2),(3,'{\"1\":1,\"2\":1,\"3\":0,\"4\":1,\"5\":1,\"6\":0,\"7\":0,\"8\":0,\"9\":0,\"10\":1,\"11\":0,\"12\":1,\"13\":1,\"14\":1,\"15\":1,\"16\":0,\"17\":1,\"18\":0,\"19\":0,\"20\":1,\"21\":1,\"22\":0,\"23\":1,\"24\":0,\"25\":0,\"26\":0,\"27\":0,\"28\":0,\"29\":1,\"30\":1,\"31\":0,\"32\":0,\"33\":1,\"34\":1,\"35\":0,\"36\":1,\"37\":1,\"38\":0,\"39\":1,\"40\":0}',3,'軽巡洋艦',2,3),(4,'{\"1\":1,\"2\":1,\"3\":0,\"4\":1,\"5\":1,\"6\":0,\"7\":0,\"8\":0,\"9\":0,\"10\":0,\"11\":0,\"12\":1,\"13\":1,\"14\":1,\"15\":1,\"16\":0,\"17\":1,\"18\":0,\"19\":0,\"20\":1,\"21\":1,\"22\":1,\"23\":1,\"24\":0,\"25\":0,\"26\":0,\"27\":0,\"28\":0,\"29\":0,\"30\":0,\"31\":0,\"32\":0,\"33\":1,\"34\":1,\"35\":0,\"36\":1,\"37\":0,\"38\":0,\"39\":1,\"40\":0}',3,'重雷装巡洋艦',2,4),(5,'{\"1\":0,\"2\":1,\"3\":0,\"4\":1,\"5\":1,\"6\":0,\"7\":0,\"8\":0,\"9\":0,\"10\":1,\"11\":0,\"12\":1,\"13\":1,\"14\":0,\"15\":0,\"16\":1,\"17\":1,\"18\":1,\"19\":0,\"20\":1,\"21\":1,\"22\":0,\"23\":1,\"24\":0,\"25\":0,\"26\":0,\"27\":1,\"28\":0,\"29\":1,\"30\":0,\"31\":0,\"32\":0,\"33\":1,\"34\":1,\"35\":0,\"36\":1,\"37\":0,\"38\":0,\"39\":1,\"40\":1}',4,'重巡洋艦',3,5),(6,'{\"1\":0,\"2\":1,\"3\":0,\"4\":1,\"5\":1,\"6\":0,\"7\":0,\"8\":0,\"9\":0,\"10\":1,\"11\":1,\"12\":1,\"13\":1,\"14\":0,\"15\":0,\"16\":1,\"17\":1,\"18\":1,\"19\":0,\"20\":1,\"21\":1,\"22\":0,\"23\":1,\"24\":0,\"25\":1,\"26\":0,\"27\":1,\"28\":0,\"29\":1,\"30\":1,\"31\":0,\"32\":0,\"33\":1,\"34\":1,\"35\":1,\"36\":1,\"37\":1,\"38\":0,\"39\":1,\"40\":1}',4,'航空巡洋艦',3,6),(7,'{\"1\":0,\"2\":0,\"3\":0,\"4\":1,\"5\":0,\"6\":1,\"7\":1,\"8\":1,\"9\":1,\"10\":0,\"11\":0,\"12\":1,\"13\":1,\"14\":0,\"15\":0,\"16\":1,\"17\":1,\"18\":0,\"19\":0,\"20\":1,\"21\":1,\"22\":0,\"23\":1,\"24\":0,\"25\":1,\"26\":1,\"27\":1,\"28\":0,\"29\":0,\"30\":0,\"31\":0,\"32\":0,\"33\":0,\"34\":1,\"35\":1,\"36\":1,\"37\":0,\"38\":0,\"39\":0,\"40\":1}',4,'軽空母',3,7),(8,'{\"1\":0,\"2\":0,\"3\":1,\"4\":1,\"5\":0,\"6\":0,\"7\":0,\"8\":0,\"9\":0,\"10\":1,\"11\":0,\"12\":1,\"13\":1,\"14\":0,\"15\":0,\"16\":1,\"17\":1,\"18\":1,\"19\":1,\"20\":1,\"21\":1,\"22\":0,\"23\":1,\"24\":0,\"25\":0,\"26\":0,\"27\":0,\"28\":1,\"29\":1,\"30\":0,\"31\":0,\"32\":0,\"33\":1,\"34\":1,\"35\":0,\"36\":1,\"37\":0,\"38\":0,\"39\":1,\"40\":1}',4,'戦艦',3,8),(9,'{\"1\":0,\"2\":1,\"3\":1,\"4\":1,\"5\":0,\"6\":0,\"7\":0,\"8\":0,\"9\":0,\"10\":1,\"11\":0,\"12\":1,\"13\":1,\"14\":0,\"15\":0,\"16\":1,\"17\":1,\"18\":1,\"19\":1,\"20\":1,\"21\":1,\"22\":0,\"23\":1,\"24\":0,\"25\":0,\"26\":0,\"27\":0,\"28\":1,\"29\":1,\"30\":0,\"31\":0,\"32\":0,\"33\":1,\"34\":1,\"35\":0,\"36\":1,\"37\":0,\"38\":0,\"39\":1,\"40\":1}',5,'戦艦',4,9),(10,'{\"1\":0,\"2\":1,\"3\":1,\"4\":1,\"5\":0,\"6\":0,\"7\":0,\"8\":0,\"9\":0,\"10\":1,\"11\":1,\"12\":1,\"13\":1,\"14\":0,\"15\":0,\"16\":1,\"17\":1,\"18\":1,\"19\":1,\"20\":1,\"21\":1,\"22\":0,\"23\":1,\"24\":0,\"25\":1,\"26\":0,\"27\":0,\"28\":1,\"29\":1,\"30\":0,\"31\":0,\"32\":0,\"33\":1,\"34\":1,\"35\":1,\"36\":1,\"37\":1,\"38\":0,\"39\":1,\"40\":1}',5,'航空戦艦',4,10),(11,'{\"1\":0,\"2\":0,\"3\":0,\"4\":1,\"5\":0,\"6\":1,\"7\":1,\"8\":1,\"9\":1,\"10\":0,\"11\":0,\"12\":1,\"13\":1,\"14\":0,\"15\":0,\"16\":1,\"17\":1,\"18\":0,\"19\":0,\"20\":1,\"21\":1,\"22\":0,\"23\":1,\"24\":0,\"25\":0,\"26\":0,\"27\":0,\"28\":1,\"29\":0,\"30\":0,\"31\":0,\"32\":0,\"33\":0,\"34\":1,\"35\":1,\"36\":1,\"37\":0,\"38\":0,\"39\":0,\"40\":1}',5,'正規空母',4,11),(12,'{\"1\":0,\"2\":0,\"3\":0,\"4\":0,\"5\":0,\"6\":0,\"7\":0,\"8\":0,\"9\":0,\"10\":0,\"11\":0,\"12\":0,\"13\":0,\"14\":0,\"15\":0,\"16\":0,\"17\":0,\"18\":0,\"19\":0,\"20\":0,\"21\":0,\"22\":0,\"23\":0,\"24\":0,\"25\":0,\"26\":0,\"27\":0,\"28\":0,\"29\":0,\"30\":0,\"31\":0,\"32\":0,\"33\":0,\"34\":0,\"35\":0,\"36\":0,\"37\":0,\"38\":0,\"39\":0,\"40\":0}',5,'超弩級戦艦',4,12),(13,'{\"1\":0,\"2\":0,\"3\":0,\"4\":0,\"5\":1,\"6\":0,\"7\":0,\"8\":0,\"9\":0,\"10\":0,\"11\":0,\"12\":0,\"13\":0,\"14\":1,\"15\":0,\"16\":0,\"17\":1,\"18\":0,\"19\":0,\"20\":0,\"21\":0,\"22\":1,\"23\":1,\"24\":0,\"25\":0,\"26\":0,\"27\":0,\"28\":0,\"29\":0,\"30\":0,\"31\":0,\"32\":1,\"33\":0,\"34\":0,\"35\":0,\"36\":0,\"37\":1,\"38\":0,\"39\":0,\"40\":0}',3,'潜水艦',1,13),(14,'{\"1\":0,\"2\":0,\"3\":0,\"4\":0,\"5\":1,\"6\":0,\"7\":0,\"8\":0,\"9\":0,\"10\":1,\"11\":1,\"12\":0,\"13\":0,\"14\":1,\"15\":0,\"16\":0,\"17\":1,\"18\":0,\"19\":0,\"20\":0,\"21\":0,\"22\":1,\"23\":1,\"24\":0,\"25\":0,\"26\":0,\"27\":0,\"28\":0,\"29\":0,\"30\":0,\"31\":0,\"32\":1,\"33\":0,\"34\":0,\"35\":0,\"36\":0,\"37\":1,\"38\":0,\"39\":0,\"40\":0}',5,'潜水空母',2,14),(15,'{\"1\":0,\"2\":0,\"3\":0,\"4\":0,\"5\":0,\"6\":0,\"7\":0,\"8\":0,\"9\":0,\"10\":0,\"11\":0,\"12\":0,\"13\":0,\"14\":0,\"15\":0,\"16\":0,\"17\":0,\"18\":0,\"19\":0,\"20\":0,\"21\":0,\"22\":0,\"23\":0,\"24\":0,\"25\":0,\"26\":0,\"27\":0,\"28\":0,\"29\":0,\"30\":0,\"31\":0,\"32\":0,\"33\":0,\"34\":0,\"35\":0,\"36\":0,\"37\":0,\"38\":0,\"39\":0,\"40\":0}',2,'補給艦',1,15),(16,'{\"1\":1,\"2\":0,\"3\":0,\"4\":1,\"5\":0,\"6\":0,\"7\":0,\"8\":0,\"9\":0,\"10\":1,\"11\":1,\"12\":1,\"13\":1,\"14\":0,\"15\":1,\"16\":1,\"17\":1,\"18\":0,\"19\":0,\"20\":1,\"21\":1,\"22\":1,\"23\":1,\"24\":1,\"25\":0,\"26\":0,\"27\":1,\"28\":0,\"29\":1,\"30\":1,\"31\":0,\"32\":0,\"33\":1,\"34\":1,\"35\":0,\"36\":1,\"37\":1,\"38\":0,\"39\":1,\"40\":1}',3,'水上機母艦',2,16),(17,'{\"1\":1,\"2\":0,\"3\":0,\"4\":1,\"5\":0,\"6\":1,\"7\":0,\"8\":0,\"9\":0,\"10\":0,\"11\":0,\"12\":1,\"13\":0,\"14\":0,\"15\":0,\"16\":0,\"17\":1,\"18\":0,\"19\":0,\"20\":1,\"21\":1,\"22\":0,\"23\":1,\"24\":1,\"25\":1,\"26\":1,\"27\":0,\"28\":0,\"29\":0,\"30\":1,\"31\":0,\"32\":0,\"33\":0,\"34\":1,\"35\":0,\"36\":1,\"37\":1,\"38\":0,\"39\":0,\"40\":1}',5,'揚陸艦',2,17),(18,'{\"1\":0,\"2\":0,\"3\":0,\"4\":1,\"5\":0,\"6\":1,\"7\":1,\"8\":1,\"9\":1,\"10\":0,\"11\":0,\"12\":1,\"13\":1,\"14\":0,\"15\":0,\"16\":1,\"17\":1,\"18\":0,\"19\":0,\"20\":1,\"21\":1,\"22\":0,\"23\":1,\"24\":0,\"25\":0,\"26\":0,\"27\":0,\"28\":1,\"29\":0,\"30\":0,\"31\":0,\"32\":0,\"33\":0,\"34\":1,\"35\":1,\"36\":1,\"37\":0,\"38\":0,\"39\":0,\"40\":1}',5,'装甲空母',4,18),(19,'{\"1\":1,\"2\":0,\"3\":0,\"4\":1,\"5\":0,\"6\":0,\"7\":0,\"8\":0,\"9\":0,\"10\":0,\"11\":0,\"12\":1,\"13\":0,\"14\":0,\"15\":0,\"16\":0,\"17\":1,\"18\":0,\"19\":0,\"20\":1,\"21\":1,\"22\":0,\"23\":1,\"24\":0,\"25\":1,\"26\":0,\"27\":1,\"28\":0,\"29\":0,\"30\":0,\"31\":1,\"32\":0,\"33\":1,\"34\":0,\"35\":0,\"36\":1,\"37\":0,\"38\":0,\"39\":0,\"40\":0}',5,'工作艦',4,19),(20,'{\"1\":1,\"2\":0,\"3\":0,\"4\":1,\"5\":0,\"6\":0,\"7\":0,\"8\":0,\"9\":0,\"10\":1,\"11\":0,\"12\":1,\"13\":0,\"14\":0,\"15\":0,\"16\":0,\"17\":1,\"18\":0,\"19\":0,\"20\":1,\"21\":1,\"22\":0,\"23\":1,\"24\":0,\"25\":1,\"26\":0,\"27\":1,\"28\":0,\"29\":0,\"30\":0,\"31\":0,\"32\":0,\"33\":1,\"34\":1,\"35\":0,\"36\":1,\"37\":1,\"38\":0,\"39\":1,\"40\":1}',5,'潜水母艦',3,20),(21,'{\"1\":1,\"2\":1,\"3\":0,\"4\":1,\"5\":1,\"6\":0,\"7\":0,\"8\":0,\"9\":0,\"10\":1,\"11\":0,\"12\":1,\"13\":1,\"14\":1,\"15\":1,\"16\":0,\"17\":1,\"18\":0,\"19\":0,\"20\":1,\"21\":1,\"22\":0,\"23\":1,\"24\":0,\"25\":0,\"26\":0,\"27\":1,\"28\":0,\"29\":0,\"30\":0,\"31\":0,\"32\":0,\"33\":0,\"34\":1,\"35\":0,\"36\":1,\"37\":0,\"38\":0,\"39\":1,\"40\":0}',3,'練習巡洋艦',2,21);

/*Table structure for table `t_ship_upgrade` */

DROP TABLE IF EXISTS `t_ship_upgrade`;

CREATE TABLE `t_ship_upgrade` (
  `ID` int(11) NOT NULL,
  `ORIGINAL_SHIP_ID` int(11) NOT NULL,
  `UPGRADE_TYPE` int(11) NOT NULL,
  `UPGRADE_LEVEL` int(11) NOT NULL,
  `DRAWING_COUNT` int(11) NOT NULL,
  `SORTNO` int(11) NOT NULL,
  PRIMARY KEY (`ID`)
) ENGINE=InnoDB DEFAULT CHARSET=utf8;

/*Data for the table `t_ship_upgrade` */

insert  into `t_ship_upgrade`(`ID`,`ORIGINAL_SHIP_ID`,`UPGRADE_TYPE`,`UPGRADE_LEVEL`,`DRAWING_COUNT`,`SORTNO`) values (26,26,1,0,0,26),(27,27,1,0,0,27),(69,69,1,0,0,62),(71,71,1,0,0,63),(72,72,1,0,0,64),(171,171,1,0,0,171),(172,171,1,1,0,172),(173,171,1,2,1,173),(178,171,1,3,1,178),(184,184,1,0,0,184),(185,184,1,1,1,185),(188,71,1,2,1,186),(189,72,1,2,1,187),(272,69,1,1,0,372),(273,71,1,1,0,373),(274,72,1,1,0,374),(286,26,1,1,0,386),(287,27,1,1,0,287),(318,184,1,2,0,190),(331,331,1,0,0,202),(404,404,1,0,0,201),(406,404,1,1,1,206),(411,26,1,2,1,211),(412,27,1,2,1,212),(427,69,1,2,1,227),(429,331,1,1,1,229);

/*Table structure for table `t_slotitem` */

DROP TABLE IF EXISTS `t_slotitem`;

CREATE TABLE `t_slotitem` (
  `ID` int(11) unsigned NOT NULL,
  `ATAP` tinyint(4) NOT NULL,
  `BAKK` tinyint(4) NOT NULL,
  `BAKU` tinyint(4) NOT NULL,
  `BROKEN` varchar(63) NOT NULL,
  `HOUG` tinyint(4) NOT NULL,
  `HOUK` tinyint(4) NOT NULL,
  `HOUM` tinyint(4) NOT NULL,
  `INFO` text NOT NULL,
  `LENG` tinyint(4) NOT NULL,
  `LUCK` tinyint(4) NOT NULL,
  `NAME` varchar(63) NOT NULL,
  `RAIG` tinyint(4) NOT NULL,
  `RAIK` tinyint(4) NOT NULL,
  `RAIM` tinyint(4) NOT NULL,
  `RARE` tinyint(4) NOT NULL,
  `SAKB` tinyint(4) NOT NULL,
  `SAKU` tinyint(4) NOT NULL,
  `SOKU` tinyint(4) NOT NULL,
  `SORTNO` smallint(5) unsigned NOT NULL,
  `SOUK` tinyint(4) NOT NULL,
  `TAIK` tinyint(4) NOT NULL,
  `TAIS` tinyint(4) NOT NULL,
  `TYKU` tinyint(4) NOT NULL,
  `TYPE` varchar(63) NOT NULL,
  `USEBULL` varchar(255) NOT NULL,
  PRIMARY KEY (`ID`)
) ENGINE=InnoDB DEFAULT CHARSET=utf8;

/*Data for the table `t_slotitem` */

insert  into `t_slotitem`(`ID`,`ATAP`,`BAKK`,`BAKU`,`BROKEN`,`HOUG`,`HOUK`,`HOUM`,`INFO`,`LENG`,`LUCK`,`NAME`,`RAIG`,`RAIK`,`RAIM`,`RARE`,`SAKB`,`SAKU`,`SOKU`,`SORTNO`,`SOUK`,`TAIK`,`TAIS`,`TYKU`,`TYPE`,`USEBULL`) values (1,0,0,0,'[0,1,1,0]',1,0,0,'旧型の小型砲です。<br>旧型駆逐艦に標準的主砲として搭載されました。<br>装填・操砲も人力ですが、シンプルな構造で経済性も高く、駆逐艦や海防艦等の主砲として、長く使われました。<br>対空射撃には不向きです。',1,0,'12cm単装砲',0,0,0,0,0,0,0,1,0,0,0,1,'[1,1,1,1]','0'),(2,0,0,0,'[0,1,2,0]',2,0,0,'艦隊型駆逐艦の主砲です。<br>防盾で全周を遮蔽、弾片や荒天対策を施しており、また動力操砲も採用した近代的な小型艦の主砲で、多くの主力駆逐艦に採用されました。<br>あまり仰角はとれず、対空射撃は少し苦手です。',1,0,'12.7cm連装砲',0,0,0,0,0,0,0,2,0,0,0,2,'[1,1,1,1]','0'),(3,0,0,0,'[0,1,3,0]',2,0,0,'防空型駆逐艦の主砲です。画期的な長砲身半自動装填砲を動力砲塔に備えた「長10cm」と呼ばれた新型の防空用高角砲で、「秋月」型駆逐艦に採用されました。複雑な構造のため量産には不向きでしたが、敵機の跳梁を抑える艦隊防空の切り札の一つです。',1,0,'10cm連装高角砲',0,0,0,1,0,0,0,3,0,0,0,7,'[1,1,1,16]','0'),(4,0,0,0,'[0,2,1,0]',2,0,1,'巡洋艦の主砲や戦艦の副砲として独自開発された中距離砲です。<br>やや旧式化していますが、列強の15cm砲とほぼ同等の射程と威力を持っています。<br>対艦対地専門で、対空射撃はできません。',2,0,'14cm単装砲',0,0,0,0,0,0,0,4,0,0,0,0,'[1,1,2,2]','0'),(5,0,0,0,'[0,2,5,0]',7,0,1,'条約下で保有数に制限のあった重巡を、火力を増強した強力な軽巡で補うために開発されました。<br>初の三連装砲でしたが、射程・発射速度・運用性全てに高い評価を得ることになりました。<br>後に有名な「大和」型戦艦の副砲としても採用されています。<br>対空戦にも効果を発揮する傑作砲です。',2,0,'15.5cm三連装砲',0,0,0,0,0,0,0,5,0,0,0,4,'[1,1,2,2]','0'),(6,0,0,0,'[0,3,4,0]',8,0,0,'重巡に搭載された主砲、それが20.3cm連装砲です。<br>条約上限一杯の8インチ（20.3cm）のこの砲は、中距離での砲撃戦はもちろん、夜戦のような近距離での殴り合いでも十分にその威力を発揮します。<br>限定的ですが、対空射撃も可能です。',2,0,'20.3cm連装砲',0,0,0,0,0,0,0,6,0,0,0,3,'[1,1,2,2]','0'),(7,0,0,0,'[0,10,15,0]',15,0,0,'標準的な戦艦の主砲です。<br>「金剛」型建造と同時期に英国に発注され、後に国産化、「伊勢」型までの標準的な戦艦主砲して運用されました。<br>遠距離からの堂々たる艦隊砲撃戦を実現します。',3,0,'35.6cm連装砲',0,0,0,0,0,0,0,7,0,0,0,4,'[1,1,3,3]','0'),(8,0,0,0,'[0,12,20,0]',20,0,0,'呉海軍工廠砲熕部で開発された初の純国産戦艦主砲です。<br>16インチ（40.6cm）を僅かに上回る、この41cm砲は「大和」型の46cm砲が登場するまで世界最大の戦艦砲でした。<br>これを搭載した「長門」「陸奥」は、当時世界列強の「ビック７」として、多くのファンに称えられていました。',3,0,'41cm連装砲',0,0,0,1,0,0,0,8,0,0,0,4,'[1,1,3,3]','0'),(9,0,0,0,'[0,24,25,0]',26,0,0,'呉海軍工廠砲熕部が極秘開発した世界最大最強の戦艦主砲です。<br>敵戦艦に対してアウトレンジが可能な最大射程40kmを超える最新鋭のこの巨砲は、機密保持のため公式には16インチ砲とされていました。<br>「三式弾」を用いた強力な対空射撃も可能です。',4,0,'46cm三連装砲',0,0,0,2,0,0,0,9,0,0,0,5,'[1,1,3,3]','0'),(10,0,0,0,'[0,2,2,0]',2,0,1,'標準的な対空高角砲です。<br>量産に向いた構造で経済性も高く、戦艦や空母、巡洋艦などに広く搭載されました。<br>発射速度や旋回速度にやや難がありますが、重要な対空火器です。',1,0,'12.7cm連装高角砲',0,0,0,0,0,0,0,10,0,0,0,4,'[1,2,4,16]','0'),(11,0,0,0,'[0,2,2,0]',2,0,1,'英国開発のものを国産化、「金剛」型戦艦や「扶桑」型戦艦の副砲として搭載されました。<br>「伊勢」型戦艦以降は改良軽量型14cm砲が搭載されるようになりました。<br>対空射撃は不可能で、後に近代化改修に伴い、対空火器増設や軽量化のため、表舞台から去っていきました。',2,0,'15.2cm単装砲',0,0,0,0,0,0,0,11,0,0,0,0,'[1,2,4,4]','0'),(12,0,0,0,'[0,2,5,0]',7,0,2,'巡洋艦の主砲だったものを、戦艦の副砲として活用しました。<br>「大和」型に搭載され、対空戦も可能な、性能・運用性ともに優秀な戦艦副砲となりました。<br>砲塔部の装甲が薄いのが玉に瑕で、諸説ありますが「大和」型の唯一の弱点という指摘もありました。',2,0,'15.5cm三連装副砲',0,0,0,1,0,0,0,12,0,0,0,3,'[1,2,4,4]','0'),(13,0,0,0,'[1,1,1,0]',0,0,0,'陳腐化した53cm魚雷の後継として開発された大型の61cm魚雷。<br>その三連装発射管は、駆逐艦の主力兵装として「睦月」型や「吹雪」型などに搭載されました。<br>魚雷戦や夜戦の主力兵装として活躍します。',1,0,'61cm三連装魚雷',5,0,0,0,0,0,0,13,0,0,0,0,'[2,3,5,5]','0'),(14,0,0,0,'[1,2,2,0]',0,0,0,'強力な61cm魚雷の四連装発射管です。<br>迅速に次弾を装填できる次発装填装置を搭載、夜戦等での反転再雷撃能力も増大しました。<br>「白露」型以降の艦隊型駆逐艦や、近代化改装後の主力重巡洋艦などに搭載されました。',1,0,'61cm四連装魚雷',7,0,0,0,0,0,0,14,0,0,0,0,'[2,3,5,5]','0'),(15,0,0,0,'[2,2,2,0]',0,0,0,'大威力長射程を誇る、秘密兵器「九三式酸素魚雷」。<br>その必殺の酸素魚雷を四連装した水雷兵装の決定版が、この四連装【酸素魚雷】発射管です。<br>新型の主力駆逐艦や各巡洋艦などに搭載され、夜戦等で最大の雷装戦力を構成します。',1,0,'61cm四連装(酸素)魚雷',10,0,0,1,0,0,0,15,0,0,0,0,'[2,3,5,5]','0'),(16,0,0,0,'[1,1,0,2]',0,0,0,'当時の世界水準を遥かに上回る艦上攻撃機の傑作機。<br>優れた航続距離を誇り、速度や防弾装備は劣るものの、初期の機動部隊艦載機の主力攻撃機として大活躍しました。<br>「九七艦攻」と呼ばれ、雷撃・水平爆撃をこなす主力艦上攻撃機ですが、徐々に現役を退いていきます。',0,0,'九七式艦攻',5,0,16,0,0,1,0,16,0,0,4,0,'[3,5,8,8]','0'),(17,0,0,0,'[2,4,0,4]',0,0,0,'旧式化した「九七艦攻」の後継機として開発された、新型の艦上攻撃機「天山」。<br>機動部隊に配備され、主に雷撃任務を担当します。<br>急降下爆撃機の「彗星」などと一緒に、ぜひ空母機動部隊で運用してくださいね。',0,0,'天山',7,0,24,1,0,1,0,17,0,0,3,0,'[3,5,8,8]','0'),(18,0,0,0,'[2,5,0,10]',0,0,0,'艦攻と艦爆を統合した先進的な\"急降下爆撃可能な雷撃機\"、それが「流星」です。<br>発動機不調と重量過大に悩みながらも、開発に成功。高い性能を誇る最新鋭の艦上攻撃機です。<br>先進的な性能を体現した独特のフォルムも魅力的な本機、ぜひ、新型艦戦「烈風」と共に空母に積んであげてくださいね。',0,0,'流星',10,0,56,2,0,1,0,18,0,0,4,0,'[3,5,8,8]','0'),(19,0,0,0,'[1,1,0,1]',0,0,0,'旧式の艦上戦闘機です。<br>零戦より前に実戦配備されていた旧型機ですが、優れた格闘戦能力を持っています。<br>武装や航続力、速度の点で既に二線級ではありますが、防空戦闘には活用可能です。',0,0,'九六式艦戦',0,0,0,0,0,0,0,19,0,0,0,2,'[3,5,6,6]','0'),(20,0,0,0,'[1,1,0,2]',0,0,0,'「ゼロ戦」の名で知られる名機「零式艦上戦闘機」の初期型です。7.7mm機銃2門と自慢の20mm機銃2門を装備。<br>優れた格闘戦能力と長大な航続距離で、その圧倒的な力を見せつけました。<br>やがて敵が強力な新型機になってくると、火力と速度、防弾性などの弱点が露呈していきます。',0,0,'零式艦戦21型',0,0,0,0,0,0,0,20,0,0,0,5,'[3,5,6,6]','0'),(21,0,0,0,'[1,2,0,3]',0,0,0,'零戦の最終的な量産機となった改良型、「零式艦上戦闘機52型」です。<br>後継機の開発が遅れたため、零戦52型が後期の主力艦上戦闘機として奮戦することになりました。<br>「彗星」艦爆や「天山」艦攻と一緒に、機動部隊の主力として運用してくださいね。',0,0,'零式艦戦52型',0,0,0,1,0,0,0,21,0,0,0,6,'[3,5,6,6]','0'),(22,0,0,0,'[2,2,0,9]',0,0,0,'名機「零戦」の後継機と開発された最新鋭艦上戦闘機「烈風」。<br>用兵側の発動機選定ミスや多忙な現場設計陣などの苦境を越えて、ついに完成した新型艦戦です。<br>ぜひ、「流星」艦爆と共に、次世代の機動部隊艦載機部隊を編制して、空を制してくださいね！',0,0,'烈風',0,0,0,3,0,0,0,22,0,0,0,10,'[3,5,6,6]','0'),(23,0,0,5,'[1,1,0,2]',0,0,0,'複葉の九六艦爆から一新、単葉の近代的な艦上爆撃機として登場しました。<br>「九九艦爆」と呼ばれ、「九七艦攻」と共に初期の機動部隊の攻撃隊戦力の中核を担います。<br>固定脚の低速機であるため、より高性能な高速艦爆「彗星」にその座を譲っていきました。',0,0,'九九式艦爆',0,0,0,0,0,0,0,23,0,0,3,0,'[3,5,7,7]','0'),(24,0,0,8,'[2,3,0,3]',0,0,0,'「九九艦爆」の後継として開発された高速性能を誇る艦上爆撃機「彗星」。<br>液冷発動機を装備。当時の一般的な戦闘機より速く、護衛の零戦すら振り切れる高速性とも言われます。<br>整備の難しい機体ですが、高速艦爆としての完成度は高く、ぜひ機動部隊の中核として運用してくださいね。',0,0,'彗星',0,0,0,1,0,0,0,24,0,0,3,0,'[3,5,7,7]','0'),(25,0,0,1,'[1,1,0,2]',0,0,1,'「零水偵」とも呼ばれる標準的な水上偵察機です。<br>戦艦や巡洋艦、水上機母艦などに搭載され、索敵任務担当として艦隊の「目」の役目を務めます。<br>海戦は索敵が大事！　ぜひ、主力艦艇に搭載して、運用してくださいね。',0,0,'零式水上偵察機',0,0,10,0,0,5,0,25,0,0,2,1,'[5,7,10,10]','0'),(26,0,0,4,'[2,3,0,5]',0,0,1,'水上偵察機を発展させ、急降下爆撃可能な水偵として開発された「瑞雲」。<br>空戦フラップまで装備した高性能な多用途機で、水上機母艦や、航空巡洋艦などからの運用も可能です。<br>「伊勢」型を改装した「航空戦艦」で集中運用、水上打撃機動部隊を編制するのも楽しいですよ！',0,0,'瑞雲',0,0,13,1,0,6,0,26,0,0,4,2,'[5,7,11,10]','0'),(27,0,0,0,'[0,0,10,10]',0,0,1,'艦載用対空電探です。<br>当初陸上用として開発されたものでしたが、小型軽量で艦載も可能だったため、「13号対空電探」として採用されました。<br>最終的に戦艦や空母まで、多くの艦艇に装備された傑作電探です。',0,0,'13号対空電探',0,0,3,1,0,3,0,27,0,0,0,2,'[5,8,12,11]','0'),(28,0,0,0,'[0,0,15,15]',0,0,3,'初の実戦運用された対水上電探です。<br>当初動作不安定で実用に耐えませんでしたが、改良と調整により、徐々に効果を発揮していきます。<br>捜索以外にも限定的ながら射撃管制にも使用されました。',0,0,'22号対水上電探',0,0,10,1,0,5,0,28,0,0,0,0,'[5,8,12,11]','0'),(29,0,0,0,'[0,0,20,15]',0,0,5,'対水上射撃管制用に開発された小型対水上射撃用電探です。<br>22号を改修して精度を上げ、探知距離・精度ともに実用レベルで運用可能です。<br>雷撃管制用にも使用でき、砲雷撃戦の質を大きく向上させます。',0,0,'33号対水上電探',0,0,12,2,0,7,0,29,0,0,0,0,'[5,8,12,11]','0'),(30,0,0,0,'[0,0,20,20]',0,0,2,'初の実用艦載電探です。<br>対空用ですが、対水上電探としても使用可能です。<br>13号電探と混載することも可能で、基本的にこの21号は大型艦に搭載されました。',0,0,'21号対空電探',0,0,3,2,0,4,0,30,0,0,0,4,'[5,8,13,11]','0'),(31,0,0,0,'[0,0,20,25]',0,0,8,'高性能な大型対水上電探です。<br>遠距離射撃にも対応できる射撃管制が可能ですが、かなり大型で重量過大です。<br>これを搭載すると、そうとう目立ちます！',0,0,'32号対水上電探',0,0,15,3,0,10,0,31,0,0,0,0,'[5,8,13,11]','0'),(32,0,0,0,'[0,0,25,25]',0,0,4,'高性能な大型対空電探です。<br>英軍のレーダーを参考に開発したため、他の対空電探より高い精度を発揮しました。<br>空中線が大型のため、基本的に戦艦や正規空母、重巡洋艦などの大型艦への装備が可能です。',0,0,'14号対空電探',0,0,3,4,0,5,0,32,0,0,0,6,'[5,8,13,11]','0'),(33,0,0,0,'[10,0,10,0]',0,6,0,'改良型の新型タービン機関です。<br>従来型タービンの各部素材を見直し構造強化を行って、より高出力が可能となりました。<br>機動性が向上し、砲雷撃戦や、対空戦における回避率が向上します。',0,0,'改良型艦本式タービン',0,0,0,0,0,0,0,33,0,0,0,0,'[6,31,17,19]','0'),(34,0,0,0,'[10,0,20,0]',0,10,0,'新開発の高温高圧缶です。<br>従来の艦本式ロ号缶から換装するもので、駆逐艦「島風」で採用した高温高圧缶をベースに、実用性と量産性を高めたもの。<br>高出力と低燃費を実現し、回避率を大きく向上させます。また、改良型タービンとの併用でさらに高い推力を実現します。',0,0,'強化型艦本式缶',0,0,0,1,0,0,0,34,0,0,0,0,'[6,31,17,19]','0'),(35,0,0,0,'[0,9,6,3]',0,0,0,'戦艦の主砲から放たれる対空用特殊砲弾。<br>榴散弾の一種で、大量の子弾が爆散、敵を編隊ごと一網打尽に殲滅することが可能。<br>戦艦主砲の射撃装置の問題で命中率が低いのが難点だが、艦隊の防空力を大きく高めます。<br>戦艦・航空戦艦・巡洋戦艦が使用可能。',0,0,'三式弾',0,0,0,0,0,0,0,35,0,0,0,5,'[4,28,18,12]','0'),(36,0,0,0,'[0,3,9,0]',8,0,1,'遠距離砲撃戦における秘密兵器「九一式徹甲弾」。<br>海中突入後急激に向きを変え、魚雷のように敵艦水線下に突き進み、喫水下を破砕する特殊徹甲弾です。<br>水中弾効果を高める形状設計のため、空気抵抗も減少して射程も延伸します。<br>戦艦・航空戦艦等が使用可能。',0,0,'九一式徹甲弾',0,0,0,1,0,0,0,36,0,0,0,0,'[4,25,19,13]','0'),(37,0,0,0,'[0,1,1,0]',0,1,0,'対空補助兵装です。<br>初期の対空兵器として初期の駆逐艦等に装備された小口径機銃です。<br>射程及び威力ともに能力不足で、12.7mm機銃や25mm機銃への更新が進んでいます。',0,0,'7.7mm機銃',0,0,0,0,0,0,0,37,0,0,0,2,'[4,6,21,15]','0'),(38,0,0,0,'[0,1,1,0]',0,1,0,'対空機銃です。<br>対空兵装として、主に駆逐艦等に装備されました。<br>より強力な25mm機銃への更新が進んでいます。',0,0,'12.7mm単装機銃',0,0,0,0,0,0,0,38,0,0,0,3,'[4,6,21,15]','0'),(39,0,0,0,'[0,2,1,0]',0,1,0,'標準的な対空機銃兵装です。<br>フランス製の25mm機関砲をベースに国産化した、25mm高角機銃の連装型です。<br>連装型は標準に対空装備でしたが、スペースや状況が許す限り、より強力な三連装型に更新されていきました。',0,0,'25mm連装機銃',0,0,0,0,0,0,0,39,0,0,0,5,'[4,6,21,15]','0'),(40,0,0,0,'[0,3,1,0]',0,1,0,'国産対空機銃兵装の強化バージョンです。<br>25mm高角機銃の三連装型ですが、一度に撃てるわけではなく、一門ずつ順番に撃って銃身の加熱を防ぎます。<br>従来の連装機銃や仮設の単装機銃を加え、この25mm三連装機銃が近接対空兵装の中核となりました。',0,0,'25mm三連装機銃',0,0,0,1,0,0,0,40,0,0,0,6,'[4,6,21,15]','0'),(41,0,0,0,'[0,7,7,0]',0,0,0,'独自開発された「特殊潜航艇」です。<br>軽巡洋艦や甲標的母艦に改装した水上機母艦、そして潜水艦が搭載して運用します。<br>二発の魚雷を装備し、敵艦に肉薄して雷撃、艦隊決戦を補助する特殊兵器です。',0,0,'甲標的',12,0,0,1,0,0,0,41,0,0,0,0,'[2,4,22,5]','0'),(42,0,0,0,'[0,0,1,0]',0,0,0,'プロのダメコン（ダメージコントロール）集団。艦娘の戦闘による致命的な被害を最小限に抑えることによって、大切な艦娘を轟沈（ロスト）からお護りします！<br>艦隊決戦のリスクマネージメントに、ぜひどうぞ！<br>（発動すると消滅します）',0,0,'応急修理要員',0,0,0,0,0,0,0,42,0,0,0,0,'[6,30,23,14]','0'),(43,0,0,0,'[0,0,1,0]',0,0,0,'ダメコン（ダメージコントロール）集団の最上位バージョン。艦娘の戦闘による致命的な被害を最小限に抑えて、大切な艦娘を轟沈（ロスト）から護ると共に、発動すると、同艦娘の耐久力と燃料・弾薬などの補給物資を全回復してくれるという、まさに女神のようなオーバーテクノロジーな至高のダメコン！<br>（発動すると消滅します）',0,0,'応急修理女神',0,0,0,2,0,0,0,43,0,0,0,0,'[6,30,23,14]','0'),(44,0,0,0,'[0,2,1,1]',0,0,0,'対潜兵装です。<br>最も標準的な爆雷投射機です。駆逐艦・海防艦などの小型艦艇に対潜水艦用火力として装備されました。<br>若干旧式化しつつありますが、敵潜を発見さえできれば、その威力は十分です。',0,0,'九四式爆雷投射機',0,0,0,0,0,0,0,44,0,0,5,0,'[7,32,15,17]','0'),(45,0,0,0,'[0,3,1,1]',0,0,0,'対潜兵装です。<br>九四式にかわる新型の爆雷投射機です。新鋭の海防艦などに装備されました。<br>大量装備すれば、発見さえできれば、敵潜水艦の面制圧も…きっと可能です。',0,0,'三式爆雷投射機',0,0,0,2,0,0,0,45,0,0,8,0,'[7,32,15,17]','0'),(46,0,0,0,'[0,0,1,1]',0,0,1,'対潜兵装です。<br>いわゆるパッシブソナーです。性能は残念ながら、あまり良くはありません。<br>でも、あるとないとでは大違い！対潜作戦のお供に、ぜひどうぞ！',0,0,'九三式水中聴音機',0,0,0,0,0,0,0,46,0,0,6,0,'[7,10,14,18]','0'),(47,0,0,0,'[0,0,1,2]',0,0,2,'対潜兵装です。<br>いわゆるアクティブソナーです。性能は残念ながら、ものすごく高くはありません。<br>それでも、他兵装と組み合わせて、練度の高い駆逐艦で敵潜水艦隊を文字通り駆逐してください！',0,0,'三式水中探信儀',0,0,0,2,0,0,0,47,0,0,10,0,'[7,10,14,18]','0'),(48,0,0,0,'[0,1,1,0]',1,0,0,'標準的な対空高角砲です。<br>量産に向いた構造で経済性も高く、後期の駆逐艦や海防艦、輸送船などにも搭載されました。<br>襲いかかる敵機に蟷螂の斧ですが対抗します。',1,0,'12.7cm単装高角砲',0,0,0,0,0,0,0,48,0,0,0,3,'[1,1,1,16]','0'),(49,0,0,0,'[0,1,1,0]',0,1,0,'標準的な対空機銃兵装です。<br>後期の艦艇のほとんど全てが装備した機銃です。命中しない…すぐ加熱する…等の評価もありますが、雲霞のように迫りくる敵機から味方艦艇を必死に守りました。銃身の過熱を防ぐため、連装、三連装タイプも生産＆配備されました。',0,0,'25mm単装機銃',0,0,0,1,0,0,0,49,0,0,0,4,'[4,6,21,15]','0'),(50,0,0,0,'[0,3,4,0]',10,0,0,'20.3cm連装砲の改良型、それが同3号連装砲です。<br>元々優秀な重巡洋艦用主砲をさらに改良。55口径の極めて優れた重巡用主砲が完成しました。<br>優秀な砲ですが、経済性に難があり、少量の試作だけで量産はされていません。',2,0,'20.3cm(3号)連装砲',0,0,0,1,0,0,0,50,0,0,0,4,'[1,1,2,2]','0'),(51,0,0,0,'[0,4,2,2]',0,0,0,'12cm30連装噴進砲は、艦載用対空ロケットランチャーです。<br>四式ロケット式焼霰弾(ロサ弾）を30連発で連続発射する脅威の弾幕は、肉薄する敵艦載機から味方艦を護ります。<br>ぜひ、改装した伊勢・日向に満載して、敵空母の猛攻を突破してください！',0,0,'12cm30連装噴進砲',0,0,0,2,0,0,0,51,0,0,0,8,'[4,29,21,15]','0'),(52,0,0,0,'[2,6,0,10]',0,0,0,'艦攻と艦爆を統合した先進的な急降下爆撃可能な雷撃機「流星」の性能向上型です。<br>美しいフォルムだけでなく、爆弾倉・主脚・主翼折り畳み機構も油圧操作式、20ｍｍ砲x2門と7.7ｍｍ機銃x2門、さらに13ｍｍ後方旋回銃x１門という世界最強武装を誇る艦上統合攻撃機「流星改」。提督の機動部隊でぜひ活躍させてくださいね。',0,0,'流星改',13,0,0,3,0,2,0,52,0,0,3,0,'[3,5,8,8]','0'),(53,0,0,0,'[2,2,0,10]',0,0,0,'名機「零戦」の後継機として開発された最新鋭艦上戦闘機「烈風」。その性能向上型が「烈風改」です。<br>レシプロ艦上戦闘機として、究極の領域まで高められた秘めた戦闘能力を、提督の艦隊の防空や制空でぜひ発揮させてくださいね。最近、数十年の時を越えて、設計図が発見されたニュースもありました！',0,0,'烈風改',0,0,0,4,0,0,0,53,0,0,0,12,'[3,5,6,6]','0'),(54,0,0,0,'[2,0,0,11]',0,0,2,'「我ニ追イツク敵機無シ」有名な無電を発した俊足の艦上偵察機「彩雲」。敵戦闘機の追随を許さない高速性能を誇る、高性能な艦上偵察機です。悪化した戦況の中、敵情偵察に海上へと飛び立ちました。<br>ぜひ、提督の機動部隊の正規空母、その第4航空隊に配備してみてくださいね。',0,0,'彩雲',0,0,0,2,0,9,0,54,0,0,0,0,'[5,7,9,9]','0'),(55,0,0,0,'[2,2,0,7]',0,0,0,'本土防空の切り札、局地戦闘機「紫電改」の艦載機型です。<br>大馬力エンジンと空戦フラップの採用などによる優れた空戦能力で、開発・配備の遅れた烈風の穴を埋めるべく計画されました。空母信濃が就航した暁には、例え烈風や烈風改が揃っていても、あえて搭載してほしい幻の…そして実在した最期の艦上戦闘機です。',0,0,'紫電改二',0,0,0,2,0,0,0,55,0,0,0,9,'[3,5,6,6]','0'),(56,0,0,0,'[2,3,0,28]',0,0,0,'九州飛行機＆海軍航空技術廠が生み出した、先進的なエンテ型の試作戦闘機「震電」。<br>推進プロペラを後方に配置し、重火力を機体前部に集中させた後進翼の機体は、まさに未来と希望を感じさせるもの。<br>現実世界では、海上に飛び立つことのなかった機体ですが、「艦これ」では着艦フックと尾翼等を補強して登場です！',0,0,'震電改',0,0,0,5,0,0,0,56,0,0,0,15,'[3,5,6,6]','0'),(57,0,0,10,'[2,3,0,4]',0,0,0,'「九九艦爆」の後継として開発された高速性能を誇る水冷エンジンの艦上爆撃機「彗星」。<br>彗星艦爆一二型甲は、エンジンをより強力なアツタ三二型に換装。そして後部機銃も13mmに火力強化しました。機動力と防御火力を向上させた本機で、あの有名な芙蓉部隊ばりの奮戦を！',0,0,'彗星一二型甲',0,0,0,2,0,1,0,57,0,0,3,0,'[3,5,7,7]','0'),(58,0,0,0,'[2,3,2,0]',0,0,1,'大威力長射程を誇る、秘密兵器「九三式酸素魚雷」。<br>その必殺の酸素魚雷を、五連装にしてしまった水雷兵装のファイナルウェポンが、この五連装【酸素魚雷】発射管です。高速重雷装駆逐艦の「島風」に搭載されました。大井さんやスーパー北上さまも、こっちを見ています！',1,0,'61cm五連装(酸素)魚雷',12,0,0,2,0,0,0,58,0,0,0,0,'[2,3,5,5]','0'),(59,0,0,1,'[1,1,0,2]',0,0,2,'複葉でありながら、優れた運動性と高い空戦能力を持つ二座の水上偵察機です。主力艦隊の砲戦弾着観測と偵察のための機体ですが、その高い格闘戦闘力は、専門の水上戦闘機も顔負けの高性能ぶり。複葉機だけど近代的な、名作観測機なのです！',0,0,'零式水上観測機',0,0,0,1,0,6,0,59,0,0,4,2,'[5,7,10,10]','0'),(60,0,0,4,'[1,3,0,3]',0,0,0,'零式艦上戦闘機を艦上爆撃機仕様にした、通称「爆戦」です。<br>52型の胴体下に250kg爆弾懸吊架を増設しました。戦闘爆撃機型の機体で、爆撃後は制空戦闘機として空戦に参加できるマルチロールファイター。あの攻撃方法は採用しないで通常攻撃です！',0,0,'零式艦戦62型(爆戦)',0,0,0,2,0,0,0,60,0,0,3,4,'[3,5,7,7]','0'),(61,0,0,0,'[3,1,0,13]',0,0,3,'名機「彗星艦爆」の艦上偵察機型です。<br>偵察用カメラと増加燃料タンクを搭載して、艦隊の目として活躍可能です。ぜひ、彩雲と共に機動部隊で運用してね！',0,0,'二式艦上偵察機',0,0,0,1,0,7,0,61,0,0,0,1,'[5,7,9,9]','0'),(62,0,0,11,'[4,5,0,20]',0,0,1,'カタパルト射出可能な高性能攻撃機「晴嵐」のプロトタイプです。<br>水上機搭載可能な潜水艦による戦略的な運用を目指して開発された、高い攻撃力を秘めたハイスペックな機体です。あの潜水艦が登場した際には、ぜひ搭載したいですね！',0,0,'試製晴嵐',0,0,0,4,0,6,0,62,0,0,6,0,'[5,7,11,10]','0'),(63,0,0,0,'[0,1,2,0]',3,0,0,'艦隊型駆逐艦の主砲のマイナーチェンジバージョンです。<br>基本形と同様、防盾で全周を遮蔽、弾片や荒天対策を施しており、また本バージョンでは仰角範囲等も改良されました。駆逐艦夕立等に搭載されたとも云われています。',1,0,'12.7cm連装砲B型改二',0,0,0,1,0,0,0,63,0,0,0,2,'[1,1,1,1]','0'),(64,0,0,9,'[2,4,0,5]',0,0,1,'かの国の代表的な急降下爆撃機、その艦載機バージョン。<br>「スツーカ」という呼称が有名な、優れた急降下爆撃性能を誇る、逆ガル式翼が特徴的な機体です。急降下時の風切音がサイレンに似ていることから「悪魔のサイレン」とも呼ばれたそうです。',0,0,'Ju87C改',0,0,0,3,0,0,0,64,0,0,5,0,'[3,5,7,7]','0'),(65,0,0,0,'[0,2,3,0]',4,0,3,'新型軽巡のために開発された新型の両用砲です。<br>対巡洋艦戦闘に重きをおいた新設計の軽巡主砲で、限定的ですが対空戦闘も可能です。阿賀野型軽巡シリーズに装備されました。',2,0,'15.2cm連装砲',0,0,0,2,0,0,0,65,0,0,0,3,'[1,1,2,2]','0'),(66,0,0,0,'[0,1,2,0]',1,0,2,'新開発の長8cm高角砲です。<br>秋月型に装備された長10cm高角砲の小型軽量化を目指した対空用副砲バージョンです。微妙な出来という評価もありますが、後期の建造艦艇への装備が期待されていました。',1,0,'8cm高角砲',0,0,0,3,0,0,0,66,0,0,0,6,'[1,2,4,16]','0'),(67,0,0,0,'[2,2,2,0]',0,0,2,'伊号潜水艦の艦首に装備する潜水艦の主兵装です。<br>水上艦艇に搭載するものよりやや直径の小さい、長射程高威力を誇る必殺の酸素魚雷です。大型艦艇に大ダメージを与えることも可能です。',1,0,'53cm艦首(酸素)魚雷',15,0,0,1,0,0,0,67,0,0,0,0,'[2,3,5,5]','0'),(68,0,0,0,'[1,1,0,1]',0,0,0,'大発動艇、略して「大発」。<br>輸送船からの揚陸作業や上陸戦に用いた、現代でいうところの「上陸用舟艇」です。海上のトラックのような「大発」は、大型輸送船や強襲揚陸艦などで運用可能です。',0,0,'大発動艇',0,0,0,0,0,0,0,68,0,0,0,0,'[8,14,24,20]','0'),(69,0,0,0,'[1,1,0,4]',0,0,1,'陸軍で開発、運用されていたオートジャイロ「カ号観測機」。<br>現代の艦載ヘリコプターの先祖ともいえる、回転翼の艦載対潜哨戒機です。全通甲板を持つ強襲揚陸艦や軽空母、航空甲板を持つ航空巡洋艦などで運用可能です。',0,0,'カ号観測機',0,0,0,3,0,0,0,69,0,0,9,0,'[3,15,25,21]','0'),(70,0,0,0,'[1,1,0,2]',0,0,2,'陸軍で開発、対潜哨戒機としても運用されていた固定翼機です。<br>現代のSTOL(短距離離着陸機)のような性能を持ち、艦載対潜哨戒機として運用されました。全通甲板を持つ強襲揚陸艦や軽空母などで運用可能です。',0,0,'三式指揮連絡機(対潜)',0,0,0,1,0,1,0,70,0,0,7,0,'[3,16,26,22]','0'),(71,0,0,0,'[0,1,3,0]',1,0,1,'「長10cm」と呼ばれた長砲身の新型高性能防空用高角砲、その大型艦対空火器バージョンです。<br>複雑な構造のため量産には不向きでしたが、敵機の跳梁から大切な艦と艦隊を守る艦隊防空の切り札です。航空母艦や戦艦、巡洋艦などの大型艦の副砲として運用可能です。',1,0,'10cm連装高角砲(砲架)',0,0,0,3,0,0,0,71,0,0,0,7,'[1,2,4,16]','0'),(72,0,0,0,'[0,0,12,0]',0,-2,0,'艦艇の防御力を強化する増加装甲の一種です。<br>重巡洋艦以上の中型艦艇の船体側面への増設が可能です。<br>(重巡・航空巡洋艦・軽空母・水上機母艦用)',0,0,'増設バルジ(中型艦)',0,0,0,2,0,0,0,72,7,0,0,0,'[6,17,27,23]','0'),(73,0,0,0,'[0,0,30,0]',0,-3,0,'艦艇の防御力を強化する増加装甲の一種です。<br>戦艦等の大型艦艇の船体側面への増設が可能です。<br>(戦艦・巡洋戦艦・航空戦艦・正規空母(含む装甲空母)用)',0,0,'増設バルジ(大型艦)',0,0,0,2,0,0,0,73,9,0,0,0,'[6,17,28,23]','0'),(74,0,0,0,'[0,0,1,1]',0,0,0,'夜戦時照射用の探照灯です。<br>夜戦時に味方艦隊の射撃・雷撃を支援できますが、敵艦隊からの集中攻撃を浴びるリスクがあります。<br>(駆逐艦・軽巡洋艦・重巡洋艦・航空巡洋艦・水上機母艦・巡洋戦艦が装備可能です)',0,0,'探照灯',0,0,0,0,0,2,0,74,0,0,0,0,'[8,18,29,24]','0'),(75,0,0,0,'[0,0,1,0]',0,0,0,'ドラム缶を繋いだ簡易輸送用部材です。\"東京急行\"などに用いられました。<br>駆逐艦の甲板などに搭載し、敵制海権内に進入、強行輸送を敢行します。<br>(駆逐艦・軽巡洋艦・航空巡洋艦・水上機母艦・揚陸艦で運用可能です)',0,0,'ドラム缶(輸送用)',0,0,0,0,0,0,0,75,0,0,0,0,'[9,19,30,25]','0'),(76,0,0,0,'[0,11,18,0]',16,0,1,'ビスマルク級戦艦に搭載された、かの国の戦艦主砲です。<br>主に電動を用いた砲塔旋回・揚弾・装填などが可能です。<br>短～中距離での砲撃戦を意識した戦艦主兵装です。',3,0,'38cm連装砲',0,0,0,0,0,0,0,76,0,0,0,1,'[1,1,3,3]','0'),(77,0,0,0,'[0,2,4,0]',4,0,2,'ビスマルク級戦艦に搭載された、かの国の戦艦副砲です。<br>主に近距離へ接近する小艦艇に指向する射撃を担当します。艦の射撃指揮装置は充実していますが、本副砲は対空戦闘には不向きです。',2,0,'15cm連装副砲',0,0,0,0,0,0,0,77,0,0,0,2,'[1,2,4,4]','0'),(78,0,0,0,'[0,1,1,0]',2,0,1,'Z1型駆逐艦に搭載された、かの国の駆逐艦主砲です。<br>単装砲ではありますが、対艦・対地射撃では優れた火砲です。本兵装は残念ながら対空戦闘には不向きです。',1,0,'12.7cm単装砲',0,0,0,0,0,0,0,78,0,0,0,0,'[1,1,1,1]','0'),(79,0,0,6,'[2,3,0,5]',0,0,1,'急降下爆撃も可能な多用途水上偵察機「瑞雲」。<br>「伊勢」型航空戦艦等での艦隊運用を前提に編成・錬成した、六三四航空隊所属の瑞雲飛行隊です。',0,0,'瑞雲(六三四空)',0,0,0,2,0,6,0,79,0,0,5,2,'[5,7,11,10]','0'),(80,0,0,7,'[2,3,0,6]',0,0,1,'急降下爆撃まで可能な多用途水上偵察機「瑞雲」。<br>空戦フラップ装備の高性能多用途機である本機のエンジンを、より強力な金星62型に換装した「瑞雲改良型」の新鋭機です。',0,0,'瑞雲12型',0,0,0,3,0,6,0,80,0,0,5,3,'[5,7,11,10]','0'),(81,0,0,9,'[2,3,0,6]',0,0,1,'高性能多用途水上偵察機「瑞雲」の改良型「瑞雲12型」。<br>同機によって編成された「伊勢」型航空戦艦などでの艦隊運用を担う六三四航空隊所属の「瑞雲12型」飛行隊です。',0,0,'瑞雲12型(六三四空)',0,0,0,4,0,7,0,81,0,0,6,3,'[5,7,11,10]','0'),(82,0,0,0,'[2,3,0,4]',0,0,0,'初期の機動部隊を支えた主力攻撃機「九七艦攻」。<br>旧式化した同機を対潜哨戒機バージョンとして運用する九三一航空隊所属の「九七艦攻」装備飛行隊です。',0,0,'九七式艦攻(九三一空)',6,0,0,2,0,2,0,82,0,0,7,0,'[3,5,8,8]','0'),(83,0,0,0,'[2,4,0,5]',0,0,0,'登場の遅れた名艦上攻撃機「天山」。<br>この機体を用いて対潜哨戒・対潜制圧・対艦攻撃を担う九三一航空隊所属の「天山」装備飛行隊です。',0,0,'天山(九三一空)',9,0,0,3,0,2,0,83,0,0,8,0,'[3,5,8,8]','0'),(84,0,0,0,'[0,3,1,1]',0,0,1,'かの国からもたらされた四連装対空機銃です。<br>2cm Flakvierling38と呼ばれる優れた近接防空火器で、艦船だけでなく対空戦闘車両や防空陣地でも運用されました。',0,0,'2cm 四連装FlaK 38',0,0,0,3,0,0,0,84,0,0,0,7,'[4,6,21,15]','0'),(85,0,0,0,'[0,3,1,1]',1,0,1,'かの国からもたらされた大口径二連装高射機関砲です。<br>主に陸戦で用いられましたが、Uボートや艦船などにも一部搭載・運用されました。高い近接防空火力を発揮します。',0,0,'3.7cm FlaK M42',0,0,0,3,0,0,0,85,0,0,0,8,'[4,6,21,15]','0'),(86,0,0,0,'[10,5,20,10]',0,0,0,'工作艦に搭載される修理装備一式です。「明石」等の工作艦に搭載することで、入渠なしに艦艇の応急修理が可能です。<br>(小破程度の損害の艦を、この装備一式につき、+1隻の同時修理が可能です)',0,0,'艦艇修理施設',0,0,0,3,0,0,0,86,0,0,0,0,'[10,20,31,26]','0'),(87,0,0,0,'[20,0,25,0]',0,13,0,'次世代駆逐艦などに搭載するための高温高圧缶です。<br>従来の艦本式ロ号缶と比べて、その性能は大きく向上しています。艦の回避率を大きく向上させると共に、将来的には新型タービンとの併用でさらに高い性能を発揮することが期待されます。',0,0,'新型高温高圧缶',0,0,0,3,0,0,0,87,0,0,0,0,'[6,31,17,19]','0'),(88,0,0,0,'[0,0,16,16]',0,0,8,'実戦運用された電探二号電波探信儀二型の改良型です。<br>新型受信機や様々な改良により、性能と安定性が向上、<br>実効力のあるレーダー射撃も可能となりました。',0,0,'22号対水上電探改四',0,0,0,3,0,5,0,88,0,0,2,0,'[5,8,12,11]','0'),(89,0,0,0,'[0,0,21,23]',0,1,3,'二式二号電波探信儀一型の改良型です。<br>様々な改良と調整によって、安定性が向上しました。<br>対空用ですが、対水上電探としても使用可能です。',0,0,'21号対空電探改',0,0,0,3,0,6,0,89,0,0,0,5,'[5,8,13,11]','0'),(90,0,0,0,'[0,3,4,0]',9,0,1,'20.3cm連装砲のマイナーバージョンアップ版、それが同2号連装砲です。<br>元々優秀な重巡洋艦用主砲を改良して、主に妙高型などに搭載されました。初期主砲搭載の他の重巡達も、近代化改装時に順次本砲に換装されていきました。',2,0,'20.3cm(2号)連装砲',0,0,0,1,0,0,0,90,0,0,0,3,'[1,1,2,2]','0'),(91,0,0,0,'[0,2,2,0]',2,1,1,'標準的な対空高角砲の後期改良型です。<br>量産に向いた構造で経済性も高く、量産両用砲として優れた性能を誇ります。課題のひとつである旋回速度等も改善された、頼りになる対空火器です。',1,0,'12.7cm連装高角砲(後期型)',0,0,0,1,0,0,0,91,0,0,1,5,'[1,2,1,16]','0'),(92,0,0,0,'[0,2,1,0]',0,1,0,'英国ヴィッカース社より導入した対空機銃です。<br>射撃時の音からポンポン砲とも呼ばれ、国内でライセンス生産もされました。徐々に後発の国産対空機銃に更新されていきました。',0,0,'毘式40mm連装機銃',0,0,0,0,0,0,0,92,0,0,0,6,'[4,6,21,15]','0'),(93,0,0,0,'[1,1,0,2]',0,0,3,'優れた航続距離を誇り、速度や防弾装備は劣るものの、初期の機動部隊艦載機の主力攻撃機として大活躍した傑作艦上攻撃機「九七艦攻」。本部隊は、闘志と高い技量を兼ね備えた友永隊長の率いる九七艦攻隊です。',0,0,'九七式艦攻(友永隊)',11,0,0,4,0,4,0,93,0,0,5,1,'[3,5,8,8]','0'),(94,0,0,0,'[2,4,0,4]',0,0,3,'旧式化した「九七艦攻」の後継機として開発された、新鋭艦上攻撃機「天山」。本部隊は、闘志溢れる空中指揮官が率いる、「天山」への機種転換が完了した熟練搭乗員で構成された精鋭艦攻隊です。',0,0,'天山一二型(友永隊)',14,0,0,5,0,5,0,94,0,0,6,1,'[3,5,8,8]','0'),(95,0,0,0,'[2,4,2,0]',0,0,3,'伊号潜水艦の艦首に装備する潜水艦専用兵装です。<br>水上艦艇に搭載するものよりやや直径の小さい、長射程高威力を誇る必殺の酸素魚雷発射管艦首8門です。高い魚雷火力を潜水艦に付与します。',1,0,'潜水艦53cm艦首魚雷(8門)',16,0,0,2,0,0,0,95,0,0,0,0,'[2,3,32,5]','0'),(96,0,0,0,'[1,1,0,2]',0,2,2,'熟練搭乗員で構成された「零式艦上戦闘機」装備の艦戦隊です。7.7mm機銃2門と自慢の20mm機銃2門、優れた格闘戦能力と長大な航続距離。搭乗員達の高い技量もあって、初期段階では圧倒的な力を誇りました。艦隊の上空直援や攻撃隊の護衛で活躍します。',0,0,'零式艦戦21型(熟練)',0,0,0,3,0,1,0,96,0,0,0,8,'[3,5,6,6]','0'),(97,0,0,7,'[1,1,0,2]',0,0,2,'熟練搭乗員で構成された「九九艦爆」装備の艦爆隊です。<br>「九七艦攻」と共に初期機動部隊の打撃力の中核を担います。稼働率や信頼性は高いものの、やや設計の古い固定脚低速機であるため、より高性能な高速艦爆「彗星」にその座を譲っていきます。',0,0,'九九式艦爆(熟練)',0,0,0,3,0,2,0,97,0,0,4,1,'[3,5,7,7]','0'),(98,0,0,0,'[1,1,0,2]',0,0,2,'熟練搭乗員で構成された「九七艦攻」装備の艦攻隊です。<br>速度や防弾装備は劣るものの優れた航続距離と熟練搭乗員の腕で、緒戦の機動部隊と共に大活躍を演じました。雷撃・水平爆撃をこなす主力艦上攻撃機ですが、徐々に現役を退いていきます。',0,0,'九七式艦攻(熟練)',8,0,0,3,0,2,0,98,0,0,5,0,'[3,5,8,8]','0'),(99,0,0,10,'[1,1,0,2]',0,0,4,'緒戦の空母機動部隊の打撃力の中核を担う「九九艦爆」。<br>やや設計の古い固定脚低速機ですが稼働率や信頼性は高く、特に高い練度を誇る江草隊長の率いる艦爆隊の急降下爆撃は、驚異的な命中率を誇ります。',0,0,'九九式艦爆(江草隊)',0,0,0,4,0,3,0,99,0,0,5,0,'[3,5,7,7]','0'),(100,0,0,13,'[2,3,0,3]',0,0,4,'「九九艦爆」の後継機として開発された高速艦爆「彗星」。<br>液冷発動機装備のため運用のやや難しい機体でしたが、江草隊長の腕とその空中指揮、そして練度の高い母艦整備員によって支えられた精鋭「彗星」艦爆隊は、圧倒的な命中率を誇るその急降下爆撃で新生機動部隊の打撃力を担います。',0,0,'彗星(江草隊)',0,0,0,5,0,4,0,100,0,0,5,1,'[3,5,7,7]','0'),(101,0,0,0,'[0,2,1,1]',0,0,0,'主砲等から発射される落下傘付の照明弾です。<br>夜戦時において敵艦隊付近を照明し、味方艦隊の夜間攻撃を支援します(敵艦隊の夜間特殊攻撃発生も少し抑えることが可能です)。',0,0,'照明弾',0,0,0,1,0,0,0,101,0,0,0,0,'[11,21,33,27]','0'),(102,0,0,0,'[2,1,0,4]',0,0,1,'水雷戦隊旗艦用に開発された水上夜間偵察機です。<br>長時間の滞空性能を持つ黒く塗装された機体に、夜間索敵能力に優れた搭乗員が乗りこみます(条件が整えば夜戦を支援する「夜間触接」が発生する可能性があります)。',0,0,'九八式水上偵察機(夜偵)',0,0,0,3,0,3,0,102,0,0,1,0,'[5,7,10,10]','0'),(103,0,0,0,'[0,11,18,0]',18,0,2,'高速戦艦に搭載するための新開発の試製戦艦主砲です。<br>「金剛」型高速戦艦の代替新建造艦のために計画されていた三連装の35.6cm砲で、大口径主砲よりはコンパクトで軽く、もちろん従来の35.6cm砲より火力及び命中率が大きく向上しています。高速戦艦の改装時に、ぜひ運用をお試しください！',3,0,'試製35.6cm三連装砲',0,0,0,4,0,0,0,103,0,0,0,5,'[1,1,3,3]','0'),(104,0,0,0,'[0,10,15,0]',15,1,1,'金剛型高速戦艦「榛名」の前部主砲の最終形態です。<br>あまり効果がなかったといわれていますが、縦縞ゼブラ模様のダズル迷彩を施しています。三式弾を装填して敵機が跳梁する空を睨み、母港呉と動けない残存艦隊の防戦に努めました。',3,0,'35.6cm連装砲(ダズル迷彩)',0,0,0,3,0,0,0,104,0,0,0,5,'[1,1,3,3]','0'),(105,0,0,0,'[0,14,22,0]',22,0,2,'呉海軍工廠砲熕部で試作された純国産戦艦主砲の三連装砲です。<br>16インチを僅かに上回る、この41cm砲は「大和」型の46cm砲が登場するまで世界最大の戦艦砲でした。これを搭載した長門型戦艦は、当時世界列強の「ビッグ７」水準を遥かに超えた高火力と高命中精度を実現します。',3,0,'試製41cm三連装砲',0,0,0,4,0,0,0,105,0,0,0,5,'[1,1,3,3]','0'),(106,0,0,0,'[0,0,10,11]',0,1,2,'艦載用対空電探の改良調整版です。<br>比較的信頼性も高く、小型軽量で駆逐艦等への装備も可能だった「13号対空電探」に、技術者達がさらに改良を加えた対空電探です。水雷戦隊の眼として活躍します。',0,0,'13号対空電探改',0,0,0,3,0,4,0,106,0,0,0,4,'[5,8,12,11]','0'),(107,0,0,0,'[1,1,1,1]',0,1,1,'洋上において艦隊を指揮する前線司令部です。<br>司令部施設を開設できるある一定以上の大きさの艦に設営可能です。同司令部を旗艦に設営した艦隊は「連合艦隊」として出撃している際に、随伴艦隊の健在な駆逐艦を「損害の大きい艦」の護衛につけて、戦場から退避させることが可能です。',0,0,'艦隊司令部施設',0,0,0,5,0,1,0,107,0,0,0,1,'[12,22,34,28]','0'),(108,0,0,0,'[1,10,1,10]',10,0,1,'艦載機の整備の卓越した能力を発揮できる整備要員です。<br>艦載機を装備した航空母艦に導入することで、同空母から発進する攻撃隊の能力を高めることが可能です。第一次攻撃隊のパンチ力不足を感じたら、お試しください！',3,0,'熟練艦載機整備員',0,0,0,3,0,1,0,108,0,0,0,1,'[13,23,35,29]','0'),(109,0,0,0,'[1,2,0,3]',0,1,1,'零戦の最終的な量産型「零式艦上戦闘機52丙型」です。<br>武装及び防御力が強化されました。その分、若干機動性は失われています。本航空隊は同機材を装備して、再建を目指す空母機動部隊の制空戦闘を担います。',0,0,'零戦52型丙(六〇一空)',0,0,0,3,0,0,0,109,0,0,0,9,'[3,5,6,6]','0'),(110,0,0,0,'[2,2,0,9]',0,2,1,'「零戦」の後継機として開発された最新鋭艦上戦闘機「烈風」。<br>用兵側の発動機選定ミスや多忙な現場設計陣などの苦境を越えて、ついに完成した新型艦戦。本航空隊は同新鋭機材を定数受領して、再建を目指す空母機動部隊、その戦闘機部隊の中核を担います。',0,0,'烈風(六〇一空)',0,0,0,4,0,0,0,110,0,0,0,11,'[3,5,6,6]','0'),(111,0,0,11,'[2,3,0,3]',0,0,1,'「九九艦爆」の後継機として開発された高速艦爆「彗星」。<br>液冷発動機装備のため運用のやや難しい機体ですが、整備体制を万全に、内地で訓練を重ねた六〇一空の精鋭が搭乗します。機動部隊決戦に向けて、錬成を重ねた六〇一空の精鋭艦爆隊です。',0,0,'彗星(六〇一空)',0,0,0,3,0,1,0,111,0,0,4,0,'[3,5,7,7]','0'),(112,0,0,0,'[2,4,0,4]',0,0,1,'旧式化した「九七艦攻」の後継機として開発された、新鋭艦上攻撃機「天山」。<br>本部隊は、同機を装備して内地で錬成を重ねた六〇一空による精鋭艦攻機隊です。新生空母機動部隊の打撃力を担います。',0,0,'天山(六〇一空)',10,0,0,3,0,2,0,112,0,0,4,0,'[3,5,8,8]','0'),(113,0,0,0,'[2,5,0,10]',0,0,1,'艦攻と艦爆を統合した先進的な\"急降下爆撃可能な雷撃機\"、それが「流星」です。<br>発動機不調と重量過大に悩みながらも、開発に成功。高い性能を誇る最新鋭の艦上攻撃機です。錬成を重ねた六〇一空が機種転換し、本機を装備します。整備の行き届いた流星を定数装備した、新生艦攻隊の主力です。',0,0,'流星(六〇一空)',13,0,0,4,0,3,0,113,0,0,5,0,'[3,5,8,8]','0'),(114,0,0,0,'[0,12,18,0]',17,0,3,'ビスマルク級戦艦に搭載された戦艦主砲の改修型です。<br>短～中距離での砲撃戦を意識した高速戦艦の主力兵装で、改修によってその命中精度などが大きく向上しています。',3,0,'38cm連装砲改',0,0,0,2,0,0,0,114,0,0,0,2,'[1,1,3,3]','0'),(115,0,0,1,'[1,2,0,2]',0,0,2,'ビスマルク級などの主力艦艇に搭載された艦載水上偵察機です。<br>偵察、観測、哨戒、そして対潜水艦任務など、南大西洋で幅広く活躍した同機の改修型で、艦隊の眼の役割を担います。',0,0,'Ar196改',0,0,0,2,0,5,0,115,0,0,5,1,'[5,7,10,10]','0'),(116,0,0,0,'[0,4,9,0]',9,0,2,'遠距離砲撃戦における秘密兵器「九一式徹甲弾」の改良版です。<br>海中突入後魚雷のように敵艦水線下に突き進み、喫水下破砕を企図した特殊徹甲弾です。九一式より性能・生産性が向上しており、弾頭部には弾着観測用着色剤を充填していたと云われています。戦艦・航空戦艦・高速戦艦で使用可能です。',0,0,'一式徹甲弾',0,0,0,3,0,0,0,116,0,0,0,0,'[4,25,19,13]','0'),(117,0,0,0,'[1,18,23,0]',23,0,1,'海軍工廠砲熕部が極秘開発した世界最大最強の戦艦主砲、その試作二連装砲です。<br>敵戦艦に対してアウトレンジが可能な最大射程40kmを超える巨砲ですが、大和型戦艦に搭載された同三連装主砲より軽量です。主力戦艦群への搭載と同主兵装としての運用が可能です。',4,0,'試製46cm連装砲',0,0,0,4,0,0,0,117,0,0,0,4,'[1,1,3,3]','0'),(118,0,0,1,'[1,1,0,15]',0,0,1,'制空権を失った空でも強行偵察が可能な高性能水偵を目指して開発された、十四試高速水上偵察機「紫雲」です。火星エンジンと二重反転プロペラの採用、投下可能フロート機構などで高速高性能な次世代艦載水偵となるはずでしたが、計画通りの高性能を発揮することは叶いませんでした。就役直後の軽巡「大淀」などで、増加試作機が運用されています。',0,0,'紫雲',0,0,0,4,0,8,0,118,0,0,2,0,'[5,7,10,10]','0'),(119,0,0,0,'[0,2,2,0]',3,0,2,'巡洋艦等の主砲として開発された中距離砲の連装型です。<br>練習巡洋艦「香取」や軽巡洋艦「夕張」などに搭載されました。対艦対地用の兵装です。',2,0,'14cm連装砲',0,0,0,1,0,0,0,119,0,0,0,0,'[1,1,2,2]','0'),(120,0,0,0,'[0,1,0,1]',0,1,0,'高角砲の対空射撃用の高射装置です。<br>高射機と高射射撃盤を組み合わせ、高角砲の有効な対空射撃をサポートします。やや、旧式ではありますが、主力の戦艦や巡洋艦などに搭載されました。',0,0,'91式高射装置',0,0,0,1,0,0,0,120,0,0,0,2,'[14,24,36,30]','0'),(121,0,0,0,'[0,1,0,2]',0,1,0,'比較的新しい高角砲対空射撃用の高射装置です。<br>本高射機は測距儀がパッケージされており、高角砲の有効な対空射撃をサポートします。新造大型艦や、防空駆逐艦 「秋月」 型に搭載されました。',0,0,'94式高射装置',0,0,0,2,0,0,0,121,0,0,0,3,'[14,24,36,30]','0'),(122,0,0,0,'[0,2,3,2]',3,1,1,'「長10cm砲」といわれる10cm連装高角砲と「94式高射装置」の組み合わせによる、艦隊防空システムです。量産性が低く、また射撃装置は列強の最新鋭には劣りますが、優秀な長10cm砲と高射装置の組み合わせは艦隊の傘として十分に活躍します。',1,0,'10cm連装高角砲+高射装置',0,0,0,3,0,0,0,122,0,0,0,10,'[1,1,1,16]','0'),(123,0,0,0,'[0,4,5,0]',10,0,3,'かの国の重巡洋艦装備用に開発された連装砲です。<br>高い命中率と火力を誇る優秀な巡洋艦主兵装です。<br>中距離の砲撃戦で威力を発揮します。',2,0,'SKC34 20.3cm連装砲',0,0,0,3,0,0,0,123,0,0,0,2,'[1,1,2,2]','0'),(124,0,0,0,'[0,0,27,29]',3,0,10,'かの国で開発された艦載用レーダー(電探)です。<br>科学の国の電子兵装、残念ながら、我が連合艦隊に装備された電探よりスペックは高いです。<br>主に巡洋艦以上の大型艦艇に搭載されました。',0,0,'FuMO25 レーダー',0,0,0,4,0,9,0,124,0,0,0,7,'[5,8,13,11]','0'),(125,0,0,0,'[2,2,1,0]',0,1,0,'陳腐化した53cm魚雷の後継として開発された大型の61cm魚雷。<br>その三連装発射管は、駆逐艦の主力兵装として特型駆逐艦「吹雪」型などに搭載されました。その改良型である本兵装は、装填魚雷を「九三式酸素魚雷」に換装しています。',1,0,'61cm三連装(酸素)魚雷',8,0,0,2,0,0,0,125,1,0,0,0,'[2,3,5,5]','0'),(126,0,0,0,'[1,4,2,1]',1,0,0,'かの国で開発された対地対艦攻撃用の艦載ロケットランチャー装備「WG42」です。<br>Uボートにも搭載され、実際に運用されました。命中精度には難がありますが、ごく浅い深度なら水面下から発射可能な、潜水艦発射対地ミサイルのご先祖様のような装備で、主に対地攻撃に有効です。',1,0,'WG42 (Wurfgerät 42)',0,0,0,4,0,0,0,126,-1,0,0,0,'[15,26,37,31]','0'),(127,0,0,0,'[2,2,1,1]',0,2,7,'かの国で開発されていた、ジャイロ機構によって自動変針と直線航行を繰り返し行い、面で敵艦を攻撃する「FaT航走パターン」仕様を実装した試製潜水艦搭載用酸素魚雷です。Uボートによってもたらされた技術を応用した、平面を制圧する航路を疾走する特殊な試作魚雷です。',1,0,'試製FaT仕様九五式酸素魚雷改',14,0,0,5,0,0,0,127,0,0,0,0,'[2,3,32,5]','0'),(128,0,0,0,'[0,30,28,0]',30,-1,1,'改「大和」型、そしてその拡大発展級である超「大和」型の主兵装として開発されている新型戦艦用大口径主砲です。<br>51cm砲が実現する群を抜いたその火力は、他の戦艦主砲の火力を圧倒します。46cm砲をも凌駕する大きさと重量なため、戦艦級の中でも限られた艦艇のみ、本兵装を装備することが可能です。',4,0,'試製51cm連装砲',0,0,0,5,0,0,0,128,0,0,0,5,'[1,1,3,3]','0'),(129,0,0,0,'[1,0,0,0]',0,3,2,'水上戦闘艦に配備可能な熟練見張員です。<br>その鍛え抜かれた肉眼視力による偵察力・索敵力は状況によっては大きな威力を発揮し、敵艦隊のレーダー兵装が充実するまでは、特に夜戦などで水上艦隊の攻撃力を支えました。',0,0,'熟練見張員',0,0,0,3,0,2,0,129,0,0,0,1,'[16,27,39,32]','0'),(130,0,0,0,'[0,2,3,2]',1,1,1,'巡洋艦以上の大型艦の標準的な対空兵装として搭載された12.7cm連装高角砲と「94式高射装置」の組み合わせによる、艦隊防空システムです。発射速度や砲の旋回速度にやや難がありますが、高角砲と高射装置の組み合わせは艦隊の傘として重要な兵装です。',1,0,'12.7cm高角砲+高射装置',0,0,0,3,0,0,0,130,0,0,0,8,'[1,2,4,16]','0'),(131,0,0,0,'[0,5,2,1]',0,1,0,'増大する敵航空兵力の脅威に対抗するため、25mm高角機銃の三連装型を集中的に複数配備した、ハリネズミのような対空機銃兵装です。命中精度にも難があり、すぐに砲身が過熱してしまう25mm機銃ですが、集中運用することで個艦防空能力を高めます。',0,0,'25mm三連装機銃 集中配備',0,0,0,3,0,0,0,131,0,0,0,9,'[4,6,21,15]','0'),(132,0,0,0,'[0,0,3,3]',0,1,1,'大型艦用パッシブソナー兵装です。<br>九三式水中聴音機の補音機を増強した大型グレードアップバージョンで、大和型戦艦のバルバス・バウ付近にも装備されました。専門の人員も配置して水面下の音を収集、敵潜などの早期発見に努めます。',0,0,'零式水中聴音機',0,0,0,3,0,1,0,132,0,0,11,0,'[7,10,40,18]','0'),(133,0,0,0,'[0,16,21,0]',20,-1,-3,'パスタの国が生んだ三連装型の戦艦主砲です。<br>高射速の50口径、中近距離戦闘での火力は同クラス最強です。また、射程も大和型46cm砲と同等以上のカタログスペックを誇ります。ただし、砲の耐久性に難点があります。また散布界が広く、その命中率にも課題を残していました。',4,0,'381mm/50 三連装砲',0,0,0,4,0,0,0,133,0,0,0,2,'[1,1,3,3]','0'),(501,0,0,0,'[0,0,0,0]',1,0,0,'',1,0,'5inch単装砲',0,0,0,0,0,0,0,0,0,0,0,0,'[1,1,1,1]','0'),(502,0,0,0,'[0,0,0,0]',2,0,0,'',1,0,'5inch連装砲',0,0,0,0,0,0,0,0,0,0,0,0,'[1,1,1,1]','0'),(503,0,0,0,'[0,0,0,0]',1,0,0,'',1,0,'3inch単装高角砲',0,0,0,2,0,0,0,0,0,0,0,1,'[1,1,1,16]','0'),(504,0,0,0,'[0,0,0,0]',2,0,0,'',2,0,'5inch単装高射砲',0,0,0,0,0,0,0,0,0,0,0,2,'[1,1,2,2]','0'),(505,0,0,0,'[0,0,0,0]',8,0,0,'',2,0,'8inch三連装砲',0,0,0,0,0,0,0,0,0,0,0,2,'[1,1,2,2]','0'),(506,0,0,0,'[0,0,0,0]',3,0,0,'',2,0,'6inch連装速射砲',0,0,0,0,0,0,0,0,0,0,0,3,'[1,1,2,2]','0'),(507,0,0,0,'[0,0,0,0]',10,0,0,'',3,0,'14inch連装砲',0,0,0,0,0,0,0,0,0,0,0,4,'[1,1,3,3]','0'),(508,0,0,0,'[0,0,0,0]',15,0,0,'',3,0,'16inch連装砲',0,0,16,1,0,0,0,0,0,0,0,4,'[1,1,3,3]','0'),(509,0,0,0,'[0,0,0,0]',20,0,0,'',3,0,'16inch三連装砲',0,0,10,2,0,0,0,0,0,0,0,5,'[1,1,3,3]','0'),(510,0,0,0,'[0,0,0,0]',1,0,0,'',1,0,'5inch単装高射砲',0,0,10,0,0,0,0,0,0,0,0,2,'[1,2,4,16]','0'),(511,0,0,0,'[0,0,0,0]',1,0,0,'',2,0,'6inch単装砲',0,0,13,0,0,0,0,0,0,0,0,0,'[1,2,4,4]','0'),(512,0,0,0,'[0,0,0,0]',7,0,0,'',2,0,'12.5inch連装副砲',0,0,3,1,0,0,0,0,0,0,0,3,'[1,2,4,4]','0'),(513,0,0,0,'[0,0,0,0]',0,0,0,'',1,0,'21inch魚雷前期型',2,0,8,0,0,0,0,0,0,0,0,0,'[2,3,5,5]','0'),(514,0,0,0,'[0,0,0,0]',0,0,0,'',1,0,'21inch魚雷後期型',5,0,6,0,0,0,0,0,0,0,0,0,'[2,3,5,5]','0'),(515,0,0,0,'[0,0,0,0]',0,0,0,'',1,0,'高速深海魚雷',10,0,4,1,0,0,0,0,0,0,0,0,'[2,3,5,5]','0'),(516,0,0,0,'[0,0,0,0]',0,0,0,'',0,0,'深海棲艦攻',4,0,0,0,0,5,0,0,0,0,2,0,'[3,5,8,8]','0'),(517,0,0,0,'[0,0,0,0]',0,0,0,'',0,0,'深海棲艦攻 Mark.II',6,0,2,1,0,5,0,0,0,0,4,0,'[3,5,8,8]','0'),(518,0,0,0,'[0,0,0,0]',0,0,0,'',0,0,'深海棲艦攻 Mark.III',11,0,0,2,0,5,0,0,0,0,7,4,'[3,5,8,8]','0'),(519,0,0,0,'[0,0,0,0]',0,0,0,'',0,0,'深海棲艦戦',0,0,0,0,0,0,0,0,0,0,0,2,'[3,5,6,6]','0'),(520,0,0,0,'[0,0,0,0]',0,0,0,'',0,0,'深海棲艦戦 Mark.II',0,0,24,0,0,0,0,0,0,0,0,5,'[3,5,6,6]','0'),(521,0,0,0,'[0,0,0,0]',0,0,0,'',0,0,'深海棲艦戦 Mark.III',0,0,0,1,0,0,0,0,0,0,0,9,'[3,5,6,6]','0'),(522,0,0,0,'[0,0,0,0]',0,0,0,'',0,0,'飛び魚艦戦',0,0,7,3,0,0,0,0,0,0,0,13,'[3,5,6,6]','0'),(523,0,0,3,'[0,0,0,0]',0,0,0,'',0,0,'深海棲艦爆',0,0,0,0,0,0,0,0,0,0,1,0,'[3,5,7,7]','0'),(524,0,0,6,'[0,0,0,0]',0,0,0,'',0,0,'深海棲艦爆 Mark.II',0,0,0,1,0,0,0,0,0,0,2,0,'[3,5,7,7]','0'),(525,0,0,1,'[0,0,0,0]',0,0,0,'',0,0,'深海棲艦偵察機',0,0,0,0,0,5,0,0,0,0,1,1,'[5,7,10,10]','0'),(526,0,0,4,'[0,0,0,0]',0,0,0,'',0,0,'飛び魚偵察機',0,0,0,1,0,10,0,0,0,0,2,2,'[5,7,10,10]','0'),(527,0,0,0,'[0,0,0,0]',0,0,5,'',0,0,'対空レーダ― Mark.I',0,0,0,1,0,5,0,0,0,0,0,5,'[5,8,12,11]','0'),(528,0,0,0,'[0,0,0,0]',0,0,10,'',0,0,'水上レーダ― Mark.I',0,0,0,1,0,5,0,0,0,0,0,0,'[5,8,12,11]','0'),(529,0,0,0,'[0,0,0,0]',0,0,15,'',0,0,'水上レーダ― Mark.II',0,0,0,2,0,10,0,0,0,0,0,0,'[5,8,12,11]','0'),(530,0,0,0,'[0,0,0,0]',0,0,5,'',0,0,'対空レーダ― Mark.II',0,0,21,2,0,10,0,0,0,0,0,10,'[5,8,13,11]','0'),(531,0,0,0,'[0,0,0,0]',0,3,24,'',0,0,'深海水上レーダー',0,0,13,3,0,16,0,0,0,0,5,5,'[5,8,13,11]','0'),(532,0,0,0,'[0,0,0,0]',0,2,16,'',0,0,'深海対空レーダ―',0,0,13,4,0,12,0,0,0,0,5,18,'[5,8,13,11]','0'),(533,0,0,0,'[0,0,0,0]',0,10,0,'',0,0,'改良型深海タービン',0,0,17,0,0,0,0,0,0,0,0,0,'[6,9,17,19]','0'),(534,0,0,0,'[0,0,0,0]',0,15,0,'',0,0,'強化型深海缶',0,0,4,1,0,0,0,0,0,0,0,0,'[6,9,17,19]','0'),(535,0,0,0,'[0,0,0,0]',0,0,0,'',0,0,'対空散弾',0,0,10,0,0,0,0,0,0,0,0,10,'[4,6,18,12]','0'),(536,0,0,0,'[0,0,0,0]',15,0,5,'',0,0,'劣化徹甲弾',0,0,8,1,0,0,0,0,0,0,0,0,'[4,25,19,13]','0'),(537,0,0,0,'[0,0,0,0]',0,0,0,'',0,0,'12.7mm機銃',0,0,5,0,0,0,0,0,0,0,0,2,'[4,6,21,15]','0'),(538,0,0,0,'[0,0,0,0]',0,0,0,'',0,0,'20mm機銃',0,0,0,0,0,0,0,0,0,0,0,4,'[4,6,21,15]','0'),(539,0,0,0,'[0,0,0,0]',0,0,0,'',0,0,'40mm二連装機関砲',0,0,3,1,0,0,0,0,0,0,0,8,'[4,6,21,15]','0'),(540,0,0,0,'[0,0,0,0]',0,0,0,'',0,0,'40mm四連装機関砲',0,0,0,2,0,0,0,0,0,0,0,12,'[4,6,21,15]','0'),(541,0,0,0,'[0,0,0,0]',0,0,5,'',0,0,'深海烏賊魚雷',18,0,0,4,0,0,0,0,0,0,0,0,'[2,3,22,5]','0'),(542,0,0,0,'[0,0,0,0]',0,0,0,'',0,0,'深海爆雷投射機',0,0,0,2,0,0,0,0,0,0,7,0,'[7,9,15,17]','0'),(543,0,0,0,'[0,0,0,0]',0,0,0,'',0,0,'深海ソナー',0,0,0,2,0,0,0,0,0,0,9,0,'[7,10,14,18]','0'),(544,0,0,0,'[0,0,0,0]',0,0,0,'',0,0,'深海爆雷投射機 Mk.II',0,0,0,3,0,0,0,0,0,0,13,0,'[7,9,15,17]','0'),(545,0,0,0,'[0,0,0,0]',0,0,0,'',0,0,'深海ソナー Mk.II',0,0,0,3,0,0,0,0,0,0,16,0,'[7,10,14,18]','0'),(546,0,0,10,'[0,0,0,0]',0,0,0,'',0,0,'飛び魚艦爆',0,0,0,3,0,0,0,0,0,0,7,8,'[3,5,7,7]','0'),(547,0,0,0,'[0,0,0,0]',0,0,1,'',0,0,'深海猫艦戦',0,0,0,3,0,0,0,0,0,0,0,10,'[3,5,6,6]','0'),(548,0,0,11,'[0,0,0,0]',0,0,3,'',0,0,'深海地獄艦爆',0,0,0,3,0,3,0,0,0,0,4,0,'[3,5,7,7]','0'),(549,0,0,0,'[0,0,0,0]',0,0,2,'',0,0,'深海復讐艦攻',13,0,0,3,0,5,0,0,0,0,5,4,'[3,5,8,8]','0'),(550,0,0,0,'[0,0,0,0]',2,0,3,'',2,0,'5inch連装両用莢砲',0,0,0,3,0,0,0,0,0,0,0,9,'[1,1,1,16]','0'),(551,0,0,0,'[0,0,0,0]',27,0,3,'',3,0,'20inch連装砲',0,0,0,4,0,0,0,0,0,0,0,4,'[1,1,3,3]','0');

/*Table structure for table `t_slotitem_equiptype` */

DROP TABLE IF EXISTS `t_slotitem_equiptype`;

CREATE TABLE `t_slotitem_equiptype` (
  `ID` int(11) NOT NULL,
  `TYPE` varchar(63) NOT NULL,
  `SHOW_FLAG` tinyint(4) NOT NULL,
  PRIMARY KEY (`ID`)
) ENGINE=InnoDB DEFAULT CHARSET=utf8;

/*Data for the table `t_slotitem_equiptype` */

insert  into `t_slotitem_equiptype`(`ID`,`TYPE`,`SHOW_FLAG`) values (1,'小口径主砲',1),(2,'中口径主砲',1),(3,'大口径主砲',1),(4,'副砲',1),(5,'魚雷',1),(6,'艦上戦闘機',1),(7,'艦上爆撃機',1),(8,'艦上攻撃機',1),(9,'艦上偵察機',1),(10,'水上偵察機',1),(11,'水上爆撃機',1),(12,'小型電探',1),(13,'大型電探',1),(14,'ソナー',1),(15,'爆雷',1),(16,'追加装甲',1),(17,'機関部強化',1),(18,'対空強化弾',1),(19,'対艦強化弾',1),(20,'VT信管',1),(21,'対空機銃',1),(22,'特殊潜航艇',1),(23,'応急修理要員',1),(24,'上陸用舟艇',1),(25,'オートジャイロ',1),(26,'対潜哨戒機',1),(27,'追加装甲(中型)',1),(28,'追加装甲(大型)',1),(29,'探照灯',0),(30,'簡易輸送部材',1),(31,'艦艇修理施設',0),(32,'潜水艦魚雷',1),(33,'照明弾',0),(34,'司令部施設',0),(35,'航空要員',0),(36,'高射装置',0),(37,'対地装備',0),(38,'大口径主砲（II）',0),(39,'水上艦要員',0),(40,'大型ソナー',0);

/*Table structure for table `t_slotitem_graph` */

DROP TABLE IF EXISTS `t_slotitem_graph`;

CREATE TABLE `t_slotitem_graph` (
  `ID` int(11) NOT NULL,
  `SORTNO` smallint(5) unsigned NOT NULL,
  `FILENAME` varchar(255) NOT NULL,
  `VERSION` varchar(255) NOT NULL,
  PRIMARY KEY (`ID`)
) ENGINE=InnoDB DEFAULT CHARSET=utf8;

/*Data for the table `t_slotitem_graph` */

insert  into `t_slotitem_graph`(`ID`,`SORTNO`,`FILENAME`,`VERSION`) values (1,1,'1','1'),(2,2,'2','1'),(3,3,'3','1'),(4,4,'4','1'),(5,5,'5','1'),(6,6,'6','1'),(7,7,'7','1'),(8,8,'8','1'),(9,9,'9','1'),(10,10,'10','1'),(11,11,'11','1'),(12,12,'12','1'),(13,13,'13','1'),(14,14,'14','1'),(15,15,'15','1'),(16,16,'16','1'),(17,17,'17','1'),(18,18,'18','1'),(19,19,'19','1'),(20,20,'20','1'),(21,21,'21','1'),(22,22,'22','1'),(23,23,'23','1'),(24,24,'24','1'),(25,25,'25','1'),(26,26,'26','1'),(27,27,'27','1'),(28,28,'28','1'),(29,29,'29','1'),(30,30,'30','1'),(31,31,'31','1'),(32,32,'32','1'),(33,33,'33','1'),(34,34,'34','1'),(35,35,'35','1'),(36,36,'36','1'),(37,37,'37','1'),(38,38,'38','1'),(39,39,'39','1'),(40,40,'40','1'),(41,41,'41','1'),(42,42,'42','1'),(43,43,'43','1'),(44,44,'44','1'),(45,45,'45','1'),(46,46,'46','1'),(47,47,'47','1'),(48,48,'48','1'),(49,49,'49','1'),(50,50,'50','1'),(51,51,'51','1'),(52,52,'52','1'),(53,53,'53','1'),(54,54,'54','1'),(55,55,'55','1'),(56,56,'56','1'),(57,57,'57','3'),(58,58,'58','1'),(59,59,'59','1'),(60,60,'60','1'),(61,61,'61','1'),(62,62,'62','1'),(63,63,'63','1'),(64,64,'64','2'),(65,65,'65','1'),(66,66,'66','1'),(67,67,'67','1'),(68,68,'68','1'),(69,69,'69','1'),(70,70,'70','1'),(71,71,'71','1'),(72,72,'72','1'),(73,73,'73','1'),(74,74,'74','1'),(75,75,'75','1'),(76,76,'76','1'),(77,77,'77','1'),(78,78,'78','2'),(79,79,'79','1'),(80,80,'80','1'),(81,81,'81','1'),(82,82,'82','1'),(83,83,'83','1'),(84,84,'84','1'),(85,85,'85','1'),(86,86,'86','1'),(87,87,'87','1'),(88,88,'88','1'),(89,89,'89','1'),(90,90,'90','1'),(91,91,'91','1'),(92,92,'92','1'),(93,93,'93','1'),(94,94,'94','1'),(95,95,'95','1'),(96,96,'96','1'),(97,97,'97','1'),(98,98,'98','1'),(99,99,'99','1'),(100,100,'100','1'),(101,101,'101','1'),(102,102,'102','1'),(103,103,'103','1'),(104,104,'104','1'),(105,105,'105','1'),(106,106,'106','1'),(107,107,'107','1'),(108,108,'108','1'),(109,109,'109','1'),(110,110,'110','1'),(111,111,'111','1'),(112,112,'112','1'),(113,113,'113','1'),(114,114,'114','1'),(115,115,'115','1'),(116,116,'116','1'),(117,117,'117','1'),(118,118,'118','1'),(119,119,'119','1'),(120,120,'120','1'),(121,121,'121','1'),(122,122,'122','1'),(123,123,'123','1'),(124,124,'124','1'),(125,125,'125','1'),(126,126,'126','1'),(127,127,'127','1'),(128,128,'128','1'),(129,129,'129','1'),(130,130,'130','1'),(131,131,'131','1'),(132,132,'132','1'),(133,133,'133','1'),(501,0,'501','1'),(502,0,'502','1'),(503,0,'503','1'),(504,0,'504','1'),(505,0,'505','1'),(506,0,'506','1'),(507,0,'507','1'),(508,0,'508','1'),(509,0,'509','1'),(510,0,'510','1'),(511,0,'511','1'),(512,0,'512','1'),(513,0,'513','1'),(514,0,'514','1'),(515,0,'515','1'),(516,0,'516','1'),(517,0,'517','1'),(518,0,'518','1'),(519,0,'519','1'),(520,0,'520','1'),(521,0,'521','1'),(522,0,'522','1'),(523,0,'523','1'),(524,0,'524','1'),(525,0,'525','1'),(526,0,'526','1'),(527,0,'527','1'),(528,0,'528','1'),(529,0,'529','1'),(530,0,'530','1'),(531,0,'531','1'),(532,0,'532','1'),(533,0,'533','1'),(534,0,'534','1'),(535,0,'535','1'),(536,0,'536','1'),(537,0,'537','1'),(538,0,'538','1'),(539,0,'539','1'),(540,0,'540','1'),(541,0,'541','1'),(542,0,'542','1'),(543,0,'543','1'),(544,0,'544','1'),(545,0,'545','1'),(546,0,'546','1'),(547,0,'547','1'),(548,0,'548','1'),(549,0,'549','1'),(550,0,'550','1'),(551,0,'551','1');

/*Table structure for table `t_useitem` */

DROP TABLE IF EXISTS `t_useitem`;

CREATE TABLE `t_useitem` (
  `ID` int(11) unsigned NOT NULL,
  `USETYPE` tinyint(4) unsigned NOT NULL,
  `CATEGORY` smallint(6) unsigned NOT NULL,
  `NAME` varchar(255) NOT NULL,
  `DESCRIPTION` varchar(255) NOT NULL,
  `PRICE` mediumint(9) unsigned NOT NULL,
  PRIMARY KEY (`ID`)
) ENGINE=InnoDB DEFAULT CHARSET=utf8;

/*Data for the table `t_useitem` */

insert  into `t_useitem`(`ID`,`USETYPE`,`CATEGORY`,`NAME`,`DESCRIPTION`,`PRICE`) values (1,1,1,'高速修復材','[\"入渠時間を短縮できる。\",\"\"]',0),(2,2,2,'高速建造材','[\"建造時間を短縮できる。\",\"\"]',0),(3,3,3,'開発資材','[\"建造・開発を行うのに使用する資材。\",\"\"]',0),(4,3,4,'改修資材','[\"装備を改修する為の資材、「改修工廠」で使用します。\",\"\"]',0),(5,4,4,'','[\"\",\"\"]',0),(6,4,4,'','[\"\",\"\"]',0),(7,4,5,'','[\"\",\"\"]',0),(8,4,5,'','[\"\",\"\"]',0),(9,4,5,'','[\"\",\"\"]',0),(10,4,6,'家具箱（小）','[\"開けると、中から少量の家具コインが出現する。\",\"200\"]',0),(11,4,6,'家具箱（中）','[\"開けると、中から中量の家具コインが出現する。\",\"400\"]',0),(12,4,6,'家具箱（大）','[\"開けると、中から大量の家具コインが出現する。\",\"700\"]',0),(13,4,7,'','[\"\",\"\"]',0),(14,4,7,'','[\"\",\"\"]',0),(15,4,8,'','[\"\",\"\"]',0),(16,5,9,'','[\"\",\"\"]',0),(17,5,9,'','[\"\",\"\"]',0),(18,5,10,'','[\"\",\"\"]',0),(19,5,10,'','[\"\",\"\"]',0),(20,5,11,'','[\"\",\"\"]',0),(21,5,11,'','[\"\",\"\"]',0),(22,5,11,'','[\"\",\"\"]',0),(23,5,12,'','[\"\",\"\"]',0),(24,5,12,'','[\"\",\"\"]',0),(25,5,13,'','[\"\",\"\"]',0),(26,5,13,'','[\"\",\"\"]',0),(27,5,14,'','[\"\",\"\"]',0),(28,5,15,'','[\"\",\"\"]',0),(29,5,15,'','[\"\",\"\"]',0),(30,5,15,'','[\"\",\"\"]',0),(31,6,16,'燃料','[\"\",\"\"]',0),(32,6,17,'弾薬','[\"\",\"\"]',0),(33,6,18,'鋼材','[\"\",\"\"]',0),(34,6,19,'ボーキサイト','[\"\",\"\"]',0),(35,7,20,'','[\"\",\"\"]',0),(36,7,20,'','[\"\",\"\"]',0),(37,7,20,'','[\"\",\"\"]',0),(38,7,20,'','[\"\",\"\"]',0),(39,7,20,'','[\"\",\"\"]',0),(40,7,20,'','[\"\",\"\"]',0),(41,7,20,'','[\"\",\"\"]',0),(42,7,20,'','[\"\",\"\"]',0),(43,7,20,'','[\"\",\"\"]',0),(44,6,21,'家具コイン','[\"\",\"\"]',0),(45,6,16,'','[\"\",\"\"]',0),(46,6,17,'','[\"\",\"\"]',0),(47,6,18,'','[\"\",\"\"]',0),(48,6,19,'','[\"\",\"\"]',0),(49,0,0,'ドック開放キー','[\"入渠ドックまたは工廠ドックを１個開放できるキー。\",\"\"]',0),(50,0,0,'応急修理要員','[\"艦のスロットに装備する。装備した艦は1度だけ撃沈を回避できる。\",\"\"]',0),(51,0,0,'応急修理女神','[\"応急修理要員がパワーアップ！撃沈回避時に出撃能力が全回復。\",\"\"]',0),(52,0,0,'特注家具職人','[\"特注家具を製作する職人さん。家具屋さんで使用する。\",\"\"]',0),(53,0,0,'母港拡張','[\"最大保有艦娘数＋10(最大240)。最大保有アイテム数＋40(最大1060)。\",\"\"]',0),(54,0,0,'給糧艦「間宮」','[\"艦隊全体の疲労度を回復する給糧艦。編成で使用可能。\",\"\"]',0),(55,0,0,'書類一式＆指輪','[\"ケッコンカッコカリに必要な書類一式と指輪。改装で使用する。\",\"\"]',0),(56,4,0,'艦娘からのチョコ','[\"艦娘から贈られたチョコ。クリックして資源にするのもよし、保存しておくのもよし。\",\"\"]',0),(57,4,0,'勲章','[\"暁の水平線に勝利を刻んだ提督に贈られる「証」。資源や改修資材、または複数集めて改装設計図と交換することも可能です。\",\"\"]',0),(58,0,0,'改装設計図','[\"艦娘の「特別な改造」に使用する設計図。\",\"\"]',0),(59,0,0,'給糧艦「伊良湖」','[\"艦娘たちの士気を高揚させる新型給糧艦。編成で使用可能。\",\"\"]',0),(60,4,0,'プレゼント箱','[\"特別な時期だけ発見が可能となる丁寧に包装された「プレゼント箱」。開封時に希望の中味を選択することが可能です。\",\"\"]',0),(61,4,0,'甲種勲章','[\"難易度の高い作戦を、精鋭の艦娘たちと共に攻略した提督のみに贈られる勝利の証。それが、「甲種勲章」。資材等に交換することも可能です。\",\"\"]',0),(62,4,0,'菱餅','[\"桃の節句の時期だけ発見が可能となる美味しい「菱餅」です。展開時に希望の中味を選択することが可能です。\",\"\"]',0),(63,4,0,'司令部要員','[\"「任務」同時受託可能数を拡張することができる司令部要員です。使用すると、同時受託可能任務数が＋１拡張されます。\",\"\"]',0);

/* Trigger structure for table `t_member` */

DELIMITER $$

/*!50003 DROP TRIGGER*//*!50032 IF EXISTS */ /*!50003 `tri_after_newmember` */$$

/*!50003 CREATE */ /*!50017 DEFINER = 'root'@'localhost' */ /*!50003 TRIGGER `tri_after_newmember` AFTER INSERT ON `t_member` FOR EACH ROW BEGIN
	SET UNIQUE_CHECKS=0;
	replace INTO t_member_deckport (member_id, ID, NAME, locked, SHIP) VALUES 
	(new.member_id, 1, '第1艦隊', 0, '[1,-1,-1,-1,-1,-1]'),
	(new.member_id, 2, '第2艦隊', 1, '[-1,-1,-1,-1,-1,-1]'),
	(new.member_id, 3, '第3艦隊', 1, '[-1,-1,-1,-1,-1,-1]'),
	(new.member_id, 4, '第4艦隊', 1, '[-1,-1,-1,-1,-1,-1]');
	
	replace into t_member_kdock (member_id, ID, STATE) values 
	(new.member_id, 1, 0),
	(new.member_id, 2, 0),
	(new.member_id, 3, -1),
	(new.member_id, 4, -1);
	
	replace into t_member_ndock (member_id, ID, STATE) VALUES 
	(new.member_id, 1, 0),
	(new.member_id, 2, 0),
	(new.member_id, 3, -1),
	(new.member_id, 4, -1);
	
	REPLACE INTO t_member_useitem (member_id, ID, COUNT) values 
	(new.member_id, 10, 0),
	(new.member_id, 11, 0),
	(new.member_id, 12, 0),
	(new.member_id, 50, 0),
	(new.member_id, 51, 0),
	(new.member_id, 52, 0),
	(new.member_id, 54, 0),
	(new.member_id, 55, 0),
	(new.member_id, 56, 0),
	(new.member_id, 57, 0),
	(new.member_id, 58, 0),
	(new.member_id, 59, 0),
	(new.member_id, 60, 0),
	(new.member_id, 61, 0),
	(new.member_id, 62, 0),
	(new.member_id, 63, 0);
	
	SET UNIQUE_CHECKS=1;
    END */$$


DELIMITER ;

/* Trigger structure for table `t_member_ship` */

DELIMITER $$

/*!50003 DROP TRIGGER*//*!50032 IF EXISTS */ /*!50003 `tri_on_getship` */$$

/*!50003 CREATE */ /*!50017 DEFINER = 'root'@'localhost' */ /*!50003 TRIGGER `tri_on_getship` BEFORE INSERT ON `t_member_ship` FOR EACH ROW BEGIN
	DECLARE now_id BIGINT;
	SET now_id = (SELECT MAX(ID) FROM t_member_ship WHERE member_id = new.member_id);
	SET new.ID = now_id + 1;
    END */$$


DELIMITER ;

/* Trigger structure for table `t_member_ship` */

DELIMITER $$

/*!50003 DROP TRIGGER*//*!50032 IF EXISTS */ /*!50003 `tri_before_destroyship` */$$

/*!50003 CREATE */ /*!50017 DEFINER = 'root'@'localhost' */ /*!50003 TRIGGER `tri_before_destroyship` BEFORE DELETE ON `t_member_ship` FOR EACH ROW BEGIN
	update t_member_deckport set SHIP = replace(SHIP,old.ID,'-1') where member_id = old.member_id;
    END */$$


DELIMITER ;

/* Trigger structure for table `t_member_slotitem` */

DELIMITER $$

/*!50003 DROP TRIGGER*//*!50032 IF EXISTS */ /*!50003 `tri_on_getslotitem` */$$

/*!50003 CREATE */ /*!50017 DEFINER = 'root'@'localhost' */ /*!50003 TRIGGER `tri_on_getslotitem` BEFORE INSERT ON `t_member_slotitem` FOR EACH ROW BEGIN
	DECLARE now_id bigINT;
	SET now_id = (SELECT max(ID) FROM t_member_slotitem WHERE member_id = new.member_id);
	SET new.ID = now_id + 1;
    END */$$


DELIMITER ;

/*Table structure for table `v_member_deckport` */

DROP TABLE IF EXISTS `v_member_deckport`;

/*!50001 DROP VIEW IF EXISTS `v_member_deckport` */;
/*!50001 DROP TABLE IF EXISTS `v_member_deckport` */;

/*!50001 CREATE TABLE  `v_member_deckport`(
 `member_id` bigint(20) unsigned ,
 `ID` tinyint(3) unsigned ,
 `NAME` varchar(255) ,
 `NAME_ID` varchar(255) ,
 `MISSION_STATUS` tinyint(4) unsigned ,
 `MISSION_ID` int(11) unsigned ,
 `MISSION_COMPLETE_TIME` bigint(20) unsigned ,
 `MISSION_FLAG` tinyint(4) unsigned ,
 `FLAGSHIP` varchar(255) ,
 `SHIP` varchar(255) ,
 `locked` tinyint(3) unsigned 
)*/;

/*Table structure for table `v_member_furniture` */

DROP TABLE IF EXISTS `v_member_furniture`;

/*!50001 DROP VIEW IF EXISTS `v_member_furniture` */;
/*!50001 DROP TABLE IF EXISTS `v_member_furniture` */;

/*!50001 CREATE TABLE  `v_member_furniture`(
 `member_id` bigint(20) unsigned ,
 `furniture_type` smallint(3) unsigned ,
 `furniture_no` smallint(3) unsigned ,
 `furniture_id` int(10) unsigned 
)*/;

/*Table structure for table `v_member_kdock` */

DROP TABLE IF EXISTS `v_member_kdock`;

/*!50001 DROP VIEW IF EXISTS `v_member_kdock` */;
/*!50001 DROP TABLE IF EXISTS `v_member_kdock` */;

/*!50001 CREATE TABLE  `v_member_kdock`(
 `member_id` bigint(20) unsigned ,
 `ID` tinyint(3) unsigned ,
 `STATE` tinyint(3) ,
 `CREATED_SHIP_ID` int(10) unsigned ,
 `COMPLETE_TIME` bigint(20) unsigned ,
 `COMPLETE_TIME_STR` varchar(255) ,
 `ITEM1` mediumint(8) unsigned ,
 `ITEM2` mediumint(8) unsigned ,
 `ITEM3` mediumint(8) unsigned ,
 `ITEM4` mediumint(8) unsigned ,
 `ITEM5` tinyint(3) unsigned 
)*/;

/*Table structure for table `v_member_mission` */

DROP TABLE IF EXISTS `v_member_mission`;

/*!50001 DROP VIEW IF EXISTS `v_member_mission` */;
/*!50001 DROP TABLE IF EXISTS `v_member_mission` */;

/*!50001 CREATE TABLE  `v_member_mission`(
 `member_id` bigint(20) unsigned ,
 `mission_id` int(10) unsigned ,
 `state` tinyint(4) 
)*/;

/*Table structure for table `v_member_ndock` */

DROP TABLE IF EXISTS `v_member_ndock`;

/*!50001 DROP VIEW IF EXISTS `v_member_ndock` */;
/*!50001 DROP TABLE IF EXISTS `v_member_ndock` */;

/*!50001 CREATE TABLE  `v_member_ndock`(
 `member_id` bigint(20) unsigned ,
 `ID` tinyint(3) unsigned ,
 `STATE` tinyint(3) ,
 `SHIP_ID` int(11) unsigned ,
 `COMPLETE_TIME` bigint(20) unsigned ,
 `COMPLETE_TIME_STR` varchar(255) ,
 `ITEM1` mediumint(9) unsigned ,
 `ITEM2` mediumint(9) unsigned ,
 `ITEM3` mediumint(9) unsigned ,
 `ITEM4` mediumint(9) unsigned 
)*/;

/*Table structure for table `v_member_ship` */

DROP TABLE IF EXISTS `v_member_ship`;

/*!50001 DROP VIEW IF EXISTS `v_member_ship` */;
/*!50001 DROP TABLE IF EXISTS `v_member_ship` */;

/*!50001 CREATE TABLE  `v_member_ship`(
 `member_id` bigint(20) unsigned ,
 `ID` int(11) unsigned ,
 `BACKS` int(11) ,
 `BULL` int(11) ,
 `COND` int(11) ,
 `EXP` longtext ,
 `FUEL` int(11) ,
 `KAIHI` longtext ,
 `KARYOKU` longtext ,
 `KYOUKA` longtext ,
 `LENG` int(11) ,
 `LOCKED` int(11) ,
 `LOCKED_EQUIP` tinyint(3) unsigned ,
 `LUCKY` longtext ,
 `LV` int(11) ,
 `MAXHP` int(11) ,
 `NDOCK_ITEM` longtext ,
 `NDOCK_TIME` int(11) ,
 `NOWHP` int(11) ,
 `ONSLOT` longtext ,
 `RAISOU` longtext ,
 `SAKUTEKI` longtext ,
 `SHIP_ID` int(11) unsigned ,
 `SLOT` longtext ,
 `SLOTNUM` int(11) ,
 `SORTNO` int(11) ,
 `SOUKOU` longtext ,
 `SRATE` int(11) ,
 `TAIKU` longtext ,
 `TAISEN` longtext 
)*/;

/*Table structure for table `v_member_slotitem` */

DROP TABLE IF EXISTS `v_member_slotitem`;

/*!50001 DROP VIEW IF EXISTS `v_member_slotitem` */;
/*!50001 DROP TABLE IF EXISTS `v_member_slotitem` */;

/*!50001 CREATE TABLE  `v_member_slotitem`(
 `member_id` bigint(20) unsigned ,
 `ID` bigint(20) unsigned ,
 `LEVEL` tinyint(3) unsigned ,
 `LOCKED` tinyint(3) unsigned ,
 `SLOTITEM_ID` int(11) unsigned 
)*/;

/*Table structure for table `v_member_useitem` */

DROP TABLE IF EXISTS `v_member_useitem`;

/*!50001 DROP VIEW IF EXISTS `v_member_useitem` */;
/*!50001 DROP TABLE IF EXISTS `v_member_useitem` */;

/*!50001 CREATE TABLE  `v_member_useitem`(
 `member_id` bigint(20) unsigned ,
 `ID` int(10) unsigned ,
 `USETYPE` tinyint(4) unsigned ,
 `CATEGORY` smallint(6) unsigned ,
 `NAME` varchar(255) ,
 `DESCRIPTION` varchar(7) ,
 `PRICE` mediumint(9) unsigned ,
 `COUNT` int(10) 
)*/;

/*View structure for view v_member_deckport */

/*!50001 DROP TABLE IF EXISTS `v_member_deckport` */;
/*!50001 DROP VIEW IF EXISTS `v_member_deckport` */;

/*!50001 CREATE ALGORITHM=UNDEFINED DEFINER=`root`@`localhost` SQL SECURITY DEFINER VIEW `v_member_deckport` AS select `t_member_deckport`.`member_id` AS `member_id`,`t_member_deckport`.`ID` AS `ID`,`t_member_deckport`.`NAME` AS `NAME`,`t_member_deckport`.`NAME_ID` AS `NAME_ID`,`t_member_deckport`.`MISSION_STATUS` AS `MISSION_STATUS`,`t_member_deckport`.`MISSION_ID` AS `MISSION_ID`,`t_member_deckport`.`MISSION_COMPLETE_TIME` AS `MISSION_COMPLETE_TIME`,`t_member_deckport`.`MISSION_FLAG` AS `MISSION_FLAG`,`t_member_deckport`.`FLAGSHIP` AS `FLAGSHIP`,`t_member_deckport`.`SHIP` AS `SHIP`,`t_member_deckport`.`locked` AS `locked` from `t_member_deckport` where (`t_member_deckport`.`locked` = 0) */;

/*View structure for view v_member_furniture */

/*!50001 DROP TABLE IF EXISTS `v_member_furniture` */;
/*!50001 DROP VIEW IF EXISTS `v_member_furniture` */;

/*!50001 CREATE ALGORITHM=UNDEFINED DEFINER=`root`@`localhost` SQL SECURITY DEFINER VIEW `v_member_furniture` AS select `t_member_furniture`.`member_id` AS `member_id`,`t_furniture`.`TYPE` AS `furniture_type`,`t_furniture`.`NO` AS `furniture_no`,`t_furniture`.`ID` AS `furniture_id` from (`t_furniture` join `t_member_furniture` on((`t_member_furniture`.`furniture_id` = `t_furniture`.`ID`))) order by `t_member_furniture`.`member_id`,`t_furniture`.`ID` */;

/*View structure for view v_member_kdock */

/*!50001 DROP TABLE IF EXISTS `v_member_kdock` */;
/*!50001 DROP VIEW IF EXISTS `v_member_kdock` */;

/*!50001 CREATE ALGORITHM=UNDEFINED DEFINER=`root`@`localhost` SQL SECURITY DEFINER VIEW `v_member_kdock` AS select `t_member_kdock`.`member_id` AS `member_id`,`t_member_kdock`.`ID` AS `ID`,`t_member_kdock`.`STATE` AS `STATE`,`t_member_kdock`.`CREATED_SHIP_ID` AS `CREATED_SHIP_ID`,`t_member_kdock`.`COMPLETE_TIME` AS `COMPLETE_TIME`,`t_member_kdock`.`COMPLETE_TIME_STR` AS `COMPLETE_TIME_STR`,`t_member_kdock`.`ITEM1` AS `ITEM1`,`t_member_kdock`.`ITEM2` AS `ITEM2`,`t_member_kdock`.`ITEM3` AS `ITEM3`,`t_member_kdock`.`ITEM4` AS `ITEM4`,`t_member_kdock`.`ITEM5` AS `ITEM5` from `t_member_kdock` where (`t_member_kdock`.`STATE` > -(1)) order by `t_member_kdock`.`member_id`,`t_member_kdock`.`ID` */;

/*View structure for view v_member_mission */

/*!50001 DROP TABLE IF EXISTS `v_member_mission` */;
/*!50001 DROP VIEW IF EXISTS `v_member_mission` */;

/*!50001 CREATE ALGORITHM=UNDEFINED DEFINER=`root`@`localhost` SQL SECURITY DEFINER VIEW `v_member_mission` AS select `t_member_mission`.`member_id` AS `member_id`,`t_member_mission`.`mission_id` AS `mission_id`,`t_member_mission`.`state` AS `state` from `t_member_mission` where (`t_member_mission`.`state` > 0) */;

/*View structure for view v_member_ndock */

/*!50001 DROP TABLE IF EXISTS `v_member_ndock` */;
/*!50001 DROP VIEW IF EXISTS `v_member_ndock` */;

/*!50001 CREATE ALGORITHM=UNDEFINED DEFINER=`root`@`localhost` SQL SECURITY DEFINER VIEW `v_member_ndock` AS select `t_member_ndock`.`member_id` AS `member_id`,`t_member_ndock`.`ID` AS `ID`,`t_member_ndock`.`STATE` AS `STATE`,`t_member_ndock`.`SHIP_ID` AS `SHIP_ID`,`t_member_ndock`.`COMPLETE_TIME` AS `COMPLETE_TIME`,`t_member_ndock`.`COMPLETE_TIME_STR` AS `COMPLETE_TIME_STR`,`t_member_ndock`.`ITEM1` AS `ITEM1`,`t_member_ndock`.`ITEM2` AS `ITEM2`,`t_member_ndock`.`ITEM3` AS `ITEM3`,`t_member_ndock`.`ITEM4` AS `ITEM4` from `t_member_ndock` where (`t_member_ndock`.`STATE` > -(1)) order by `t_member_ndock`.`member_id`,`t_member_ndock`.`ID` */;

/*View structure for view v_member_ship */

/*!50001 DROP TABLE IF EXISTS `v_member_ship` */;
/*!50001 DROP VIEW IF EXISTS `v_member_ship` */;

/*!50001 CREATE ALGORITHM=UNDEFINED DEFINER=`root`@`localhost` SQL SECURITY DEFINER VIEW `v_member_ship` AS select `t_member_ship`.`member_id` AS `member_id`,`t_member_ship`.`ID` AS `ID`,`t_member_ship`.`BACKS` AS `BACKS`,`t_member_ship`.`BULL` AS `BULL`,`t_member_ship`.`COND` AS `COND`,`t_member_ship`.`EXP` AS `EXP`,`t_member_ship`.`FUEL` AS `FUEL`,`t_member_ship`.`KAIHI` AS `KAIHI`,`t_member_ship`.`KARYOKU` AS `KARYOKU`,`t_member_ship`.`KYOUKA` AS `KYOUKA`,`t_member_ship`.`LENG` AS `LENG`,`t_member_ship`.`LOCKED` AS `LOCKED`,`t_member_ship`.`LOCKED_EQUIP` AS `LOCKED_EQUIP`,`t_member_ship`.`LUCKY` AS `LUCKY`,`t_member_ship`.`LV` AS `LV`,`t_member_ship`.`MAXHP` AS `MAXHP`,`t_member_ship`.`NDOCK_ITEM` AS `NDOCK_ITEM`,`t_member_ship`.`NDOCK_TIME` AS `NDOCK_TIME`,`t_member_ship`.`NOWHP` AS `NOWHP`,`t_member_ship`.`ONSLOT` AS `ONSLOT`,`t_member_ship`.`RAISOU` AS `RAISOU`,`t_member_ship`.`SAKUTEKI` AS `SAKUTEKI`,`t_member_ship`.`SHIP_ID` AS `SHIP_ID`,`t_member_ship`.`SLOT` AS `SLOT`,`t_member_ship`.`SLOTNUM` AS `SLOTNUM`,`t_member_ship`.`SORTNO` AS `SORTNO`,`t_member_ship`.`SOUKOU` AS `SOUKOU`,`t_member_ship`.`SRATE` AS `SRATE`,`t_member_ship`.`TAIKU` AS `TAIKU`,`t_member_ship`.`TAISEN` AS `TAISEN` from `t_member_ship` where (`t_member_ship`.`DELETED` = 0) order by `t_member_ship`.`member_id`,`t_member_ship`.`ID` */;

/*View structure for view v_member_slotitem */

/*!50001 DROP TABLE IF EXISTS `v_member_slotitem` */;
/*!50001 DROP VIEW IF EXISTS `v_member_slotitem` */;

/*!50001 CREATE ALGORITHM=UNDEFINED DEFINER=`root`@`localhost` SQL SECURITY DEFINER VIEW `v_member_slotitem` AS select `t_member_slotitem`.`member_id` AS `member_id`,`t_member_slotitem`.`ID` AS `ID`,`t_member_slotitem`.`LEVEL` AS `LEVEL`,`t_member_slotitem`.`LOCKED` AS `LOCKED`,`t_member_slotitem`.`SLOTITEM_ID` AS `SLOTITEM_ID` from `t_member_slotitem` where (`t_member_slotitem`.`DELETED` = 0) order by `t_member_slotitem`.`member_id`,`t_member_slotitem`.`ID` */;

/*View structure for view v_member_useitem */

/*!50001 DROP TABLE IF EXISTS `v_member_useitem` */;
/*!50001 DROP VIEW IF EXISTS `v_member_useitem` */;

/*!50001 CREATE ALGORITHM=UNDEFINED DEFINER=`root`@`localhost` SQL SECURITY DEFINER VIEW `v_member_useitem` AS select `t_member_useitem`.`member_id` AS `member_id`,`t_member_useitem`.`ID` AS `ID`,`t_useitem`.`USETYPE` AS `USETYPE`,`t_useitem`.`CATEGORY` AS `CATEGORY`,`t_useitem`.`NAME` AS `NAME`,'["",""]' AS `DESCRIPTION`,`t_useitem`.`PRICE` AS `PRICE`,`t_member_useitem`.`COUNT` AS `COUNT` from (`t_member_useitem` join `t_useitem` on((`t_member_useitem`.`ID` = `t_useitem`.`ID`))) where (`t_member_useitem`.`COUNT` > 0) order by `t_member_useitem`.`member_id`,`t_member_useitem`.`ID` */;

/*!40101 SET SQL_MODE=@OLD_SQL_MODE */;
/*!40014 SET FOREIGN_KEY_CHECKS=@OLD_FOREIGN_KEY_CHECKS */;
/*!40014 SET UNIQUE_CHECKS=@OLD_UNIQUE_CHECKS */;
/*!40111 SET SQL_NOTES=@OLD_SQL_NOTES */;
